L,feature_dim,feature_kind,kind,macro_f1,model,run_dir,seed,speaker_count,summary_path,test_count,top1_accuracy,top5_accuracy
1,1024,codes_hist,probe,0.3277198006046866,base,H:\H-CODE\speechtokenizer\output\experiments\exp22_speaker_probe_vctk110_20260708_seed41,41,110,H:\H-CODE\speechtokenizer\output\experiments\exp22_speaker_probe_vctk110_20260708_seed41\metrics\speaker_probe_summary.csv,550,0.3490909090909091,0.6927272727272727
2,2048,codes_hist,probe,0.5052037085721295,base,H:\H-CODE\speechtokenizer\output\experiments\exp22_speaker_probe_vctk110_20260708_seed41,41,110,H:\H-CODE\speechtokenizer\output\experiments\exp22_speaker_probe_vctk110_20260708_seed41\metrics\speaker_probe_summary.csv,550,0.52,0.8218181818181818
3,3072,codes_hist,probe,0.4944908285416306,base,H:\H-CODE\speechtokenizer\output\experiments\exp22_speaker_probe_vctk110_20260708_seed41,41,110,H:\H-CODE\speechtokenizer\output\experiments\exp22_speaker_probe_vctk110_20260708_seed41\metrics\speaker_probe_summary.csv,550,0.5163636363636364,0.8290909090909091
1,2048,latent_stats,probe,0.35059627241445424,base,H:\H-CODE\speechtokenizer\output\experiments\exp22_speaker_probe_vctk110_20260708_seed41,41,110,H:\H-CODE\speechtokenizer\output\experiments\exp22_speaker_probe_vctk110_20260708_seed41\metrics\speaker_probe_summary.csv,550,0.3654545454545455,0.7090909090909091
2,4096,latent_stats,probe,0.5380202996646847,base,H:\H-CODE\speechtokenizer\output\experiments\exp22_speaker_probe_vctk110_20260708_seed41,41,110,H:\H-CODE\speechtokenizer\output\experiments\exp22_speaker_probe_vctk110_20260708_seed41\metrics\speaker_probe_summary.csv,550,0.5527272727272727,0.8327272727272728
3,6144,latent_stats,probe,0.546598806250509,base,H:\H-CODE\speechtokenizer\output\experiments\exp22_speaker_probe_vctk110_20260708_seed41,41,110,H:\H-CODE\speechtokenizer\output\experiments\exp22_speaker_probe_vctk110_20260708_seed41\metrics\speaker_probe_summary.csv,550,0.5636363636363636,0.7963636363636364
1,1024,codes_hist,probe,0.29501482102973803,lca,H:\H-CODE\speechtokenizer\output\experiments\exp22_speaker_probe_vctk110_20260708_seed41,41,110,H:\H-CODE\speechtokenizer\output\experiments\exp22_speaker_probe_vctk110_20260708_seed41\metrics\speaker_probe_summary.csv,550,0.31636363636363635,0.6509090909090909
2,2048,codes_hist,probe,0.45140207237800817,lca,H:\H-CODE\speechtokenizer\output\experiments\exp22_speaker_probe_vctk110_20260708_seed41,41,110,H:\H-CODE\speechtokenizer\output\experiments\exp22_speaker_probe_vctk110_20260708_seed41\metrics\speaker_probe_summary.csv,550,0.4672727272727273,0.7909090909090909
3,3072,codes_hist,probe,0.5132137165193431,lca,H:\H-CODE\speechtokenizer\output\experiments\exp22_speaker_probe_vctk110_20260708_seed41,41,110,H:\H-CODE\speechtokenizer\output\experiments\exp22_speaker_probe_vctk110_20260708_seed41\metrics\speaker_probe_summary.csv,550,0.5309090909090909,0.8236363636363636
1,2048,latent_stats,probe,0.3146801497279966,lca,H:\H-CODE\speechtokenizer\output\experiments\exp22_speaker_probe_vctk110_20260708_seed41,41,110,H:\H-CODE\speechtokenizer\output\experiments\exp22_speaker_probe_vctk110_20260708_seed41\metrics\speaker_probe_summary.csv,550,0.3327272727272727,0.6581818181818182
2,4096,latent_stats,probe,0.5262532669350851,lca,H:\H-CODE\speechtokenizer\output\experiments\exp22_speaker_probe_vctk110_20260708_seed41,41,110,H:\H-CODE\speechtokenizer\output\experiments\exp22_speaker_probe_vctk110_20260708_seed41\metrics\speaker_probe_summary.csv,550,0.5363636363636364,0.8181818181818182
3,6144,latent_stats,probe,0.5349198781016963,lca,H:\H-CODE\speechtokenizer\output\experiments\exp22_speaker_probe_vctk110_20260708_seed41,41,110,H:\H-CODE\speechtokenizer\output\experiments\exp22_speaker_probe_vctk110_20260708_seed41\metrics\speaker_probe_summary.csv,550,0.5436363636363636,0.7927272727272727
1,1024,codes_hist,probe,0.3192699264490709,base,H:\H-CODE\speechtokenizer\output\experiments\exp22_speaker_probe_vctk110_20260708_seed42,42,110,H:\H-CODE\speechtokenizer\output\experiments\exp22_speaker_probe_vctk110_20260708_seed42\metrics\speaker_probe_summary.csv,550,0.33454545454545453,0.6636363636363637
2,2048,codes_hist,probe,0.45490573894317204,base,H:\H-CODE\speechtokenizer\output\experiments\exp22_speaker_probe_vctk110_20260708_seed42,42,110,H:\H-CODE\speechtokenizer\output\experiments\exp22_speaker_probe_vctk110_20260708_seed42\metrics\speaker_probe_summary.csv,550,0.48,0.8109090909090909
3,3072,codes_hist,probe,0.4945465963548968,base,H:\H-CODE\speechtokenizer\output\experiments\exp22_speaker_probe_vctk110_20260708_seed42,42,110,H:\H-CODE\speechtokenizer\output\experiments\exp22_speaker_probe_vctk110_20260708_seed42\metrics\speaker_probe_summary.csv,550,0.5109090909090909,0.8218181818181818
1,2048,latent_stats,probe,0.3397638007925089,base,H:\H-CODE\speechtokenizer\output\experiments\exp22_speaker_probe_vctk110_20260708_seed42,42,110,H:\H-CODE\speechtokenizer\output\experiments\exp22_speaker_probe_vctk110_20260708_seed42\metrics\speaker_probe_summary.csv,550,0.3563636363636364,0.6636363636363637
2,4096,latent_stats,probe,0.549565952388919,base,H:\H-CODE\speechtokenizer\output\experiments\exp22_speaker_probe_vctk110_20260708_seed42,42,110,H:\H-CODE\speechtokenizer\output\experiments\exp22_speaker_probe_vctk110_20260708_seed42\metrics\speaker_probe_summary.csv,550,0.5672727272727273,0.82
3,6144,latent_stats,probe,0.5902126779934267,base,H:\H-CODE\speechtokenizer\output\experiments\exp22_speaker_probe_vctk110_20260708_seed42,42,110,H:\H-CODE\speechtokenizer\output\experiments\exp22_speaker_probe_vctk110_20260708_seed42\metrics\speaker_probe_summary.csv,550,0.6018181818181818,0.8418181818181818
1,1024,codes_hist,probe,0.32209161675176307,lca,H:\H-CODE\speechtokenizer\output\experiments\exp22_speaker_probe_vctk110_20260708_seed42,42,110,H:\H-CODE\speechtokenizer\output\experiments\exp22_speaker_probe_vctk110_20260708_seed42\metrics\speaker_probe_summary.csv,550,0.3381818181818182,0.6436363636363637
2,2048,codes_hist,probe,0.4167136483305917,lca,H:\H-CODE\speechtokenizer\output\experiments\exp22_speaker_probe_vctk110_20260708_seed42,42,110,H:\H-CODE\speechtokenizer\output\experiments\exp22_speaker_probe_vctk110_20260708_seed42\metrics\speaker_probe_summary.csv,550,0.44,0.7727272727272727
3,3072,codes_hist,probe,0.4978635831598117,lca,H:\H-CODE\speechtokenizer\output\experiments\exp22_speaker_probe_vctk110_20260708_seed42,42,110,H:\H-CODE\speechtokenizer\output\experiments\exp22_speaker_probe_vctk110_20260708_seed42\metrics\speaker_probe_summary.csv,550,0.5290909090909091,0.8090909090909091
1,2048,latent_stats,probe,0.3337649442061207,lca,H:\H-CODE\speechtokenizer\output\experiments\exp22_speaker_probe_vctk110_20260708_seed42,42,110,H:\H-CODE\speechtokenizer\output\experiments\exp22_speaker_probe_vctk110_20260708_seed42\metrics\speaker_probe_summary.csv,550,0.3509090909090909,0.6363636363636364
2,4096,latent_stats,probe,0.5286758814566301,lca,H:\H-CODE\speechtokenizer\output\experiments\exp22_speaker_probe_vctk110_20260708_seed42,42,110,H:\H-CODE\speechtokenizer\output\experiments\exp22_speaker_probe_vctk110_20260708_seed42\metrics\speaker_probe_summary.csv,550,0.5436363636363636,0.8
3,6144,latent_stats,probe,0.5788326320144501,lca,H:\H-CODE\speechtokenizer\output\experiments\exp22_speaker_probe_vctk110_20260708_seed42,42,110,H:\H-CODE\speechtokenizer\output\experiments\exp22_speaker_probe_vctk110_20260708_seed42\metrics\speaker_probe_summary.csv,550,0.5890909090909091,0.8290909090909091
1,1024,codes_hist,probe,0.3274497954120807,base,H:\H-CODE\speechtokenizer\output\experiments\exp22_speaker_probe_vctk110_20260708_seed43,43,110,H:\H-CODE\speechtokenizer\output\experiments\exp22_speaker_probe_vctk110_20260708_seed43\metrics\speaker_probe_summary.csv,550,0.3490909090909091,0.6636363636363637
2,2048,codes_hist,probe,0.44857518736072066,base,H:\H-CODE\speechtokenizer\output\experiments\exp22_speaker_probe_vctk110_20260708_seed43,43,110,H:\H-CODE\speechtokenizer\output\experiments\exp22_speaker_probe_vctk110_20260708_seed43\metrics\speaker_probe_summary.csv,550,0.4672727272727273,0.7945454545454546
3,3072,codes_hist,probe,0.48889447192864993,base,H:\H-CODE\speechtokenizer\output\experiments\exp22_speaker_probe_vctk110_20260708_seed43,43,110,H:\H-CODE\speechtokenizer\output\experiments\exp22_speaker_probe_vctk110_20260708_seed43\metrics\speaker_probe_summary.csv,550,0.5018181818181818,0.8109090909090909
1,2048,latent_stats,probe,0.37648296593483754,base,H:\H-CODE\speechtokenizer\output\experiments\exp22_speaker_probe_vctk110_20260708_seed43,43,110,H:\H-CODE\speechtokenizer\output\experiments\exp22_speaker_probe_vctk110_20260708_seed43\metrics\speaker_probe_summary.csv,550,0.3927272727272727,0.6927272727272727
2,4096,latent_stats,probe,0.5395496215014931,base,H:\H-CODE\speechtokenizer\output\experiments\exp22_speaker_probe_vctk110_20260708_seed43,43,110,H:\H-CODE\speechtokenizer\output\experiments\exp22_speaker_probe_vctk110_20260708_seed43\metrics\speaker_probe_summary.csv,550,0.5527272727272727,0.8236363636363636
3,6144,latent_stats,probe,0.5670298685271946,base,H:\H-CODE\speechtokenizer\output\experiments\exp22_speaker_probe_vctk110_20260708_seed43,43,110,H:\H-CODE\speechtokenizer\output\experiments\exp22_speaker_probe_vctk110_20260708_seed43\metrics\speaker_probe_summary.csv,550,0.5763636363636364,0.8436363636363636
1,1024,codes_hist,probe,0.29533948999682186,lca,H:\H-CODE\speechtokenizer\output\experiments\exp22_speaker_probe_vctk110_20260708_seed43,43,110,H:\H-CODE\speechtokenizer\output\experiments\exp22_speaker_probe_vctk110_20260708_seed43\metrics\speaker_probe_summary.csv,550,0.32181818181818184,0.6436363636363637
2,2048,codes_hist,probe,0.4219428803519712,lca,H:\H-CODE\speechtokenizer\output\experiments\exp22_speaker_probe_vctk110_20260708_seed43,43,110,H:\H-CODE\speechtokenizer\output\experiments\exp22_speaker_probe_vctk110_20260708_seed43\metrics\speaker_probe_summary.csv,550,0.44545454545454544,0.7854545454545454
3,3072,codes_hist,probe,0.44986262103909164,lca,H:\H-CODE\speechtokenizer\output\experiments\exp22_speaker_probe_vctk110_20260708_seed43,43,110,H:\H-CODE\speechtokenizer\output\experiments\exp22_speaker_probe_vctk110_20260708_seed43\metrics\speaker_probe_summary.csv,550,0.4709090909090909,0.7890909090909091
1,2048,latent_stats,probe,0.3254740595114927,lca,H:\H-CODE\speechtokenizer\output\experiments\exp22_speaker_probe_vctk110_20260708_seed43,43,110,H:\H-CODE\speechtokenizer\output\experiments\exp22_speaker_probe_vctk110_20260708_seed43\metrics\speaker_probe_summary.csv,550,0.3381818181818182,0.6418181818181818
2,4096,latent_stats,probe,0.4839989024797637,lca,H:\H-CODE\speechtokenizer\output\experiments\exp22_speaker_probe_vctk110_20260708_seed43,43,110,H:\H-CODE\speechtokenizer\output\experiments\exp22_speaker_probe_vctk110_20260708_seed43\metrics\speaker_probe_summary.csv,550,0.5,0.7909090909090909
3,6144,latent_stats,probe,0.49077281039003523,lca,H:\H-CODE\speechtokenizer\output\experiments\exp22_speaker_probe_vctk110_20260708_seed43,43,110,H:\H-CODE\speechtokenizer\output\experiments\exp22_speaker_probe_vctk110_20260708_seed43\metrics\speaker_probe_summary.csv,550,0.5072727272727273,0.7745454545454545
