metric,sample_id,L,channel,v1,v2,v2_minus_v1
corr,1455-138263-0040,1,dropout-mid,0.010721355676651001,0.001630485057830755,-0.009090870618820246
corr,1455-138263-0040,1,substitution-mid,-0.0023159980773926336,-0.002366244792938288,-5.02467155456543e-05
corr,1455-138263-0040,2,dropout-mid,-0.002497851848602295,0.00014644861221313477,0.0026443004608154297
corr,1455-138263-0040,2,substitution-mid,-0.00031369924545288086,0.0012096762657165527,0.0015233755111694336
corr,1455-138263-0040,3,dropout-mid,-0.0019686222076416016,-0.006075382232666016,-0.004106760025024414
corr,1455-138263-0040,3,substitution-mid,-0.0026016831398010254,-0.0019190311431884766,0.0006826519966125488
corr,1737-148989-0006,1,dropout-mid,-0.0008620023727417825,0.0046924948692322055,0.005554497241973988
corr,1737-148989-0006,1,substitution-mid,0.002100482583045918,-0.0001457929611205916,-0.0022462755441665094
corr,1737-148989-0006,2,dropout-mid,0.002223983407020569,0.0084199458360672,0.006195962429046631
corr,1737-148989-0006,2,substitution-mid,-0.0023516714572906217,0.005002498626708929,0.0073541700839995505
corr,1737-148989-0006,3,dropout-mid,-0.007310286164283697,0.004201531410217396,0.011511817574501093
corr,1737-148989-0006,3,substitution-mid,0.0032569766044616977,-0.000496566295623696,-0.0037535429000853937
corr,311-124404-0119,1,dropout-mid,-0.001256108283996693,0.001989379525184576,0.003245487809181269
corr,311-124404-0119,1,substitution-mid,-0.015164226293563898,0.00037850439548484105,0.01554273068904874
corr,311-124404-0119,2,dropout-mid,0.0014390349388122559,0.010417580604553223,0.008978545665740967
corr,311-124404-0119,2,substitution-mid,-0.004669308662414551,0.002253293991088867,0.006922602653503418
corr,311-124404-0119,3,dropout-mid,0.017604708671569824,0.0007620453834533691,-0.016842663288116455
corr,311-124404-0119,3,substitution-mid,0.00017946958541870117,0.0032338500022888184,0.003054380416870117
corr,4018-103416-0033,1,dropout-mid,0.009579241275787354,0.016277432441711426,0.006698191165924072
corr,4018-103416-0033,1,substitution-mid,0.0033855438232421875,-0.0015532374382019043,-0.004938781261444092
corr,4018-103416-0033,2,dropout-mid,-0.0036984682083129883,-0.004569411277770996,-0.0008709430694580078
corr,4018-103416-0033,2,substitution-mid,0.0012735724449157715,-0.003038346767425537,-0.004311919212341309
corr,4018-103416-0033,3,dropout-mid,-0.0003661513328552246,0.0034558773040771484,0.003822028636932373
corr,4018-103416-0033,3,substitution-mid,-0.0001850724220276989,0.0018712282180786133,0.002056300640106312
corr,4680-16026-0019,1,dropout-mid,-0.00023192167282104492,0.01442950963973999,0.014661431312561035
corr,4680-16026-0019,1,substitution-mid,-0.007356762886047363,-5.960464477539063e-08,0.007356703281402588
corr,4680-16026-0019,2,dropout-mid,-0.0033540725708007812,-0.0855606198310852,-0.08220654726028442
corr,4680-16026-0019,2,substitution-mid,0.019945085048675537,0.0,-0.019945085048675537
corr,4680-16026-0019,3,dropout-mid,0.0015038847923278809,0.033647775650024414,0.03214389085769653
corr,4680-16026-0019,3,substitution-mid,-0.0005106925964355469,-0.003969907760620117,-0.0034592151641845703
corr,5390-30102-0015,1,dropout-mid,-0.005874097347259577,-0.007891684770584051,-0.002017587423324474
corr,5390-30102-0015,1,substitution-mid,-0.003880947828292902,0.0025999844074249823,0.0064809322357178845
corr,5390-30102-0015,2,dropout-mid,-0.0068132877349853516,0.0030799508094787598,0.009893238544464111
corr,5390-30102-0015,2,substitution-mid,-0.0009388923645019531,0.003491520881652832,0.004430413246154785
corr,5390-30102-0015,3,dropout-mid,0.0047852396965026855,0.009288370609283447,0.004503130912780762
corr,5390-30102-0015,3,substitution-mid,-0.000414431095123291,-0.0012348294258117676,-0.0008203983306884766
corr,8098-278278-0035,1,dropout-mid,-0.005320817232131986,-0.005289375782012912,3.1441450119074066e-05
corr,8098-278278-0035,1,substitution-mid,0.0007764995098114014,-0.0006388425827026367,-0.001415342092514038
corr,8098-278278-0035,2,dropout-mid,0.011776208877563477,0.003382861614227295,-0.008393347263336182
corr,8098-278278-0035,2,substitution-mid,0.0003898143768310547,0.0032581090927124023,0.0028682947158813477
corr,8098-278278-0035,3,dropout-mid,-0.0054953694343566895,-0.001351773738861084,0.0041435956954956055
corr,8098-278278-0035,3,substitution-mid,0.0018791556358337402,0.0009377002716064453,-0.0009414553642272949
corr,8838-298545-0037,1,dropout-mid,0.004964739084243719,0.013513594865799006,0.008548855781555287
corr,8838-298545-0037,1,substitution-mid,-0.000904917716979925,0.0006351172924041748,0.0015400350093840998
corr,8838-298545-0037,2,dropout-mid,0.005630373954772949,0.009660482406616211,0.004030108451843262
corr,8838-298545-0037,2,substitution-mid,-0.0017066597938537598,-0.002579927444458008,-0.000873267650604248
corr,8838-298545-0037,3,dropout-mid,0.0033916831016540527,0.005743682384490967,0.002351999282836914
corr,8838-298545-0037,3,substitution-mid,0.0009306669235229492,0.002288639545440674,0.0013579726219177246
mel_l1,1455-138263-0040,1,dropout-mid,0.007352471351623535,0.006758689880370872,-0.0005937814712526635
mel_l1,1455-138263-0040,1,substitution-mid,-0.0012218952178955078,0.001808762550354226,0.0030306577682497338
mel_l1,1455-138263-0040,2,dropout-mid,0.008398354053497203,0.010098636150359996,0.001700282096862793
mel_l1,1455-138263-0040,2,substitution-mid,-0.0014744400978088379,0.004375219345092662,0.0058496594429015
mel_l1,1455-138263-0040,3,dropout-mid,0.002590775489807129,0.012032568454742432,0.009441792964935303
mel_l1,1455-138263-0040,3,substitution-mid,-0.005382657051086426,1.5437602996826172e-05,0.005398094654083252
mel_l1,1737-148989-0006,1,dropout-mid,7.772445678710938e-05,0.009019613265991211,0.008941888809204102
mel_l1,1737-148989-0006,1,substitution-mid,0.004905104637145996,0.0002410411834716797,-0.004664063453674316
mel_l1,1737-148989-0006,2,dropout-mid,0.009883403778076172,0.0076045989990234375,-0.0022788047790527344
mel_l1,1737-148989-0006,2,substitution-mid,-0.0008264780044556774,0.0023000240325929955,0.003126502037048673
mel_l1,1737-148989-0006,3,dropout-mid,0.005981624126434437,0.013177156448364147,0.00719553232192971
mel_l1,1737-148989-0006,3,substitution-mid,0.001573324203491211,0.003921389579772949,0.0023480653762817383
mel_l1,311-124404-0119,1,dropout-mid,-0.0007969141006467506,0.0028049945831294387,0.0036019086837761893
mel_l1,311-124404-0119,1,substitution-mid,-0.004343867301940918,-0.0010012388229370117,0.0033426284790039062
mel_l1,311-124404-0119,2,dropout-mid,0.006164550781249889,0.009256005287170188,0.003091454505920299
mel_l1,311-124404-0119,2,substitution-mid,0.0038384199142454944,0.007073044776916393,0.0032346248626708984
mel_l1,311-124404-0119,3,dropout-mid,0.002747058868408203,0.01941978931427002,0.016672730445861816
mel_l1,311-124404-0119,3,substitution-mid,-0.0031942129135131836,0.0020877718925476074,0.005281984806060791
mel_l1,4018-103416-0033,1,dropout-mid,0.0007135272026064232,-0.00416821241378762,-0.004881739616394043
mel_l1,4018-103416-0033,1,substitution-mid,-0.00894367694854703,0.007855355739593728,0.016799032688140758
mel_l1,4018-103416-0033,2,dropout-mid,-0.002759575843811035,0.002821683883666992,0.005581259727478027
mel_l1,4018-103416-0033,2,substitution-mid,-0.010966122150421143,-0.008848845958709717,0.0021172761917114258
mel_l1,4018-103416-0033,3,dropout-mid,-0.00025266408920288086,-0.007247269153594971,-0.00699460506439209
mel_l1,4018-103416-0033,3,substitution-mid,-0.0012916922569274902,0.0035363435745239258,0.004828035831451416
mel_l1,4680-16026-0019,1,dropout-mid,0.006636857986450195,0.0035698413848876953,-0.0030670166015625
mel_l1,4680-16026-0019,1,substitution-mid,-0.0029802322387695312,0.013256788253783958,0.01623702049255349
mel_l1,4680-16026-0019,2,dropout-mid,0.0050618648529053845,0.014727950096130482,0.009666085243225098
mel_l1,4680-16026-0019,2,substitution-mid,-0.011523723602294922,0.0,0.011523723602294922
mel_l1,4680-16026-0019,3,dropout-mid,-0.01097935438156128,-0.007351219654083363,0.0036281347274779163
mel_l1,4680-16026-0019,3,substitution-mid,-0.00012856721878051758,0.024836957454681508,0.024965524673462025
mel_l1,5390-30102-0015,1,dropout-mid,-0.00012731552124045642,0.0003255605697631836,0.00045287609100364
mel_l1,5390-30102-0015,1,substitution-mid,0.0008785724639892578,-0.001568913459777832,-0.00244748592376709
mel_l1,5390-30102-0015,2,dropout-mid,-0.010454893112182617,0.00755399465560902,0.018008887767791637
mel_l1,5390-30102-0015,2,substitution-mid,-0.001616358757019043,0.001481473445892223,0.003097832202911266
mel_l1,5390-30102-0015,3,dropout-mid,0.00588536262512207,0.005130469799041748,-0.0007548928260803223
mel_l1,5390-30102-0015,3,substitution-mid,0.00013333559036277087,-0.0004208087921142578,-0.0005541443824770287
mel_l1,8098-278278-0035,1,dropout-mid,-0.016919374465942605,-0.003095984458923562,0.013823390007019043
mel_l1,8098-278278-0035,1,substitution-mid,-0.003116011619567871,0.01632511615753174,0.01944112777709961
mel_l1,8098-278278-0035,2,dropout-mid,0.007298827171325795,0.00539165735244751,-0.0019071698188782849
mel_l1,8098-278278-0035,2,substitution-mid,0.00021344423294078485,0.005845844745635653,0.005632400512694868
mel_l1,8098-278278-0035,3,dropout-mid,-0.0024088025093078613,0.0009459257125853382,0.0033547282218931995
mel_l1,8098-278278-0035,3,substitution-mid,0.000568687915802002,0.001710653305053711,0.001141965389251709
mel_l1,8838-298545-0037,1,dropout-mid,-0.004376173019409402,0.004033684730530229,0.008409857749939631
mel_l1,8838-298545-0037,1,substitution-mid,-0.00021839141845703125,0.00778162479400657,0.008000016212463601
mel_l1,8838-298545-0037,2,dropout-mid,-0.007294654846191406,0.009393095970153809,0.016687750816345215
mel_l1,8838-298545-0037,2,substitution-mid,-4.1484832763671875e-05,0.003438711166381392,0.0034801959991450637
mel_l1,8838-298545-0037,3,dropout-mid,0.0058245062828063965,0.00186353921890281,-0.0039609670639035865
mel_l1,8838-298545-0037,3,substitution-mid,0.0021795034408568226,0.005806148052215576,0.0036266446113587536
pesq_wb,1455-138263-0040,1,dropout-mid,0.0018683671951293945,-0.0028793811798095703,-0.004747748374938965
pesq_wb,1455-138263-0040,1,substitution-mid,0.0030663013458251953,-0.0013217926025388405,-0.004388093948364036
pesq_wb,1455-138263-0040,2,dropout-mid,0.010106921195983887,0.032842040061950684,0.022735118865966797
pesq_wb,1455-138263-0040,2,substitution-mid,0.001671433448791726,0.02640652656555198,0.024735093116760254
pesq_wb,1455-138263-0040,3,dropout-mid,0.01539957523345925,0.043563246726989746,0.028163671493530495
pesq_wb,1455-138263-0040,3,substitution-mid,-0.052541136741638184,0.020115733146667703,0.07265686988830589
pesq_wb,1737-148989-0006,1,dropout-mid,0.005788445472717507,0.009181976318359153,0.0033935308456416458
pesq_wb,1737-148989-0006,1,substitution-mid,0.004695296287536621,0.008850693702697754,0.004155397415161133
pesq_wb,1737-148989-0006,2,dropout-mid,0.0019168853759765625,0.019647836685180664,0.0177309513092041
pesq_wb,1737-148989-0006,2,substitution-mid,-0.003226161003112793,0.008495569229125755,0.011721730232238547
pesq_wb,1737-148989-0006,3,dropout-mid,-0.0142592191696167,0.017798662185668945,0.032057881355285645
pesq_wb,1737-148989-0006,3,substitution-mid,0.012903213500976562,-0.01290011405944802,-0.025803327560424583
pesq_wb,311-124404-0119,1,dropout-mid,-0.0039784908294679955,-0.00999581813812278,-0.006017327308654785
pesq_wb,311-124404-0119,1,substitution-mid,-0.0021108388900761277,-0.006123542785644753,-0.004012703895568626
pesq_wb,311-124404-0119,2,dropout-mid,-0.024029016494750755,-0.022698283195495605,0.001330733299255149
pesq_wb,311-124404-0119,2,substitution-mid,-0.0038330554962158203,-0.0022481679916381836,0.0015848875045776367
pesq_wb,311-124404-0119,3,dropout-mid,-0.017531394958496094,0.07468819618225075,0.09221959114074685
pesq_wb,311-124404-0119,3,substitution-mid,0.010212898254394531,0.024876713752746582,0.01466381549835205
pesq_wb,4018-103416-0033,1,dropout-mid,-0.012978792190551314,-0.024297952651977317,-0.011319160461426003
pesq_wb,4018-103416-0033,1,substitution-mid,0.027156472206115945,0.0061299800872807175,-0.021026492118835227
pesq_wb,4018-103416-0033,2,dropout-mid,-0.004694223403930886,-0.016487598419189453,-0.011793375015258567
pesq_wb,4018-103416-0033,2,substitution-mid,-0.04796016216278076,0.06801187992095925,0.11597204208374001
pesq_wb,4018-103416-0033,3,dropout-mid,0.03911280632019043,-0.0009717941284179688,-0.0400846004486084
pesq_wb,4018-103416-0033,3,substitution-mid,-0.07777094841003418,-0.016160249710083008,0.06161069869995117
pesq_wb,4680-16026-0019,1,dropout-mid,0.07934129238128707,0.03369259834289573,-0.045648694038391335
pesq_wb,4680-16026-0019,1,substitution-mid,-0.09904992580413818,0.0070438385009767845,0.10609376430511497
pesq_wb,4680-16026-0019,2,dropout-mid,0.0879204273223877,0.07546091079711936,-0.012459516525268333
pesq_wb,4680-16026-0019,2,substitution-mid,-0.1841425895690918,0.0,0.1841425895690918
pesq_wb,4680-16026-0019,3,dropout-mid,0.14384984970092818,0.14881706237793013,0.004967212677001953
pesq_wb,4680-16026-0019,3,substitution-mid,-0.06583070755004838,0.030663013458252397,0.09649372100830078
pesq_wb,5390-30102-0015,1,dropout-mid,0.0025169849395751953,-0.007068037986755371,-0.009585022926330566
pesq_wb,5390-30102-0015,1,substitution-mid,0.0013837814331054688,-0.0015813112258913353,-0.002965092658996804
pesq_wb,5390-30102-0015,2,dropout-mid,-0.006606340408324973,0.027403235435485618,0.03400957584381059
pesq_wb,5390-30102-0015,2,substitution-mid,-0.0061550140380857155,-0.0008478164672853783,0.005307197570800337
pesq_wb,5390-30102-0015,3,dropout-mid,0.006833553314208984,0.04683482646942161,0.040001273155212624
pesq_wb,5390-30102-0015,3,substitution-mid,-0.028668522834777832,0.009914398193359375,0.03858292102813721
pesq_wb,8098-278278-0035,1,dropout-mid,-0.009502172470092551,-0.0031909942626953125,0.006311178207397239
pesq_wb,8098-278278-0035,1,substitution-mid,0.005830407142639382,0.005622982978820801,-0.00020742416381858142
pesq_wb,8098-278278-0035,2,dropout-mid,0.0001332759857175514,0.003715038299560769,0.0035817623138432175
pesq_wb,8098-278278-0035,2,substitution-mid,-0.0006768703460693359,0.005375862121582031,0.006052732467651367
pesq_wb,8098-278278-0035,3,dropout-mid,0.016077876091003418,0.054082393646240234,0.038004517555236816
pesq_wb,8098-278278-0035,3,substitution-mid,0.0020873546600339576,0.00992274284362793,0.007835388183593972
pesq_wb,8838-298545-0037,1,dropout-mid,0.006807684898376465,0.014000296592712402,0.0071926116943359375
pesq_wb,8838-298545-0037,1,substitution-mid,0.03294789791107178,-0.0048828125,-0.03783071041107178
pesq_wb,8838-298545-0037,2,dropout-mid,0.05844426155090332,0.018440246582031028,-0.04000401496887229
pesq_wb,8838-298545-0037,2,substitution-mid,0.006760597229003906,-0.0009690523147585228,-0.007729649543762429
pesq_wb,8838-298545-0037,3,dropout-mid,-0.05466818809509233,-0.015805959701538086,0.03886222839355424
pesq_wb,8838-298545-0037,3,substitution-mid,0.01749396324157737,-0.006067514419555664,-0.023561477661133035
si_snr_db,1455-138263-0040,1,dropout-mid,0.2844001658268045,-0.04542345597178965,-0.32982362179859415
si_snr_db,1455-138263-0040,1,substitution-mid,-0.07233387396544266,-0.14104370819992873,-0.06870983423448607
si_snr_db,1455-138263-0040,2,dropout-mid,-0.05750461037898891,-0.025472666174861214,0.032031944204127694
si_snr_db,1455-138263-0040,2,substitution-mid,-0.007141133132923194,0.025589280367125156,0.03273041350004835
si_snr_db,1455-138263-0040,3,dropout-mid,-0.04718221234085873,-0.1374515977987909,-0.09026938545793217
si_snr_db,1455-138263-0040,3,substitution-mid,-0.059865558183702205,-0.042829503342625586,0.01703605484107662
si_snr_db,1737-148989-0006,1,dropout-mid,-0.030645971002751793,0.32690519013310393,0.3575511611358557
si_snr_db,1737-148989-0006,1,substitution-mid,0.14965492528168411,-0.011984049444397016,-0.16163897472608113
si_snr_db,1737-148989-0006,2,dropout-mid,0.11949229448895693,0.47878953828148774,0.3592972437925308
si_snr_db,1737-148989-0006,2,substitution-mid,-0.12120474186416352,0.27672517074585024,0.39792991261001376
si_snr_db,1737-148989-0006,3,dropout-mid,-0.2388429524238056,0.13294753367446432,0.3717904860982699
si_snr_db,1737-148989-0006,3,substitution-mid,0.14009283309775356,-0.048142174349830924,-0.18823500744758448
si_snr_db,311-124404-0119,1,dropout-mid,-0.045034138770347454,0.05765167653780168,0.10268581530814913
si_snr_db,311-124404-0119,1,substitution-mid,-0.5259516616786968,0.014817772522667028,0.5407694342013638
si_snr_db,311-124404-0119,2,dropout-mid,0.030218004870996795,0.234483653769197,0.2042656488982002
si_snr_db,311-124404-0119,2,substitution-mid,-0.10765706817326781,0.0507928034228724,0.1584498715961402
si_snr_db,311-124404-0119,3,dropout-mid,0.4181606388174607,0.021208522658368922,-0.39695211615909176
si_snr_db,311-124404-0119,3,substitution-mid,0.002033435901253433,0.08133389979556044,0.079300463894307
si_snr_db,4018-103416-0033,1,dropout-mid,0.23993366045958664,0.3993017732109678,0.15936811275138119
si_snr_db,4018-103416-0033,1,substitution-mid,0.08435536163808349,-0.03612605744848896,-0.12048141908657245
si_snr_db,4018-103416-0033,2,dropout-mid,-0.17845551106316337,-0.10575692059724906,0.07269859046591431
si_snr_db,4018-103416-0033,2,substitution-mid,0.04382254261377838,-0.10663143686205956,-0.15045397947583794
si_snr_db,4018-103416-0033,3,dropout-mid,-0.012512776268658321,0.2326587094962509,0.2451714857649092
si_snr_db,4018-103416-0033,3,substitution-mid,-0.008955160305924359,0.11863769699318993,0.1275928572991143
si_snr_db,4680-16026-0019,1,dropout-mid,-0.013849252958004626,0.36279038045064516,0.3766396334086498
si_snr_db,4680-16026-0019,1,substitution-mid,-0.2097714855254589,-3.137766423799704e-06,0.2097683477590351
si_snr_db,4680-16026-0019,2,dropout-mid,-0.1500606027260698,-1.986156974020604,-1.8360963712945342
si_snr_db,4680-16026-0019,2,substitution-mid,0.4601532403894104,0.0,-0.4601532403894104
si_snr_db,4680-16026-0019,3,dropout-mid,0.10266954208054102,1.4509833892844388,1.3483138472038978
si_snr_db,4680-16026-0019,3,substitution-mid,-0.02339140348126456,-0.019450589723191136,0.003940813758073425
si_snr_db,5390-30102-0015,1,dropout-mid,-0.14759365786083034,-0.19634334275968168,-0.04874968489885134
si_snr_db,5390-30102-0015,1,substitution-mid,-0.09060000874849594,0.05927930281884786,0.1498793115673438
si_snr_db,5390-30102-0015,2,dropout-mid,-0.15560846760526625,0.121507140768083,0.27711560837334925
si_snr_db,5390-30102-0015,2,substitution-mid,-0.022481842630536986,0.09952382846156582,0.12200567109210281
si_snr_db,5390-30102-0015,3,dropout-mid,0.13234553640294378,0.29485316748658463,0.16250763108364086
si_snr_db,5390-30102-0015,3,substitution-mid,-0.013706848717519815,-0.030637719113626005,-0.01693087039610619
si_snr_db,8098-278278-0035,1,dropout-mid,-0.15726828800736392,0.011518335399573587,0.1687866234069375
si_snr_db,8098-278278-0035,1,substitution-mid,0.026606670585838543,0.007228146652316525,-0.01937852393352202
si_snr_db,8098-278278-0035,2,dropout-mid,0.2718690321461483,0.07898505316685234,-0.192883978979296
si_snr_db,8098-278278-0035,2,substitution-mid,0.009378906035663104,0.07702924843768222,0.06765034240201911
si_snr_db,8098-278278-0035,3,dropout-mid,-0.18785840072303572,-0.0639875318763855,0.12387086884665022
si_snr_db,8098-278278-0035,3,substitution-mid,0.04015430246435392,0.022184263736815923,-0.017970038727537996
si_snr_db,8838-298545-0037,1,dropout-mid,0.12478649688422916,0.3352322418120153,0.21044574492778612
si_snr_db,8838-298545-0037,1,substitution-mid,-0.020755128728960237,0.01654298123105047,0.037298109960010706
si_snr_db,8838-298545-0037,2,dropout-mid,0.11191601894861136,0.24102926154649196,0.1291132425978806
si_snr_db,8838-298545-0037,2,substitution-mid,-0.04433828592544303,-0.05852715093122979,-0.014188865005786755
si_snr_db,8838-298545-0037,3,dropout-mid,0.04359477865467798,0.14154580377526216,0.09795102512058418
si_snr_db,8838-298545-0037,3,substitution-mid,0.027877197331884762,0.06394835080142469,0.03607115346953993
stoi,1455-138263-0040,1,dropout-mid,0.002736874790320365,-0.0011785984875993805,-0.003915473277919745
stoi,1455-138263-0040,1,substitution-mid,-0.0008262023279084207,-0.0021863323580983973,-0.0013601300301899766
stoi,1455-138263-0040,2,dropout-mid,0.0027108617215401143,0.00016700918357082095,-0.0025438525379692933
stoi,1455-138263-0040,2,substitution-mid,-0.0019869666741547665,-0.0010164573749809058,0.0009705092991738606
stoi,1455-138263-0040,3,dropout-mid,0.0017290954290907212,0.0023586329965316066,0.0006295375674408854
stoi,1455-138263-0040,3,substitution-mid,-0.004485464627966285,-0.0034730286485623596,0.001012435979403925
stoi,1737-148989-0006,1,dropout-mid,0.0018576432526531406,0.004532243219728116,0.0026745999670749754
stoi,1737-148989-0006,1,substitution-mid,0.0006930461488774409,-0.0001161911409089944,-0.0008092372897864353
stoi,1737-148989-0006,2,dropout-mid,0.006123963318670711,0.005220151850928723,-0.0009038114677419884
stoi,1737-148989-0006,2,substitution-mid,0.0012270324448709902,-0.0005864031155924376,-0.0018134355604634278
stoi,1737-148989-0006,3,dropout-mid,0.005015499543423285,0.006826127869576926,0.0018106283261536404
stoi,1737-148989-0006,3,substitution-mid,0.0005197661226046257,-0.002820240286578568,-0.003340006409183194
stoi,311-124404-0119,1,dropout-mid,-0.0016550349127744113,-0.0008077245609096062,0.0008473103518648051
stoi,311-124404-0119,1,substitution-mid,-0.006712629080725452,-0.0012141845957471809,0.005498444484978271
stoi,311-124404-0119,2,dropout-mid,-0.005350341504717804,0.0005662152165907264,0.00591655672130853
stoi,311-124404-0119,2,substitution-mid,-0.0034481654116759186,0.004707519692797146,0.008155685104473065
stoi,311-124404-0119,3,dropout-mid,0.010123857362345556,0.011761224786616453,0.0016373674242708969
stoi,311-124404-0119,3,substitution-mid,0.0011073052889415402,0.0006421259012404645,-0.0004651793877010757
stoi,4018-103416-0033,1,dropout-mid,-9.339528955498722e-05,0.003225155477952213,0.0033185507675072
stoi,4018-103416-0033,1,substitution-mid,-0.002795901488318986,0.0021194081931189546,0.0049153096814379404
stoi,4018-103416-0033,2,dropout-mid,0.0002075519352994215,0.0024805938071446043,0.002273041871845183
stoi,4018-103416-0033,2,substitution-mid,-0.0010698527251418177,-0.0028129654047266417,-0.001743112679584824
stoi,4018-103416-0033,3,dropout-mid,0.00015085654166357987,-0.0011777512342218133,-0.0013286077758853931
stoi,4018-103416-0033,3,substitution-mid,-0.0016570823469800322,0.0001045617543768973,0.0017616441013569295
stoi,4680-16026-0019,1,dropout-mid,-0.011234068791007412,0.004481354592000386,0.0157154233830078
stoi,4680-16026-0019,1,substitution-mid,-0.0002992541764812451,0.0,0.0002992541764812451
stoi,4680-16026-0019,2,dropout-mid,0.0029538957550239164,-9.895037699891862e-05,-0.003052846132022835
stoi,4680-16026-0019,2,substitution-mid,-0.006965257436661876,0.0,0.006965257436661876
stoi,4680-16026-0019,3,dropout-mid,-0.002487236658832548,-0.0026094907735068062,-0.0001222541146742584
stoi,4680-16026-0019,3,substitution-mid,-0.00010627892928471994,0.0003047536765974357,0.0004110326058821556
stoi,5390-30102-0015,1,dropout-mid,0.0023749621594327808,0.001557486108424655,-0.0008174760510081258
stoi,5390-30102-0015,1,substitution-mid,-0.0011596022478808088,-0.00015966902781894277,0.000999933220061866
stoi,5390-30102-0015,2,dropout-mid,-0.0014117290835765628,0.0005081958698065492,0.001919924953383112
stoi,5390-30102-0015,2,substitution-mid,0.0016237377000597464,0.001477249891003729,-0.00014648780905601733
stoi,5390-30102-0015,3,dropout-mid,0.00591507178357642,0.0018114351871878487,-0.004103636596388571
stoi,5390-30102-0015,3,substitution-mid,9.912270767931108e-05,-8.48207670940404e-05,-0.0001839434747733515
stoi,8098-278278-0035,1,dropout-mid,0.0004706351178781487,0.00617005935799575,0.005699424240117601
stoi,8098-278278-0035,1,substitution-mid,-0.0006192918536088721,-0.0011507340646847997,-0.0005314422110759276
stoi,8098-278278-0035,2,dropout-mid,0.0033697528468914495,0.0007200788169618999,-0.0026496740299295496
stoi,8098-278278-0035,2,substitution-mid,-0.0002663223873292653,0.001340315020111893,0.0016066374074411582
stoi,8098-278278-0035,3,dropout-mid,-0.00037486532261676864,0.004996748234948667,0.005371613557565436
stoi,8098-278278-0035,3,substitution-mid,-0.0009663581569032687,0.00030538955343173413,0.0012717477103350028
stoi,8838-298545-0037,1,dropout-mid,0.0006805423215904272,0.005468516362862164,0.004787974041271736
stoi,8838-298545-0037,1,substitution-mid,0.0008796469461030965,-0.0009160624436437281,-0.0017957093897468246
stoi,8838-298545-0037,2,dropout-mid,-0.0066409123737452,-0.0010342740589676103,0.00560663831477759
stoi,8838-298545-0037,2,substitution-mid,-0.0007714572057598845,0.002842459760968419,0.0036139169667283033
stoi,8838-298545-0037,3,dropout-mid,0.0038012988636250133,0.004455985233173032,0.0006546863695480187
stoi,8838-298545-0037,3,substitution-mid,-0.0001978957025652317,0.00023708374670416976,0.00043497944926940146
wave_l1,1455-138263-0040,1,dropout-mid,0.0002979915589093954,6.0306861996598654e-05,-0.00023768469691279673
wave_l1,1455-138263-0040,1,substitution-mid,-3.884918987750313e-05,-1.6409903764703915e-05,2.2439286112799217e-05
wave_l1,1455-138263-0040,2,dropout-mid,-2.926029264929686e-05,1.558288931850088e-05,4.484318196779774e-05
wave_l1,1455-138263-0040,2,substitution-mid,-2.24355608225979e-05,4.786252975460051e-05,7.029809057719841e-05
wave_l1,1455-138263-0040,3,dropout-mid,3.295578062530169e-05,-8.84607434273009e-05,-0.00012141652405260259
wave_l1,1455-138263-0040,3,substitution-mid,-0.00010792911052709755,-8.790753781800012e-05,2.0021572709097435e-05
wave_l1,1737-148989-0006,1,dropout-mid,1.2671574950197384e-05,0.0002676509320736001,0.0002549793571234027
wave_l1,1737-148989-0006,1,substitution-mid,0.00020314380526539888,-4.6733766795002685e-06,-0.00020781718194489915
wave_l1,1737-148989-0006,2,dropout-mid,0.0001865141093732002,0.00022073276340969783,3.4218654036497625e-05
wave_l1,1737-148989-0006,2,substitution-mid,-9.71555709839908e-06,-2.8703361748989853e-06,6.845220923500095e-06
wave_l1,1737-148989-0006,3,dropout-mid,7.879361510280264e-05,0.0004084017127752998,0.00032960809767249716
wave_l1,1737-148989-0006,3,substitution-mid,-1.3241544365896751e-05,-3.8487836718500285e-05,-2.5246292352603533e-05
wave_l1,311-124404-0119,1,dropout-mid,-3.628246486180042e-05,8.323229849339919e-05,0.00011951476335519962
wave_l1,311-124404-0119,1,substitution-mid,-0.00011263415217399944,2.2415071725803704e-05,0.00013504922389980314
wave_l1,311-124404-0119,2,dropout-mid,-0.0001316210255026002,0.0002717999741434999,0.0004034209996461001
wave_l1,311-124404-0119,2,substitution-mid,-1.4951452612800564e-05,-2.426654100410111e-05,-9.315088391300547e-06
wave_l1,311-124404-0119,3,dropout-mid,7.780175656080072e-05,0.0001849951222537994,0.00010719336569299867
wave_l1,311-124404-0119,3,substitution-mid,7.325969636440104e-05,3.171991556879909e-05,-4.1539780795601944e-05
wave_l1,4018-103416-0033,1,dropout-mid,0.00045978277921680105,0.0008367374539375028,0.0003769546747207017
wave_l1,4018-103416-0033,1,substitution-mid,0.00016179308295250633,-3.626942634579744e-05,-0.00019806250929830377
wave_l1,4018-103416-0033,2,dropout-mid,-0.0003017205744981037,-5.549192428589908e-05,0.00024622865021220464
wave_l1,4018-103416-0033,2,substitution-mid,2.4426728487000893e-05,-0.0001465883105993028,-0.0001710150390863037
wave_l1,4018-103416-0033,3,dropout-mid,8.207187056540055e-05,0.00029155425727370177,0.00020948238670830122
wave_l1,4018-103416-0033,3,substitution-mid,5.0347298382984185e-06,0.00010816194117069938,0.00010312721133240096
wave_l1,4680-16026-0019,1,dropout-mid,-6.966665387160217e-05,0.000325193628668799,0.00039486028254040115
wave_l1,4680-16026-0019,1,substitution-mid,-0.0003641657531261028,-2.9858201741027324e-06,0.00036117993295200004
wave_l1,4680-16026-0019,2,dropout-mid,-0.00024210847914219943,-0.0014781262725592006,-0.0012360177934170012
wave_l1,4680-16026-0019,2,substitution-mid,0.0006525479257107024,0.0,-0.0006525479257107024
wave_l1,4680-16026-0019,3,dropout-mid,1.6039237380000015e-05,0.0013759657740592991,0.001359926536679299
wave_l1,4680-16026-0019,3,substitution-mid,-2.0703300833702087e-05,-0.0001864060759543991,-0.000165702775120697
wave_l1,5390-30102-0015,1,dropout-mid,-1.553632318969378e-05,-3.874488174919477e-05,-2.320855855950099e-05
wave_l1,5390-30102-0015,1,substitution-mid,-5.694106221189668e-05,3.408454358580504e-05,9.102560579770172e-05
wave_l1,5390-30102-0015,2,dropout-mid,-8.164159953599759e-05,0.00031384453177450006,0.00039548613131049765
wave_l1,5390-30102-0015,2,substitution-mid,-5.910173058520235e-05,0.00010474026203149966,0.00016384199261670201
wave_l1,5390-30102-0015,3,dropout-mid,0.00024390220642089844,0.00023730285465719744,-6.599351763700995e-06
wave_l1,5390-30102-0015,3,substitution-mid,4.106573760509838e-05,-6.258487701304993e-06,-4.732422530640337e-05
wave_l1,8098-278278-0035,1,dropout-mid,2.9940158128800853e-05,1.1809170246054879e-06,-2.8759241104195366e-05
wave_l1,8098-278278-0035,1,substitution-mid,-3.350153565409575e-05,1.1827796697706783e-05,4.532933235180253e-05
wave_l1,8098-278278-0035,2,dropout-mid,0.0006118193268776911,-6.143376231199787e-05,-0.000673253089189689
wave_l1,8098-278278-0035,2,substitution-mid,2.4285167455798118e-05,5.841627717020209e-05,3.413110971440397e-05
wave_l1,8098-278278-0035,3,dropout-mid,-0.00033393315970900103,0.00013560988008970432,0.00046954303979870535
wave_l1,8098-278278-0035,3,substitution-mid,0.00014539808034899626,-8.186325430901281e-06,-0.00015358440577989754
wave_l1,8838-298545-0037,1,dropout-mid,0.0002037957310676991,6.608664989479068e-05,-0.00013770908117290842
wave_l1,8838-298545-0037,1,substitution-mid,-2.4955719709299218e-05,-2.3689121007905434e-05,1.266598701393784e-06
wave_l1,8838-298545-0037,2,dropout-mid,0.00011369958519940118,0.000525584444403697,0.00041188485920429577
wave_l1,8838-298545-0037,2,substitution-mid,-6.302073597910102e-05,6.701052188879883e-05,0.00013003125786789985
wave_l1,8838-298545-0037,3,dropout-mid,0.00014855340123180044,0.00018629804253570206,3.774464130390162e-05
wave_l1,8838-298545-0037,3,substitution-mid,4.2188912630101993e-05,7.916428148739899e-05,3.697536885729699e-05
