model,sample_id,L,ideal_bitrate_bps,channel,p_drop,p_sub,recon_l1,RTF,sample_count,output_path
base,8838-298545-0037,1,500,clean,0,0,0.16738280653953552,0.024171600001864135,1,output\experiments\exp3_low_load_channel_aware_adaptation_20260526_202329_seed42\samples\base\clean\L1\8838-298545-0037.wav
base,8838-298545-0037,2,1000,clean,0,0,0.16738206148147583,0.0061480000003939494,1,output\experiments\exp3_low_load_channel_aware_adaptation_20260526_202329_seed42\samples\base\clean\L2\8838-298545-0037.wav
base,8838-298545-0037,3,1500,clean,0,0,0.16738250851631165,0.004488899998250417,1,output\experiments\exp3_low_load_channel_aware_adaptation_20260526_202329_seed42\samples\base\clean\L3\8838-298545-0037.wav
base,8838-298545-0037,1,500,dropout-low,0.01,0,0.16738280653953552,0.004776599998876918,1,output\experiments\exp3_low_load_channel_aware_adaptation_20260526_202329_seed42\samples\base\dropout-low\L1\8838-298545-0037.wav
base,8838-298545-0037,2,1000,dropout-low,0.01,0,0.16738206148147583,0.004408699998748489,1,output\experiments\exp3_low_load_channel_aware_adaptation_20260526_202329_seed42\samples\base\dropout-low\L2\8838-298545-0037.wav
base,8838-298545-0037,3,1500,dropout-low,0.01,0,0.16738250851631165,0.004680799997004215,1,output\experiments\exp3_low_load_channel_aware_adaptation_20260526_202329_seed42\samples\base\dropout-low\L3\8838-298545-0037.wav
base,8838-298545-0037,1,500,substitution-low,0,0.001,0.16738280653953552,0.00466959999903338,1,output\experiments\exp3_low_load_channel_aware_adaptation_20260526_202329_seed42\samples\base\substitution-low\L1\8838-298545-0037.wav
base,8838-298545-0037,2,1000,substitution-low,0,0.001,0.16738206148147583,0.004469400002562907,1,output\experiments\exp3_low_load_channel_aware_adaptation_20260526_202329_seed42\samples\base\substitution-low\L2\8838-298545-0037.wav
base,8838-298545-0037,3,1500,substitution-low,0,0.001,0.16738250851631165,0.00448109999706503,1,output\experiments\exp3_low_load_channel_aware_adaptation_20260526_202329_seed42\samples\base\substitution-low\L3\8838-298545-0037.wav
lca,8838-298545-0037,1,500,clean,0,0,0.1656198650598526,0.004271500001777895,1,output\experiments\exp3_low_load_channel_aware_adaptation_20260526_202329_seed42\samples\lca\clean\L1\8838-298545-0037.wav
lca,8838-298545-0037,2,1000,clean,0,0,0.16562482714653015,0.005727100004150998,1,output\experiments\exp3_low_load_channel_aware_adaptation_20260526_202329_seed42\samples\lca\clean\L2\8838-298545-0037.wav
lca,8838-298545-0037,3,1500,clean,0,0,0.1656225025653839,0.004409200002555735,1,output\experiments\exp3_low_load_channel_aware_adaptation_20260526_202329_seed42\samples\lca\clean\L3\8838-298545-0037.wav
lca,8838-298545-0037,1,500,dropout-low,0.01,0,0.1656198650598526,0.004347900001448579,1,output\experiments\exp3_low_load_channel_aware_adaptation_20260526_202329_seed42\samples\lca\dropout-low\L1\8838-298545-0037.wav
lca,8838-298545-0037,2,1000,dropout-low,0.01,0,0.16562482714653015,0.004397699995024595,1,output\experiments\exp3_low_load_channel_aware_adaptation_20260526_202329_seed42\samples\lca\dropout-low\L2\8838-298545-0037.wav
lca,8838-298545-0037,3,1500,dropout-low,0.01,0,0.1656225025653839,0.004489299994020257,1,output\experiments\exp3_low_load_channel_aware_adaptation_20260526_202329_seed42\samples\lca\dropout-low\L3\8838-298545-0037.wav
lca,8838-298545-0037,1,500,substitution-low,0,0.001,0.1656198650598526,0.004402700003993232,1,output\experiments\exp3_low_load_channel_aware_adaptation_20260526_202329_seed42\samples\lca\substitution-low\L1\8838-298545-0037.wav
lca,8838-298545-0037,2,1000,substitution-low,0,0.001,0.16562482714653015,0.00452709999808576,1,output\experiments\exp3_low_load_channel_aware_adaptation_20260526_202329_seed42\samples\lca\substitution-low\L2\8838-298545-0037.wav
lca,8838-298545-0037,3,1500,substitution-low,0,0.001,0.1656225025653839,0.004492799998843111,1,output\experiments\exp3_low_load_channel_aware_adaptation_20260526_202329_seed42\samples\lca\substitution-low\L3\8838-298545-0037.wav
base,5390-30102-0015,1,500,clean,0,0,0.1601102203130722,0.007414799998514354,1,output\experiments\exp3_low_load_channel_aware_adaptation_20260526_202329_seed42\samples\base\clean\L1\5390-30102-0015.wav
base,5390-30102-0015,2,1000,clean,0,0,0.16010361909866333,0.006843700000899844,1,output\experiments\exp3_low_load_channel_aware_adaptation_20260526_202329_seed42\samples\base\clean\L2\5390-30102-0015.wav
base,5390-30102-0015,3,1500,clean,0,0,0.1601039320230484,0.007572100003017113,1,output\experiments\exp3_low_load_channel_aware_adaptation_20260526_202329_seed42\samples\base\clean\L3\5390-30102-0015.wav
base,5390-30102-0015,1,500,dropout-low,0.01,0,0.1601102203130722,0.007452100006048568,1,output\experiments\exp3_low_load_channel_aware_adaptation_20260526_202329_seed42\samples\base\dropout-low\L1\5390-30102-0015.wav
base,5390-30102-0015,2,1000,dropout-low,0.01,0,0.16010361909866333,0.007937800000945572,1,output\experiments\exp3_low_load_channel_aware_adaptation_20260526_202329_seed42\samples\base\dropout-low\L2\5390-30102-0015.wav
base,5390-30102-0015,3,1500,dropout-low,0.01,0,0.1601039320230484,0.004862200003117323,1,output\experiments\exp3_low_load_channel_aware_adaptation_20260526_202329_seed42\samples\base\dropout-low\L3\5390-30102-0015.wav
base,5390-30102-0015,1,500,substitution-low,0,0.001,0.1601102203130722,0.007494199999200646,1,output\experiments\exp3_low_load_channel_aware_adaptation_20260526_202329_seed42\samples\base\substitution-low\L1\5390-30102-0015.wav
base,5390-30102-0015,2,1000,substitution-low,0,0.001,0.16010361909866333,0.007586200001242105,1,output\experiments\exp3_low_load_channel_aware_adaptation_20260526_202329_seed42\samples\base\substitution-low\L2\5390-30102-0015.wav
base,5390-30102-0015,3,1500,substitution-low,0,0.001,0.1601039320230484,0.008007299999007955,1,output\experiments\exp3_low_load_channel_aware_adaptation_20260526_202329_seed42\samples\base\substitution-low\L3\5390-30102-0015.wav
lca,5390-30102-0015,1,500,clean,0,0,0.15815380215644836,0.0048104000015882775,1,output\experiments\exp3_low_load_channel_aware_adaptation_20260526_202329_seed42\samples\lca\clean\L1\5390-30102-0015.wav
lca,5390-30102-0015,2,1000,clean,0,0,0.1581483781337738,0.004925400004140101,1,output\experiments\exp3_low_load_channel_aware_adaptation_20260526_202329_seed42\samples\lca\clean\L2\5390-30102-0015.wav
lca,5390-30102-0015,3,1500,clean,0,0,0.15814737975597382,0.005497899997862987,1,output\experiments\exp3_low_load_channel_aware_adaptation_20260526_202329_seed42\samples\lca\clean\L3\5390-30102-0015.wav
lca,5390-30102-0015,1,500,dropout-low,0.01,0,0.15815380215644836,0.007534600001235958,1,output\experiments\exp3_low_load_channel_aware_adaptation_20260526_202329_seed42\samples\lca\dropout-low\L1\5390-30102-0015.wav
lca,5390-30102-0015,2,1000,dropout-low,0.01,0,0.1581483781337738,0.007458300002326723,1,output\experiments\exp3_low_load_channel_aware_adaptation_20260526_202329_seed42\samples\lca\dropout-low\L2\5390-30102-0015.wav
lca,5390-30102-0015,3,1500,dropout-low,0.01,0,0.15814737975597382,0.007445100003678817,1,output\experiments\exp3_low_load_channel_aware_adaptation_20260526_202329_seed42\samples\lca\dropout-low\L3\5390-30102-0015.wav
lca,5390-30102-0015,1,500,substitution-low,0,0.001,0.15815380215644836,0.007370999999693595,1,output\experiments\exp3_low_load_channel_aware_adaptation_20260526_202329_seed42\samples\lca\substitution-low\L1\5390-30102-0015.wav
lca,5390-30102-0015,2,1000,substitution-low,0,0.001,0.1581483781337738,0.005621600001177285,1,output\experiments\exp3_low_load_channel_aware_adaptation_20260526_202329_seed42\samples\lca\substitution-low\L2\5390-30102-0015.wav
lca,5390-30102-0015,3,1500,substitution-low,0,0.001,0.15814737975597382,0.007667400001082569,1,output\experiments\exp3_low_load_channel_aware_adaptation_20260526_202329_seed42\samples\lca\substitution-low\L3\5390-30102-0015.wav
base,4018-103416-0033,1,500,clean,0,0,0.16450095176696777,0.007342299999436364,1,output\experiments\exp3_low_load_channel_aware_adaptation_20260526_202329_seed42\samples\base\clean\L1\4018-103416-0033.wav
base,4018-103416-0033,2,1000,clean,0,0,0.16449867188930511,0.00719359999493463,1,output\experiments\exp3_low_load_channel_aware_adaptation_20260526_202329_seed42\samples\base\clean\L2\4018-103416-0033.wav
base,4018-103416-0033,3,1500,clean,0,0,0.1644991636276245,0.005310900000040419,1,output\experiments\exp3_low_load_channel_aware_adaptation_20260526_202329_seed42\samples\base\clean\L3\4018-103416-0033.wav
base,4018-103416-0033,1,500,dropout-low,0.01,0,0.16450095176696777,0.005357599999115337,1,output\experiments\exp3_low_load_channel_aware_adaptation_20260526_202329_seed42\samples\base\dropout-low\L1\4018-103416-0033.wav
base,4018-103416-0033,2,1000,dropout-low,0.01,0,0.16449867188930511,0.007665500001166947,1,output\experiments\exp3_low_load_channel_aware_adaptation_20260526_202329_seed42\samples\base\dropout-low\L2\4018-103416-0033.wav
base,4018-103416-0033,3,1500,dropout-low,0.01,0,0.1644991636276245,0.007605399994645268,1,output\experiments\exp3_low_load_channel_aware_adaptation_20260526_202329_seed42\samples\base\dropout-low\L3\4018-103416-0033.wav
base,4018-103416-0033,1,500,substitution-low,0,0.001,0.16450095176696777,0.009071699998457916,1,output\experiments\exp3_low_load_channel_aware_adaptation_20260526_202329_seed42\samples\base\substitution-low\L1\4018-103416-0033.wav
base,4018-103416-0033,2,1000,substitution-low,0,0.001,0.16449867188930511,0.0075967000011587515,1,output\experiments\exp3_low_load_channel_aware_adaptation_20260526_202329_seed42\samples\base\substitution-low\L2\4018-103416-0033.wav
base,4018-103416-0033,3,1500,substitution-low,0,0.001,0.1644991636276245,0.007683899995754473,1,output\experiments\exp3_low_load_channel_aware_adaptation_20260526_202329_seed42\samples\base\substitution-low\L3\4018-103416-0033.wav
lca,4018-103416-0033,1,500,clean,0,0,0.16269123554229736,0.004941299994243309,1,output\experiments\exp3_low_load_channel_aware_adaptation_20260526_202329_seed42\samples\lca\clean\L1\4018-103416-0033.wav
lca,4018-103416-0033,2,1000,clean,0,0,0.16269391775131226,0.007673200001590885,1,output\experiments\exp3_low_load_channel_aware_adaptation_20260526_202329_seed42\samples\lca\clean\L2\4018-103416-0033.wav
lca,4018-103416-0033,3,1500,clean,0,0,0.16269172728061676,0.007517400001233909,1,output\experiments\exp3_low_load_channel_aware_adaptation_20260526_202329_seed42\samples\lca\clean\L3\4018-103416-0033.wav
lca,4018-103416-0033,1,500,dropout-low,0.01,0,0.16269123554229736,0.005857000003743451,1,output\experiments\exp3_low_load_channel_aware_adaptation_20260526_202329_seed42\samples\lca\dropout-low\L1\4018-103416-0033.wav
lca,4018-103416-0033,2,1000,dropout-low,0.01,0,0.16269391775131226,0.007327999999688473,1,output\experiments\exp3_low_load_channel_aware_adaptation_20260526_202329_seed42\samples\lca\dropout-low\L2\4018-103416-0033.wav
lca,4018-103416-0033,3,1500,dropout-low,0.01,0,0.16269172728061676,0.007447799995134119,1,output\experiments\exp3_low_load_channel_aware_adaptation_20260526_202329_seed42\samples\lca\dropout-low\L3\4018-103416-0033.wav
lca,4018-103416-0033,1,500,substitution-low,0,0.001,0.16269123554229736,0.008959400001913309,1,output\experiments\exp3_low_load_channel_aware_adaptation_20260526_202329_seed42\samples\lca\substitution-low\L1\4018-103416-0033.wav
lca,4018-103416-0033,2,1000,substitution-low,0,0.001,0.16269391775131226,0.0077521999992313795,1,output\experiments\exp3_low_load_channel_aware_adaptation_20260526_202329_seed42\samples\lca\substitution-low\L2\4018-103416-0033.wav
lca,4018-103416-0033,3,1500,substitution-low,0,0.001,0.16269172728061676,0.008964699998614378,1,output\experiments\exp3_low_load_channel_aware_adaptation_20260526_202329_seed42\samples\lca\substitution-low\L3\4018-103416-0033.wav
