variant_id,ablation_group,L,channel,ideal_bitrate_bps,WER,CER,STOI,PESQ,ViSQOL,semantic_similarity,recon_l1,RTF,sample_count,notes
hand_encoder_base,hand_vs_nas_encoder,1,clean,500,,,,,,,0.08459721505641937,0.004359599995950703,1,Objective audio metrics not executed in this debug run
hand_encoder_base,hand_vs_nas_encoder,2,clean,1000,,,,,,,0.08460133522748947,0.00475630000437377,1,Objective audio metrics not executed in this debug run
hand_encoder_base,hand_vs_nas_encoder,3,clean,1500,,,,,,,0.08460116386413574,0.005083099997136742,1,Objective audio metrics not executed in this debug run
hand_encoder_base,hand_vs_nas_encoder,1,clean,500,,,,,,,0.06416796892881393,0.004497100002481602,1,Objective audio metrics not executed in this debug run
hand_encoder_base,hand_vs_nas_encoder,2,clean,1000,,,,,,,0.06417194753885269,0.007337200004258193,1,Objective audio metrics not executed in this debug run
hand_encoder_base,hand_vs_nas_encoder,3,clean,1500,,,,,,,0.06417190283536911,0.00725169999350328,1,Objective audio metrics not executed in this debug run
hand_encoder_base,hand_vs_nas_encoder,1,clean,500,,,,,,,0.07599658519029617,0.007056299997202586,1,Objective audio metrics not executed in this debug run
hand_encoder_base,hand_vs_nas_encoder,2,clean,1000,,,,,,,0.07600045949220657,0.006944000000657979,1,Objective audio metrics not executed in this debug run
hand_encoder_base,hand_vs_nas_encoder,3,clean,1500,,,,,,,0.07600045949220657,0.006949399998120498,1,Objective audio metrics not executed in this debug run
nas_encoder_base,hand_vs_nas_encoder,1,clean,500,,,,,,,0.16738280653953552,0.004387499997392297,1,Objective audio metrics not executed in this debug run
nas_encoder_base,hand_vs_nas_encoder,2,clean,1000,,,,,,,0.16738206148147583,0.004390399997646455,1,Objective audio metrics not executed in this debug run
nas_encoder_base,hand_vs_nas_encoder,3,clean,1500,,,,,,,0.16738250851631165,0.007548300003691111,1,Objective audio metrics not executed in this debug run
nas_encoder_base,hand_vs_nas_encoder,1,clean,500,,,,,,,0.1601102203130722,0.00681349999649683,1,Objective audio metrics not executed in this debug run
nas_encoder_base,hand_vs_nas_encoder,2,clean,1000,,,,,,,0.16010361909866333,0.007170199998654425,1,Objective audio metrics not executed in this debug run
nas_encoder_base,hand_vs_nas_encoder,3,clean,1500,,,,,,,0.1601039320230484,0.007714400002441835,1,Objective audio metrics not executed in this debug run
nas_encoder_base,hand_vs_nas_encoder,1,clean,500,,,,,,,0.16450095176696777,0.007113600004231557,1,Objective audio metrics not executed in this debug run
nas_encoder_base,hand_vs_nas_encoder,2,clean,1000,,,,,,,0.16449867188930511,0.004481500000110827,1,Objective audio metrics not executed in this debug run
nas_encoder_base,hand_vs_nas_encoder,3,clean,1500,,,,,,,0.1644991636276245,0.00724360000458546,1,Objective audio metrics not executed in this debug run
base_debug,base_vs_lca,1,clean,500,,,,,,,0.16738280653953552,0.006945699999050703,1,Objective audio metrics not executed in this debug run
base_debug,base_vs_lca,2,clean,1000,,,,,,,0.16738206148147583,0.0070903000014368445,1,Objective audio metrics not executed in this debug run
base_debug,base_vs_lca,3,clean,1500,,,,,,,0.16738250851631165,0.007549900001322385,1,Objective audio metrics not executed in this debug run
base_debug,base_vs_lca,1,clean,500,,,,,,,0.1601102203130722,0.004412500005855691,1,Objective audio metrics not executed in this debug run
base_debug,base_vs_lca,2,clean,1000,,,,,,,0.16010361909866333,0.007556899996416178,1,Objective audio metrics not executed in this debug run
base_debug,base_vs_lca,3,clean,1500,,,,,,,0.1601039320230484,0.004899100000329781,1,Objective audio metrics not executed in this debug run
base_debug,base_vs_lca,1,clean,500,,,,,,,0.16450095176696777,0.007332399996812455,1,Objective audio metrics not executed in this debug run
base_debug,base_vs_lca,2,clean,1000,,,,,,,0.16449867188930511,0.005220899998676032,1,Objective audio metrics not executed in this debug run
base_debug,base_vs_lca,3,clean,1500,,,,,,,0.1644991636276245,0.007257299999764655,1,Objective audio metrics not executed in this debug run
lca_random_l_on,base_vs_lca/random_l_on,1,clean,500,,,,,,,0.1656198650598526,0.007169900003646035,1,Objective audio metrics not executed in this debug run
lca_random_l_on,base_vs_lca/random_l_on,2,clean,1000,,,,,,,0.16562482714653015,0.005386700002418365,1,Objective audio metrics not executed in this debug run
lca_random_l_on,base_vs_lca/random_l_on,3,clean,1500,,,,,,,0.1656225025653839,0.0044207999962964095,1,Objective audio metrics not executed in this debug run
lca_random_l_on,base_vs_lca/random_l_on,1,clean,500,,,,,,,0.15815380215644836,0.007204300003650133,1,Objective audio metrics not executed in this debug run
lca_random_l_on,base_vs_lca/random_l_on,2,clean,1000,,,,,,,0.1581483781337738,0.006890000004204921,1,Objective audio metrics not executed in this debug run
lca_random_l_on,base_vs_lca/random_l_on,3,clean,1500,,,,,,,0.15814737975597382,0.007189299998572096,1,Objective audio metrics not executed in this debug run
lca_random_l_on,base_vs_lca/random_l_on,1,clean,500,,,,,,,0.16269123554229736,0.008551699997042306,1,Objective audio metrics not executed in this debug run
lca_random_l_on,base_vs_lca/random_l_on,2,clean,1000,,,,,,,0.16269391775131226,0.0072358000034000725,1,Objective audio metrics not executed in this debug run
lca_random_l_on,base_vs_lca/random_l_on,3,clean,1500,,,,,,,0.16269172728061676,0.009634500005631708,1,Objective audio metrics not executed in this debug run
no_semantic_distill,semantic_distillation_on_off,1,clean,500,,,,,,,0.11134079098701477,0.00429739999526646,1,Objective audio metrics not executed in this debug run
no_semantic_distill,semantic_distillation_on_off,2,clean,1000,,,,,,,0.1113535687327385,0.007186300004832447,1,Objective audio metrics not executed in this debug run
no_semantic_distill,semantic_distillation_on_off,3,clean,1500,,,,,,,0.11135394871234894,0.007064899997203611,1,Objective audio metrics not executed in this debug run
no_semantic_distill,semantic_distillation_on_off,1,clean,500,,,,,,,0.0984169989824295,0.0071556999973836355,1,Objective audio metrics not executed in this debug run
no_semantic_distill,semantic_distillation_on_off,2,clean,1000,,,,,,,0.09843172132968903,0.00683730000309879,1,Objective audio metrics not executed in this debug run
no_semantic_distill,semantic_distillation_on_off,3,clean,1500,,,,,,,0.09843219816684723,0.007311599998502061,1,Objective audio metrics not executed in this debug run
no_semantic_distill,semantic_distillation_on_off,1,clean,500,,,,,,,0.10572052747011185,0.006814700005634222,1,Objective audio metrics not executed in this debug run
no_semantic_distill,semantic_distillation_on_off,2,clean,1000,,,,,,,0.10573506355285645,0.006879399996250868,1,Objective audio metrics not executed in this debug run
no_semantic_distill,semantic_distillation_on_off,3,clean,1500,,,,,,,0.10573546588420868,0.006945300003280863,1,Objective audio metrics not executed in this debug run
random_l_off,random_l_sampling_on_off,1,clean,500,,,,,,,0.16558662056922913,0.00446150000061607,1,Objective audio metrics not executed in this debug run
random_l_off,random_l_sampling_on_off,2,clean,1000,,,,,,,0.16559241712093353,0.007151400001021102,1,Objective audio metrics not executed in this debug run
random_l_off,random_l_sampling_on_off,3,clean,1500,,,,,,,0.16559076309204102,0.007363600001554005,1,Objective audio metrics not executed in this debug run
random_l_off,random_l_sampling_on_off,1,clean,500,,,,,,,0.15811823308467865,0.0070764999982202426,1,Objective audio metrics not executed in this debug run
random_l_off,random_l_sampling_on_off,2,clean,1000,,,,,,,0.15811435878276825,0.007020500001090113,1,Objective audio metrics not executed in this debug run
random_l_off,random_l_sampling_on_off,3,clean,1500,,,,,,,0.1581139713525772,0.007037999996100552,1,Objective audio metrics not executed in this debug run
random_l_off,random_l_sampling_on_off,1,clean,500,,,,,,,0.16265742480754852,0.00923270000203047,1,Objective audio metrics not executed in this debug run
random_l_off,random_l_sampling_on_off,2,clean,1000,,,,,,,0.1626613289117813,0.005410400000982918,1,Objective audio metrics not executed in this debug run
random_l_off,random_l_sampling_on_off,3,clean,1500,,,,,,,0.16265976428985596,0.006916499994986225,1,Objective audio metrics not executed in this debug run
