method,model,L,codec_setting,sample_id,wer_vs_gt,cer_vs_gt,wer_vs_original_whisper,cer_vs_original_whisper,hypothesis_text,decoded_path,transcript_path
scit_base,scit_base,1,L=1,8838-298545-0037,0.5454545454545454,0.3853211009174312,0.5454545454545454,0.3853211009174312,"Remember the man who knocked out this woman? He ate a bottle of famous tread-borthen. I'm sure, sir, you've been wildly proud to have outed him in one round, sitting on the other hand. Why, you're dead and worse, the 10 stone six chair-bem.",output\experiments\exp4_baseline_comparison_20260531_seed42\samples\scit_base\L1\8838-298545-0037.wav,output\experiments\exp4_baseline_comparison_20260531_seed42\artifacts\asr_transcripts\scit_base\L=1\8838-298545-0037.txt
scit_base,scit_base,2,L=2,8838-298545-0037,0.45454545454545453,0.25229357798165136,0.45454545454545453,0.25229357798165136,"You remember the man whom knocked out this morning? He was bought him, the famous Tathpartan. I am sure, sir, you made a wilder part of it out in him and went round, sir, the publican. Why, it took Norris, the 10th Stone Six champion? . . . . . . . . .",output\experiments\exp4_baseline_comparison_20260531_seed42\samples\scit_base\L2\8838-298545-0037.wav,output\experiments\exp4_baseline_comparison_20260531_seed42\artifacts\asr_transcripts\scit_base\L=2\8838-298545-0037.txt
scit_base,scit_base,3,L=3,8838-298545-0037,0.18181818181818182,0.10091743119266056,0.18181818181818182,0.10091743119266056,"You remember the man whom you knocked out this morning? He was Barton, the famous twat Barton. I'm sure sir you may well be part of it out of him in one round,"" said the publican. Why, it took Morris, the 10th Stone Six champion... . . . . . . . . .",output\experiments\exp4_baseline_comparison_20260531_seed42\samples\scit_base\L3\8838-298545-0037.wav,output\experiments\exp4_baseline_comparison_20260531_seed42\artifacts\asr_transcripts\scit_base\L=3\8838-298545-0037.txt
scit_lca,scit_lca,1,L=1,8838-298545-0037,0.5454545454545454,0.3348623853211009,0.5454545454545454,0.3348623853211009,"Remember the name of the man who knocked out this wing? He ate the fortune, the famous chess-partum. I'm sure as soon you may well be proud of it out of him in one round, said the publican. Why, they checked Morris, the twin-stulled six-champion...",output\experiments\exp4_baseline_comparison_20260531_seed42\samples\scit_lca\L1\8838-298545-0037.wav,output\experiments\exp4_baseline_comparison_20260531_seed42\artifacts\asr_transcripts\scit_lca\L=1\8838-298545-0037.txt
scit_lca,scit_lca,2,L=2,8838-298545-0037,0.2727272727272727,0.16972477064220184,0.2727272727272727,0.16972477064220184,"You remember the man who knocked out this morning? He is bawling, the famous Tazparson. I'm sure as soon you may well be proud of him and one round,"" said the publican. Why, it took Morris, the 10 stone six champion— . . . . . . . . .",output\experiments\exp4_baseline_comparison_20260531_seed42\samples\scit_lca\L2\8838-298545-0037.wav,output\experiments\exp4_baseline_comparison_20260531_seed42\artifacts\asr_transcripts\scit_lca\L=2\8838-298545-0037.txt
scit_lca,scit_lca,3,L=3,8838-298545-0037,0.29545454545454547,0.1651376146788991,0.29545454545454547,0.1651376146788991,"You remember the man whom you knocked out this morning? Here's Boulton, the famous Tarth Parton. I'm sure as soon you may well be proud of him and one round,"" said the publican. Why, he took Morris, the 10th Stone Six champion? . . . . . . . . .",output\experiments\exp4_baseline_comparison_20260531_seed42\samples\scit_lca\L3\8838-298545-0037.wav,output\experiments\exp4_baseline_comparison_20260531_seed42\artifacts\asr_transcripts\scit_lca\L=3\8838-298545-0037.txt
pcm,pcm_16bit_16khz,,16bit_16khz_passthrough,8838-298545-0037,0.0,0.0,0.0,0.0,"You remember the man whom you knocked out this morning? He is Barton, the famous Ted Barton. I'm sure, sir, you may well be proud to have outed him in one round,"" said the publican. Why, it took Morris, the ten stone six champion—",output\experiments\exp4_baseline_comparison_20260531_seed42\samples\pcm\8838-298545-0037.wav,output\experiments\exp4_baseline_comparison_20260531_seed42\artifacts\asr_transcripts\pcm\16bit_16khz_passthrough\8838-298545-0037.txt
encodec,encodec_24khz,2,bw1.5kbps_n_cb2,8838-298545-0037,0.25,0.13761467889908258,0.25,0.13761467889908258,"You remember the man whom you knocked out this morning? He is Baldwin, the famous Taz Barton. I'm sure sir you may well be proud to have outed in in one round, sir Republican. Why, you didn't want us, the 10 stone six champion? . . . . . . . . .",output\experiments\exp4_baseline_comparison_20260531_seed42\samples\encodec\bw1.5kbps\8838-298545-0037.wav,output\experiments\exp4_baseline_comparison_20260531_seed42\artifacts\asr_transcripts\encodec\bw1.5kbps_n_cb2\8838-298545-0037.txt
encodec,encodec_24khz,4,bw3.0kbps_n_cb4,8838-298545-0037,0.045454545454545456,0.013761467889908258,0.045454545454545456,0.013761467889908258,"You remember the man whom you knocked out this morning? He is Barton, the famous Ted Barton. I'm sure, sir, you may well be proud to have out of him in one round,"" said the publican. Why, it took Morris, the ten stone six champion? ... ... ... ... ... ...",output\experiments\exp4_baseline_comparison_20260531_seed42\samples\encodec\bw3.0kbps\8838-298545-0037.wav,output\experiments\exp4_baseline_comparison_20260531_seed42\artifacts\asr_transcripts\encodec\bw3.0kbps_n_cb4\8838-298545-0037.txt
encodec,encodec_24khz,8,bw6.0kbps_n_cb8,8838-298545-0037,0.045454545454545456,0.009174311926605505,0.045454545454545456,0.009174311926605505,"You remember the man whom you knocked out this morning? He is Barton, the famous Ted Barton. I am sure, sir, you may well be proud to have outed him in one round,"" said the publican. Why, it took Morris, the ten stone six champion— .",output\experiments\exp4_baseline_comparison_20260531_seed42\samples\encodec\bw6.0kbps\8838-298545-0037.wav,output\experiments\exp4_baseline_comparison_20260531_seed42\artifacts\asr_transcripts\encodec\bw6.0kbps_n_cb8\8838-298545-0037.txt
encodec,encodec_24khz,16,bw12.0kbps_n_cb16,8838-298545-0037,0.0,0.0,0.0,0.0,"You remember the man whom you knocked out this morning? He is Barton, the famous Ted Barton. ""'I'm sure, sir, you may well be proud to have outed him in one round,' said the publican. Why, it took Morris, the ten stone six champion—'",output\experiments\exp4_baseline_comparison_20260531_seed42\samples\encodec\bw12.0kbps\8838-298545-0037.wav,output\experiments\exp4_baseline_comparison_20260531_seed42\artifacts\asr_transcripts\encodec\bw12.0kbps_n_cb16\8838-298545-0037.txt
dac,dac_16khz,1,n_q_1,8838-298545-0037,0.9090909090909091,0.5642201834862385,0.9090909090909091,0.5642201834862385,"Do you remember the man who did not feel the same thing? He has water, the thing was to add to the weapon. I'm sure a semi-divet army driver will have it in the blood world. Say the public. Why? It took my eyes to turn down sticks to the bill.",output\experiments\exp4_baseline_comparison_20260531_seed42\samples\dac\n_q1\8838-298545-0037.wav,output\experiments\exp4_baseline_comparison_20260531_seed42\artifacts\asr_transcripts\dac\n_q_1\8838-298545-0037.txt
dac,dac_16khz,2,n_q_2,8838-298545-0037,0.4318181818181818,0.24770642201834864,0.4318181818181818,0.24770642201834864,"You remember the man when you knocked out this wine? He has bought it, the famous tadplartan. I'm sure sir you may well be plucking up out of everyone round, say the publican. Why, it took me worse, the Tim Star Six champion. . . . . . . . . .",output\experiments\exp4_baseline_comparison_20260531_seed42\samples\dac\n_q2\8838-298545-0037.wav,output\experiments\exp4_baseline_comparison_20260531_seed42\artifacts\asr_transcripts\dac\n_q_2\8838-298545-0037.txt
dac,dac_16khz,3,n_q_3,8838-298545-0037,0.25,0.1559633027522936,0.25,0.1559633027522936,"You remember the man when you knocked out this morning? He is Barton, the famous Ted Barton. I'm sure so you may well be pregnant out of him in one round, so the publican. Why, it did Morris, the 10th Star 6th champion.",output\experiments\exp4_baseline_comparison_20260531_seed42\samples\dac\n_q3\8838-298545-0037.wav,output\experiments\exp4_baseline_comparison_20260531_seed42\artifacts\asr_transcripts\dac\n_q_3\8838-298545-0037.txt
dac,dac_16khz,4,n_q_4,8838-298545-0037,0.20454545454545456,0.12844036697247707,0.20454545454545456,0.12844036697247707,"You remember the man whom you knocked out this morning? He is Barton, the famous Ted Barton. I'm sure, sir, you may well be pregnant about it in one round, so the publican. Why, you did Morris, the 10th Stone Six champion.",output\experiments\exp4_baseline_comparison_20260531_seed42\samples\dac\n_q4\8838-298545-0037.wav,output\experiments\exp4_baseline_comparison_20260531_seed42\artifacts\asr_transcripts\dac\n_q_4\8838-298545-0037.txt
dac,dac_16khz,6,n_q_6,8838-298545-0037,0.13636363636363635,0.05504587155963303,0.13636363636363635,0.05504587155963303,"You remember the man whom you knocked out this morning? He is Barton, the famous Ted Barton. I am sure, sir, you may well be proud to have out at him in one round,"" said the publican. Why, you took Morris, the ten stone six champion— You",output\experiments\exp4_baseline_comparison_20260531_seed42\samples\dac\n_q6\8838-298545-0037.wav,output\experiments\exp4_baseline_comparison_20260531_seed42\artifacts\asr_transcripts\dac\n_q_6\8838-298545-0037.txt
dac,dac_16khz,9,n_q_9,8838-298545-0037,0.11363636363636363,0.04128440366972477,0.11363636363636363,0.04128440366972477,"You remember the man whom you knocked out this morning? He is Barton, the famous Ted Barton. I am sure, sir, you may well be proud to have out at him in one round,"" said the publican. Why, it took Morris, the ten stone six champion— You",output\experiments\exp4_baseline_comparison_20260531_seed42\samples\dac\n_q9\8838-298545-0037.wav,output\experiments\exp4_baseline_comparison_20260531_seed42\artifacts\asr_transcripts\dac\n_q_9\8838-298545-0037.txt
dac,dac_16khz,12,n_q_12,8838-298545-0037,0.022727272727272728,0.01834862385321101,0.022727272727272728,0.01834862385321101,"You remember the man whom you knocked out this morning? He is Barton, the famous Ted Barton. ""'I'm sure, sir, you may well be proud to have outed him in one round,' said the publican. Why, it took Morris, the ten stone six champion—' You",output\experiments\exp4_baseline_comparison_20260531_seed42\samples\dac\n_q12\8838-298545-0037.wav,output\experiments\exp4_baseline_comparison_20260531_seed42\artifacts\asr_transcripts\dac\n_q_12\8838-298545-0037.txt
scit_base,scit_base,1,L=1,5390-30102-0015,0.08333333333333333,0.06091370558375635,0.08333333333333333,0.06091370558375635,"What had rendered Iris so unhappy and despairing? Thirdly, the Clapton's only friend had been a crazy man named Will Townsend. Was he crazy before the Captain's death, or had he become crazed at that time?",output\experiments\exp4_baseline_comparison_20260531_seed42\samples\scit_base\L1\5390-30102-0015.wav,output\experiments\exp4_baseline_comparison_20260531_seed42\artifacts\asr_transcripts\scit_base\L=1\5390-30102-0015.txt
scit_base,scit_base,2,L=2,5390-30102-0015,0.027777777777777776,0.015228426395939087,0.027777777777777776,0.015228426395939087,"What had rendered her so unhappy and despairing. Thirdly, the captain's only friend had been a crazy man named Will Tonson. Was he crazy before the captain's death, or had he become crazed at that time?",output\experiments\exp4_baseline_comparison_20260531_seed42\samples\scit_base\L2\5390-30102-0015.wav,output\experiments\exp4_baseline_comparison_20260531_seed42\artifacts\asr_transcripts\scit_base\L=2\5390-30102-0015.txt
scit_base,scit_base,3,L=3,5390-30102-0015,0.027777777777777776,0.015228426395939087,0.027777777777777776,0.015228426395939087,"What had rendered her so unhappy and despairing. Thirdly, the captain's only friend had been a crazy man named Will Tonson. Was he crazy before the captain's death, or had he become crazed at that time?",output\experiments\exp4_baseline_comparison_20260531_seed42\samples\scit_base\L3\5390-30102-0015.wav,output\experiments\exp4_baseline_comparison_20260531_seed42\artifacts\asr_transcripts\scit_base\L=3\5390-30102-0015.txt
scit_lca,scit_lca,1,L=1,5390-30102-0015,0.027777777777777776,0.030456852791878174,0.027777777777777776,0.030456852791878174,"What had rendered her so unhappy and despairing? Fridman, the captain's only friend had been a crazy man named Will Thompson. Was he crazy before the captain's death, or had he become crazed at that time?",output\experiments\exp4_baseline_comparison_20260531_seed42\samples\scit_lca\L1\5390-30102-0015.wav,output\experiments\exp4_baseline_comparison_20260531_seed42\artifacts\asr_transcripts\scit_lca\L=1\5390-30102-0015.txt
scit_lca,scit_lca,2,L=2,5390-30102-0015,0.0,0.0,0.0,0.0,"What had rendered her so unhappy and despairing. Thirdly, the captain's only friend had been a crazy man named Will Thompson. Was he crazy before the captain's death, or had he become crazed at that time?",output\experiments\exp4_baseline_comparison_20260531_seed42\samples\scit_lca\L2\5390-30102-0015.wav,output\experiments\exp4_baseline_comparison_20260531_seed42\artifacts\asr_transcripts\scit_lca\L=2\5390-30102-0015.txt
scit_lca,scit_lca,3,L=3,5390-30102-0015,0.0,0.0,0.0,0.0,"What had rendered her so unhappy and despairing. Thirdly, the captain's only friend had been a crazy man named Will Thompson. Was he crazy before the captain's death, or had he become crazed at that time?",output\experiments\exp4_baseline_comparison_20260531_seed42\samples\scit_lca\L3\5390-30102-0015.wav,output\experiments\exp4_baseline_comparison_20260531_seed42\artifacts\asr_transcripts\scit_lca\L=3\5390-30102-0015.txt
pcm,pcm_16bit_16khz,,16bit_16khz_passthrough,5390-30102-0015,0.0,0.0,0.0,0.0,"What had rendered her so unhappy and despairing? Thirdly, the captain's only friend had been a crazy man named Will Thompson. Was he crazy before the captain's death, or had he become crazed at that time?",output\experiments\exp4_baseline_comparison_20260531_seed42\samples\pcm\5390-30102-0015.wav,output\experiments\exp4_baseline_comparison_20260531_seed42\artifacts\asr_transcripts\pcm\16bit_16khz_passthrough\5390-30102-0015.txt
encodec,encodec_24khz,2,bw1.5kbps_n_cb2,5390-30102-0015,0.0,0.0,0.0,0.0,"What had rendered her so unhappy and despairing. Thirdly, the captain's only friend had been a crazy man named Will Thompson. Was he crazy before the captain's death, or had he become crazed at that time?",output\experiments\exp4_baseline_comparison_20260531_seed42\samples\encodec\bw1.5kbps\5390-30102-0015.wav,output\experiments\exp4_baseline_comparison_20260531_seed42\artifacts\asr_transcripts\encodec\bw1.5kbps_n_cb2\5390-30102-0015.txt
encodec,encodec_24khz,4,bw3.0kbps_n_cb4,5390-30102-0015,0.0,0.0,0.0,0.0,"What had rendered her so unhappy and despairing. Thirdly, the captain's only friend had been a crazy man named Will Thompson. Was he crazy before the captain's death, or had he become crazed at that time?",output\experiments\exp4_baseline_comparison_20260531_seed42\samples\encodec\bw3.0kbps\5390-30102-0015.wav,output\experiments\exp4_baseline_comparison_20260531_seed42\artifacts\asr_transcripts\encodec\bw3.0kbps_n_cb4\5390-30102-0015.txt
encodec,encodec_24khz,8,bw6.0kbps_n_cb8,5390-30102-0015,0.0,0.0,0.0,0.0,"What had rendered her so unhappy and despairing. Thirdly, the captain's only friend had been a crazy man named Will Thompson. Was he crazy before the captain's death, or had he become crazed at that time?",output\experiments\exp4_baseline_comparison_20260531_seed42\samples\encodec\bw6.0kbps\5390-30102-0015.wav,output\experiments\exp4_baseline_comparison_20260531_seed42\artifacts\asr_transcripts\encodec\bw6.0kbps_n_cb8\5390-30102-0015.txt
encodec,encodec_24khz,16,bw12.0kbps_n_cb16,5390-30102-0015,0.0,0.0,0.0,0.0,"What had rendered her so unhappy and despairing. Thirdly, the captain's only friend had been a crazy man named Will Thompson. Was he crazy before the captain's death, or had he become crazed at that time?",output\experiments\exp4_baseline_comparison_20260531_seed42\samples\encodec\bw12.0kbps\5390-30102-0015.wav,output\experiments\exp4_baseline_comparison_20260531_seed42\artifacts\asr_transcripts\encodec\bw12.0kbps_n_cb16\5390-30102-0015.txt
dac,dac_16khz,1,n_q_1,5390-30102-0015,0.9444444444444444,0.5736040609137056,0.9444444444444444,0.5736040609137056,"Or the regret that I was so unhappy and just bitter and bitter. The pottets only frame me, You know crazy men are made wrong too, But so crazy if all the pottets lift, Or have you no great fit back to me.",output\experiments\exp4_baseline_comparison_20260531_seed42\samples\dac\n_q1\5390-30102-0015.wav,output\experiments\exp4_baseline_comparison_20260531_seed42\artifacts\asr_transcripts\dac\n_q_1\5390-30102-0015.txt
dac,dac_16khz,2,n_q_2,5390-30102-0015,0.027777777777777776,0.015228426395939087,0.027777777777777776,0.015228426395939087,"What then rendered her so unhappy and despairing? Thirdly, the captain's only friend had been a crazy man named Will Thompson. Was he crazy before the captain's death or had he become crazed at that time?",output\experiments\exp4_baseline_comparison_20260531_seed42\samples\dac\n_q2\5390-30102-0015.wav,output\experiments\exp4_baseline_comparison_20260531_seed42\artifacts\asr_transcripts\dac\n_q_2\5390-30102-0015.txt
dac,dac_16khz,3,n_q_3,5390-30102-0015,0.0,0.0,0.0,0.0,"What had rendered her so unhappy and despairing. Thirdly, the captain's only friend had been a crazy man named Will Thompson. Was he crazy before the captain's death, or had he become crazed at that time?",output\experiments\exp4_baseline_comparison_20260531_seed42\samples\dac\n_q3\5390-30102-0015.wav,output\experiments\exp4_baseline_comparison_20260531_seed42\artifacts\asr_transcripts\dac\n_q_3\5390-30102-0015.txt
dac,dac_16khz,4,n_q_4,5390-30102-0015,0.0,0.0,0.0,0.0,"What had rendered her so unhappy and despairing. Thirdly, the captain's only friend had been a crazy man named Will Thompson. Was he crazy before the captain's death, or had he become crazed at that time?",output\experiments\exp4_baseline_comparison_20260531_seed42\samples\dac\n_q4\5390-30102-0015.wav,output\experiments\exp4_baseline_comparison_20260531_seed42\artifacts\asr_transcripts\dac\n_q_4\5390-30102-0015.txt
dac,dac_16khz,6,n_q_6,5390-30102-0015,0.0,0.0,0.0,0.0,"What had rendered her so unhappy and despairing. Thirdly, the captain's only friend had been a crazy man named Will Thompson. Was he crazy before the captain's death, or had he become crazed at that time?",output\experiments\exp4_baseline_comparison_20260531_seed42\samples\dac\n_q6\5390-30102-0015.wav,output\experiments\exp4_baseline_comparison_20260531_seed42\artifacts\asr_transcripts\dac\n_q_6\5390-30102-0015.txt
dac,dac_16khz,9,n_q_9,5390-30102-0015,0.0,0.0,0.0,0.0,"What had rendered her so unhappy and despairing. Thirdly, the captain's only friend had been a crazy man named Will Thompson. Was he crazy before the captain's death, or had he become crazed at that time?",output\experiments\exp4_baseline_comparison_20260531_seed42\samples\dac\n_q9\5390-30102-0015.wav,output\experiments\exp4_baseline_comparison_20260531_seed42\artifacts\asr_transcripts\dac\n_q_9\5390-30102-0015.txt
dac,dac_16khz,12,n_q_12,5390-30102-0015,0.0,0.0,0.0,0.0,"What had rendered her so unhappy and despairing. Thirdly, the captain's only friend had been a crazy man named Will Thompson. Was he crazy before the captain's death or had he become crazed at that time?",output\experiments\exp4_baseline_comparison_20260531_seed42\samples\dac\n_q12\5390-30102-0015.wav,output\experiments\exp4_baseline_comparison_20260531_seed42\artifacts\asr_transcripts\dac\n_q_12\5390-30102-0015.txt
scit_base,scit_base,1,L=1,4018-103416-0033,0.4,0.21266968325791855,0.3409090909090909,0.18636363636363637,"She was holding out both hands too impitiously. You wouldn't do it, would you? I might have to go, you baited. You wouldn't play me all I had, all I have left to live for. You wouldn't do it, do it when they can. As you're needed here.",output\experiments\exp4_baseline_comparison_20260531_seed42\samples\scit_base\L1\4018-103416-0033.wav,output\experiments\exp4_baseline_comparison_20260531_seed42\artifacts\asr_transcripts\scit_base\L=1\4018-103416-0033.txt
scit_base,scit_base,2,L=2,4018-103416-0033,0.15555555555555556,0.058823529411764705,0.06818181818181818,0.02727272727272727,"She was holding out both hands too impitiously. You wouldn't go, would you? I might have to go, he abated. You wouldn't, Graham. You all I had, all I had left to live for, you wouldn't need to go. It's ridiculous. You're needed here. . . . . . . . . .",output\experiments\exp4_baseline_comparison_20260531_seed42\samples\scit_base\L2\4018-103416-0033.wav,output\experiments\exp4_baseline_comparison_20260531_seed42\artifacts\asr_transcripts\scit_base\L=2\4018-103416-0033.txt
scit_base,scit_base,3,L=3,4018-103416-0033,0.08888888888888889,0.03167420814479638,0.0,0.0,"She was holding out both hands too impitiously. You wouldn't go, would you? I might have to go, he abated. You wouldn't, Graham. You're all I have, all I have left to live for. You wouldn't need to go. It's ridiculous. You're needed here. . . . . . . . . .",output\experiments\exp4_baseline_comparison_20260531_seed42\samples\scit_base\L3\4018-103416-0033.wav,output\experiments\exp4_baseline_comparison_20260531_seed42\artifacts\asr_transcripts\scit_base\L=3\4018-103416-0033.txt
scit_lca,scit_lca,1,L=1,4018-103416-0033,0.5333333333333333,0.3755656108597285,0.5227272727272727,0.36818181818181817,"She was holding out both hands to impitiously. He didn't throw a machine. I might have to know he had made it. It wouldn't bring me all I had, all I had left to know for. It wouldn't be to know which condition he did here.",output\experiments\exp4_baseline_comparison_20260531_seed42\samples\scit_lca\L1\4018-103416-0033.wav,output\experiments\exp4_baseline_comparison_20260531_seed42\artifacts\asr_transcripts\scit_lca\L=1\4018-103416-0033.txt
scit_lca,scit_lca,2,L=2,4018-103416-0033,0.28888888888888886,0.1493212669683258,0.25,0.14545454545454545,"She was holding up both hands too impitiously. He wouldn't go, would you? I might have to go, he evaded. He wouldn't, Graham, you all I have, all I have left to live for. You wouldn't be to go, which would equal as you needed here.",output\experiments\exp4_baseline_comparison_20260531_seed42\samples\scit_lca\L2\4018-103416-0033.wav,output\experiments\exp4_baseline_comparison_20260531_seed42\artifacts\asr_transcripts\scit_lca\L=2\4018-103416-0033.txt
scit_lca,scit_lca,3,L=3,4018-103416-0033,0.06666666666666667,0.03167420814479638,0.13636363636363635,0.05454545454545454,"She was holding out both hands to him pitiously. He wouldn't go, would you? I might have to go, he evaded. He wouldn't, Graham, you're all I have, all I have left to live for. You wouldn't need to go. It's ridiculous. You're needed here.",output\experiments\exp4_baseline_comparison_20260531_seed42\samples\scit_lca\L3\4018-103416-0033.wav,output\experiments\exp4_baseline_comparison_20260531_seed42\artifacts\asr_transcripts\scit_lca\L=3\4018-103416-0033.txt
pcm,pcm_16bit_16khz,,16bit_16khz_passthrough,4018-103416-0033,0.08888888888888889,0.03167420814479638,0.0,0.0,"She was holding out both hands too impitiously. You wouldn't go, would you? I might have to go, he abated. You wouldn't, Graham. You're all I have. All I have left to live for. You wouldn't need to go. It's ridiculous. You're needed here.",output\experiments\exp4_baseline_comparison_20260531_seed42\samples\pcm\4018-103416-0033.wav,output\experiments\exp4_baseline_comparison_20260531_seed42\artifacts\asr_transcripts\pcm\16bit_16khz_passthrough\4018-103416-0033.txt
encodec,encodec_24khz,2,bw1.5kbps_n_cb2,4018-103416-0033,0.35555555555555557,0.2171945701357466,0.29545454545454547,0.2,"She was holding out both hands too impitiously. He wouldn't go, would you? And I'd have to go, he elated. He wouldn't, Graham, you know all I have, all I have left to live for. He wouldn't need to go, which would take you unless you're needed here.",output\experiments\exp4_baseline_comparison_20260531_seed42\samples\encodec\bw1.5kbps\4018-103416-0033.wav,output\experiments\exp4_baseline_comparison_20260531_seed42\artifacts\asr_transcripts\encodec\bw1.5kbps_n_cb2\4018-103416-0033.txt
encodec,encodec_24khz,4,bw3.0kbps_n_cb4,4018-103416-0033,0.13333333333333333,0.04072398190045249,0.09090909090909091,0.03636363636363636,"She was holding out both hands too impitiously. You wouldn't go, would you? I might have to go, he evaded. You wouldn't, Graham. You're all I have. All I have left to live for. You wouldn't need to go. It's ridiculous. You need it here.",output\experiments\exp4_baseline_comparison_20260531_seed42\samples\encodec\bw3.0kbps\4018-103416-0033.wav,output\experiments\exp4_baseline_comparison_20260531_seed42\artifacts\asr_transcripts\encodec\bw3.0kbps_n_cb4\4018-103416-0033.txt
encodec,encodec_24khz,8,bw6.0kbps_n_cb8,4018-103416-0033,0.13333333333333333,0.049773755656108594,0.09090909090909091,0.02727272727272727,"She was holding out both hands to impitiously. You wouldn't go, would you? I might have to go, he abated. You wouldn't, Graham. You're all I have. All I have left to live for. You wouldn't need to go. It's ridiculous. You need it here.",output\experiments\exp4_baseline_comparison_20260531_seed42\samples\encodec\bw6.0kbps\4018-103416-0033.wav,output\experiments\exp4_baseline_comparison_20260531_seed42\artifacts\asr_transcripts\encodec\bw6.0kbps_n_cb8\4018-103416-0033.txt
encodec,encodec_24khz,16,bw12.0kbps_n_cb16,4018-103416-0033,0.06666666666666667,0.027149321266968326,0.022727272727272728,0.004545454545454545,"She was holding out both hands to impitiously. You wouldn't go, would you? I might have to go, he abated. You wouldn't, Graham. You're all I have. All I have left to live for. You wouldn't need to go. It's ridiculous. You're needed here.",output\experiments\exp4_baseline_comparison_20260531_seed42\samples\encodec\bw12.0kbps\4018-103416-0033.wav,output\experiments\exp4_baseline_comparison_20260531_seed42\artifacts\asr_transcripts\encodec\bw12.0kbps_n_cb16\4018-103416-0033.txt
dac,dac_16khz,1,n_q_1,4018-103416-0033,0.9777777777777777,0.6334841628959276,1.0,0.6363636363636364,"She was all I got, both late and student, but he was late. And what did I work in? Oh my gosh, you know, really? You better have new idea, and we'll not ever have to work for it. We wouldn't be into now, it's what it is unless you may be in here.",output\experiments\exp4_baseline_comparison_20260531_seed42\samples\dac\n_q1\4018-103416-0033.wav,output\experiments\exp4_baseline_comparison_20260531_seed42\artifacts\asr_transcripts\dac\n_q_1\4018-103416-0033.txt
dac,dac_16khz,2,n_q_2,4018-103416-0033,0.3111111111111111,0.17194570135746606,0.3409090909090909,0.17727272727272728,"She was holding up both hands to it pretty easily. He wouldn't go with you. I might have to go here, baby. You wouldn't, Graham, you all I had, all I have left to learn for. You wouldn't need to go. It's ridiculous you need it here.",output\experiments\exp4_baseline_comparison_20260531_seed42\samples\dac\n_q2\4018-103416-0033.wav,output\experiments\exp4_baseline_comparison_20260531_seed42\artifacts\asr_transcripts\dac\n_q_2\4018-103416-0033.txt
dac,dac_16khz,3,n_q_3,4018-103416-0033,0.13333333333333333,0.06787330316742081,0.18181818181818182,0.08636363636363636,"She was holding out both hands to it pretty easily. You wouldn't go, would you? I might have to go, he evaded. You wouldn't, Graham. You're all I have, all I have left to live for. You wouldn't need to go. It's ridiculous. You need it here. . . . . . . . . .",output\experiments\exp4_baseline_comparison_20260531_seed42\samples\dac\n_q3\4018-103416-0033.wav,output\experiments\exp4_baseline_comparison_20260531_seed42\artifacts\asr_transcripts\dac\n_q_3\4018-103416-0033.txt
dac,dac_16khz,4,n_q_4,4018-103416-0033,0.15555555555555556,0.058823529411764705,0.20454545454545456,0.07272727272727272,"She was holding up both hands to him pitiously. You wouldn't go, would you? I might have to go, he made it. You wouldn't, Graham. You're all I have, all I have left to live for. You wouldn't need to go. It's ridiculous. You need it here.",output\experiments\exp4_baseline_comparison_20260531_seed42\samples\dac\n_q4\4018-103416-0033.wav,output\experiments\exp4_baseline_comparison_20260531_seed42\artifacts\asr_transcripts\dac\n_q_4\4018-103416-0033.txt
dac,dac_16khz,6,n_q_6,4018-103416-0033,0.13333333333333333,0.058823529411764705,0.1590909090909091,0.05454545454545454,"She was holding out both hands to him piddiously. You wouldn't go, would you? I might have to go, he abated. You wouldn't, Graham. You all I have, all I have left to live for. You wouldn't need to go. It's ridiculous. You need it here.",output\experiments\exp4_baseline_comparison_20260531_seed42\samples\dac\n_q6\4018-103416-0033.wav,output\experiments\exp4_baseline_comparison_20260531_seed42\artifacts\asr_transcripts\dac\n_q_6\4018-103416-0033.txt
dac,dac_16khz,9,n_q_9,4018-103416-0033,0.06666666666666667,0.027149321266968326,0.022727272727272728,0.004545454545454545,"She was holding out both hands to impitiously. You wouldn't go, would you? I might have to go, he abated. You wouldn't, Graham. You're all I have. All I have left to live for. You wouldn't need to go. It's ridiculous. You're needed here.",output\experiments\exp4_baseline_comparison_20260531_seed42\samples\dac\n_q9\4018-103416-0033.wav,output\experiments\exp4_baseline_comparison_20260531_seed42\artifacts\asr_transcripts\dac\n_q_9\4018-103416-0033.txt
dac,dac_16khz,12,n_q_12,4018-103416-0033,0.044444444444444446,0.013574660633484163,0.045454545454545456,0.01818181818181818,"She was holding out both hands to impitiously. You wouldn't go, would you? I might have to go, he evaded. You wouldn't, Graham. You're all I have. All I have left to live for. You wouldn't need to go. It's ridiculous. You're needed here.",output\experiments\exp4_baseline_comparison_20260531_seed42\samples\dac\n_q12\4018-103416-0033.wav,output\experiments\exp4_baseline_comparison_20260531_seed42\artifacts\asr_transcripts\dac\n_q_12\4018-103416-0033.txt
scit_base,scit_base,1,L=1,1737-148989-0006,0.5161290322580645,0.25,0.5161290322580645,0.25,"Fans kept the table busy with this varying message, not saying loving letters from white sick and tongue who asked the shifting agents for names. Even busy child wrote them unusual words.",output\experiments\exp4_baseline_comparison_20260531_seed42\samples\scit_base\L1\1737-148989-0006.wav,output\experiments\exp4_baseline_comparison_20260531_seed42\artifacts\asr_transcripts\scit_base\L=1\1737-148989-0006.txt
scit_base,scit_base,2,L=2,1737-148989-0006,0.25806451612903225,0.1111111111111111,0.25806451612903225,0.1111111111111111,"found strict the table busy with his varying messages, Matt sent loving letters from Leipzig, and Tom harassed the shipping agents for news. He'd been busy Jackworth them with unusual warmth.",output\experiments\exp4_baseline_comparison_20260531_seed42\samples\scit_base\L2\1737-148989-0006.wav,output\experiments\exp4_baseline_comparison_20260531_seed42\artifacts\asr_transcripts\scit_base\L=2\1737-148989-0006.txt
scit_base,scit_base,3,L=3,1737-148989-0006,0.25806451612903225,0.11666666666666667,0.25806451612903225,0.11666666666666667,"Fraunz kept the cable busy with his varying messages, Nat sent loving writers from Glite sick, and Tom harassed the shipping agents for news. He'd been busy Jackworth them with unusual warmth.",output\experiments\exp4_baseline_comparison_20260531_seed42\samples\scit_base\L3\1737-148989-0006.wav,output\experiments\exp4_baseline_comparison_20260531_seed42\artifacts\asr_transcripts\scit_base\L=3\1737-148989-0006.txt
scit_lca,scit_lca,1,L=1,1737-148989-0006,0.41935483870967744,0.2222222222222222,0.41935483870967744,0.2222222222222222,"Fans kept the table busy with his varying messages, Matt set loving letters for light safe, and twelve last shipping agents for news. He didn't busy Jack wrote them with unusual works.",output\experiments\exp4_baseline_comparison_20260531_seed42\samples\scit_lca\L1\1737-148989-0006.wav,output\experiments\exp4_baseline_comparison_20260531_seed42\artifacts\asr_transcripts\scit_lca\L=1\1737-148989-0006.txt
scit_lca,scit_lca,2,L=2,1737-148989-0006,0.16129032258064516,0.08888888888888889,0.16129032258064516,0.08888888888888889,"Franz kept the cable busy with his varying messages, Nat sent loving letters from Leipzig, and Trump rastes shipping agents for news. Eden Bissie Jack wrote them with unusual warmth.",output\experiments\exp4_baseline_comparison_20260531_seed42\samples\scit_lca\L2\1737-148989-0006.wav,output\experiments\exp4_baseline_comparison_20260531_seed42\artifacts\asr_transcripts\scit_lca\L=2\1737-148989-0006.txt
scit_lca,scit_lca,3,L=3,1737-148989-0006,0.06451612903225806,0.044444444444444446,0.06451612903225806,0.044444444444444446,"Franz kept the cable busy with his varying messages, Nat sent loving letters from Leipzig, and Tom rastes shipping agents for news. Even Busy Jack wrote them with unusual warmth.",output\experiments\exp4_baseline_comparison_20260531_seed42\samples\scit_lca\L3\1737-148989-0006.wav,output\experiments\exp4_baseline_comparison_20260531_seed42\artifacts\asr_transcripts\scit_lca\L=3\1737-148989-0006.txt
pcm,pcm_16bit_16khz,,16bit_16khz_passthrough,1737-148989-0006,0.0,0.0,0.0,0.0,"Franz kept the cable busy with his varying messages, Nat sent loving letters from Leipzig, and Tom harassed the shipping agents for news. Even Busy Jack wrote them with unusual warmth.",output\experiments\exp4_baseline_comparison_20260531_seed42\samples\pcm\1737-148989-0006.wav,output\experiments\exp4_baseline_comparison_20260531_seed42\artifacts\asr_transcripts\pcm\16bit_16khz_passthrough\1737-148989-0006.txt
encodec,encodec_24khz,2,bw1.5kbps_n_cb2,1737-148989-0006,0.06451612903225806,0.044444444444444446,0.06451612903225806,0.044444444444444446,"Franz kept the cable busy with his varying messages, Nat sent loving letters from Light Sick, and Tom harassed the shipping agents for news. Even busy Jack wrote them with unusual warmth.",output\experiments\exp4_baseline_comparison_20260531_seed42\samples\encodec\bw1.5kbps\1737-148989-0006.wav,output\experiments\exp4_baseline_comparison_20260531_seed42\artifacts\asr_transcripts\encodec\bw1.5kbps_n_cb2\1737-148989-0006.txt
encodec,encodec_24khz,4,bw3.0kbps_n_cb4,1737-148989-0006,0.0,0.0,0.0,0.0,"Franz kept the cable busy with his varying messages, Nat sent loving letters from Leipzig, and Tom harassed the shipping agents for news. Even Busy Jack wrote them with unusual warmth.",output\experiments\exp4_baseline_comparison_20260531_seed42\samples\encodec\bw3.0kbps\1737-148989-0006.wav,output\experiments\exp4_baseline_comparison_20260531_seed42\artifacts\asr_transcripts\encodec\bw3.0kbps_n_cb4\1737-148989-0006.txt
encodec,encodec_24khz,8,bw6.0kbps_n_cb8,1737-148989-0006,0.0,0.0,0.0,0.0,"Franz kept the cable busy with his varying messages, Nat sent loving letters from Leipzig, and Tom harassed the shipping agents for news. Even Busy Jack wrote them with unusual warmth.",output\experiments\exp4_baseline_comparison_20260531_seed42\samples\encodec\bw6.0kbps\1737-148989-0006.wav,output\experiments\exp4_baseline_comparison_20260531_seed42\artifacts\asr_transcripts\encodec\bw6.0kbps_n_cb8\1737-148989-0006.txt
encodec,encodec_24khz,16,bw12.0kbps_n_cb16,1737-148989-0006,0.0,0.0,0.0,0.0,"Franz kept the cable busy with his varying messages, Nat sent loving letters from Leipzig, and Tom harassed the shipping agents for news. Even Busy Jack wrote them with unusual warmth.",output\experiments\exp4_baseline_comparison_20260531_seed42\samples\encodec\bw12.0kbps\1737-148989-0006.wav,output\experiments\exp4_baseline_comparison_20260531_seed42\artifacts\asr_transcripts\encodec\bw12.0kbps_n_cb16\1737-148989-0006.txt
dac,dac_16khz,1,n_q_1,1737-148989-0006,0.967741935483871,0.6277777777777778,0.967741935483871,0.6277777777777778,"Fast-nipped table, basic, stability, and necessities. That's it, money, money, money. It's all the last situations for me. It's the most exact part of the visual part.",output\experiments\exp4_baseline_comparison_20260531_seed42\samples\dac\n_q1\1737-148989-0006.wav,output\experiments\exp4_baseline_comparison_20260531_seed42\artifacts\asr_transcripts\dac\n_q_1\1737-148989-0006.txt
dac,dac_16khz,2,n_q_2,1737-148989-0006,0.45161290322580644,0.25555555555555554,0.45161290322580644,0.25555555555555554,"files kept the table busy with his varying messages, and set bloody letters from light sick, and Tom rusted shipping agents for news. You think busy Jack wrote them with a usual book?",output\experiments\exp4_baseline_comparison_20260531_seed42\samples\dac\n_q2\1737-148989-0006.wav,output\experiments\exp4_baseline_comparison_20260531_seed42\artifacts\asr_transcripts\dac\n_q_2\1737-148989-0006.txt
dac,dac_16khz,3,n_q_3,1737-148989-0006,0.0967741935483871,0.05555555555555555,0.0967741935483871,0.05555555555555555,"Franz kept the cable busy with his varying messages, nad sent lovely letters from Leipzig, and Tom rest the shipping agents for news. Even Busy Jack wrote them with unusual warmth.",output\experiments\exp4_baseline_comparison_20260531_seed42\samples\dac\n_q3\1737-148989-0006.wav,output\experiments\exp4_baseline_comparison_20260531_seed42\artifacts\asr_transcripts\dac\n_q_3\1737-148989-0006.txt
dac,dac_16khz,4,n_q_4,1737-148989-0006,0.0,0.0,0.0,0.0,"Franz kept the cable busy with his varying messages, Nat sent loving letters from Leipzig, and Tom harassed the shipping agents for news. Even Busy Jack wrote them with unusual warmth.",output\experiments\exp4_baseline_comparison_20260531_seed42\samples\dac\n_q4\1737-148989-0006.wav,output\experiments\exp4_baseline_comparison_20260531_seed42\artifacts\asr_transcripts\dac\n_q_4\1737-148989-0006.txt
dac,dac_16khz,6,n_q_6,1737-148989-0006,0.03225806451612903,0.022222222222222223,0.03225806451612903,0.022222222222222223,"Franz kept the cable busy with his varying messages, Nat sent loving letters from Leipzig, and Tom wrested the shipping agents for news. Even Busy Jack wrote them with unusual warmth.",output\experiments\exp4_baseline_comparison_20260531_seed42\samples\dac\n_q6\1737-148989-0006.wav,output\experiments\exp4_baseline_comparison_20260531_seed42\artifacts\asr_transcripts\dac\n_q_6\1737-148989-0006.txt
dac,dac_16khz,9,n_q_9,1737-148989-0006,0.0,0.0,0.0,0.0,"Franz kept the cable busy with his varying messages, Nat sent loving letters from Leipzig, and Tom harassed the shipping agents for news. Even Busy Jack wrote them with unusual warmth.",output\experiments\exp4_baseline_comparison_20260531_seed42\samples\dac\n_q9\1737-148989-0006.wav,output\experiments\exp4_baseline_comparison_20260531_seed42\artifacts\asr_transcripts\dac\n_q_9\1737-148989-0006.txt
dac,dac_16khz,12,n_q_12,1737-148989-0006,0.0,0.0,0.0,0.0,"Franz kept the cable busy with his varying messages, Nat sent loving letters from Leipzig, and Tom harassed the shipping agents for news. Even Busy Jack wrote them with unusual warmth.",output\experiments\exp4_baseline_comparison_20260531_seed42\samples\dac\n_q12\1737-148989-0006.wav,output\experiments\exp4_baseline_comparison_20260531_seed42\artifacts\asr_transcripts\dac\n_q_12\1737-148989-0006.txt
scit_base,scit_base,1,L=1,1455-138263-0040,0.36585365853658536,0.23555555555555555,0.3902439024390244,0.26851851851851855,"Let's get cold quickly. Because West Trammable, then the murdering ocean of the moon upon her axis was not equal to a revelation of her quality, which presents each territory of her gift during fifteen days to the action of the Solar West.",output\experiments\exp4_baseline_comparison_20260531_seed42\samples\scit_base\L1\1455-138263-0040.wav,output\experiments\exp4_baseline_comparison_20260531_seed42\artifacts\asr_transcripts\scit_base\L=1\1455-138263-0040.txt
scit_base,scit_base,2,L=2,1455-138263-0040,0.12195121951219512,0.07111111111111111,0.14634146341463414,0.09259259259259259,"V. McColl quickly. Because most probably, then the rotary motion of the moon upon her axis was not equal to a revolution, an equality which presents each part of her disk during fifteen days to the action of the solar waste.",output\experiments\exp4_baseline_comparison_20260531_seed42\samples\scit_base\L2\1455-138263-0040.wav,output\experiments\exp4_baseline_comparison_20260531_seed42\artifacts\asr_transcripts\scit_base\L=2\1455-138263-0040.txt
scit_base,scit_base,3,L=3,1455-138263-0040,0.12195121951219512,0.05333333333333334,0.12195121951219512,0.06944444444444445,"Yes, Nicole, quickly. Because most probably, then the rotary motion of the moon upon her axis was not equal to her revolution, an equality which presents each part of her disk during fifteen days to the action of the solarized.",output\experiments\exp4_baseline_comparison_20260531_seed42\samples\scit_base\L3\1455-138263-0040.wav,output\experiments\exp4_baseline_comparison_20260531_seed42\artifacts\asr_transcripts\scit_base\L=3\1455-138263-0040.txt
scit_lca,scit_lca,1,L=1,1455-138263-0040,0.36585365853658536,0.2088888888888889,0.3170731707317073,0.16666666666666666,"That's Nicole quickly. Because most probably, then a reverie notion of the new economic on her axis was not equal to her revolution, an equality in which presents each part of her fist during 15 days to be action for the solo ads.",output\experiments\exp4_baseline_comparison_20260531_seed42\samples\scit_lca\L1\1455-138263-0040.wav,output\experiments\exp4_baseline_comparison_20260531_seed42\artifacts\asr_transcripts\scit_lca\L=1\1455-138263-0040.txt
scit_lca,scit_lca,2,L=2,1455-138263-0040,0.17073170731707318,0.13777777777777778,0.12195121951219512,0.09259259259259259,"That's Nicole quickly. Because most probably, then the murdering ocean of the moon upon her axis was not equal to her revolution, an equality which presents each part of her disk during 15 days to the action of the solar ice.",output\experiments\exp4_baseline_comparison_20260531_seed42\samples\scit_lca\L2\1455-138263-0040.wav,output\experiments\exp4_baseline_comparison_20260531_seed42\artifacts\asr_transcripts\scit_lca\L=2\1455-138263-0040.txt
scit_lca,scit_lca,3,L=3,1455-138263-0040,0.12195121951219512,0.08,0.12195121951219512,0.09722222222222222,"That's Nicole quickly. Because most probably, then the rivering ocean of the moon upon her axis was not equal to her revolution, an equality which presents each part of her disk during fifteen days to the action of the solar rays.",output\experiments\exp4_baseline_comparison_20260531_seed42\samples\scit_lca\L3\1455-138263-0040.wav,output\experiments\exp4_baseline_comparison_20260531_seed42\artifacts\asr_transcripts\scit_lca\L=3\1455-138263-0040.txt
pcm,pcm_16bit_16khz,,16bit_16khz_passthrough,1455-138263-0040,0.07317073170731707,0.05333333333333334,0.0,0.0,"As Nicole quickly, because most probably then the rotary motion of the moon upon her axis was not equal to her revolution, an equality which presents each part of her disc during 15 days to the action of the solar rays.",output\experiments\exp4_baseline_comparison_20260531_seed42\samples\pcm\1455-138263-0040.wav,output\experiments\exp4_baseline_comparison_20260531_seed42\artifacts\asr_transcripts\pcm\16bit_16khz_passthrough\1455-138263-0040.txt
encodec,encodec_24khz,2,bw1.5kbps_n_cb2,1455-138263-0040,0.0975609756097561,0.06222222222222222,0.024390243902439025,0.009259259259259259,"As Nicole quickly, because most probably, then the rotary motion of the moon upon her axis was not equal to her revolution, an equality which presents each part of her disc during 15 days to the action of the solar res.",output\experiments\exp4_baseline_comparison_20260531_seed42\samples\encodec\bw1.5kbps\1455-138263-0040.wav,output\experiments\exp4_baseline_comparison_20260531_seed42\artifacts\asr_transcripts\encodec\bw1.5kbps_n_cb2\1455-138263-0040.txt
encodec,encodec_24khz,4,bw3.0kbps_n_cb4,1455-138263-0040,0.14634146341463414,0.07555555555555556,0.0975609756097561,0.027777777777777776,"That's Nicole quickly. Because most probably, then the rotary motion of the moon upon her axis was not equal to her revolution and a quality which presents each part of her disc during 15 days to the action of the solar rays.",output\experiments\exp4_baseline_comparison_20260531_seed42\samples\encodec\bw3.0kbps\1455-138263-0040.wav,output\experiments\exp4_baseline_comparison_20260531_seed42\artifacts\asr_transcripts\encodec\bw3.0kbps_n_cb4\1455-138263-0040.txt
encodec,encodec_24khz,8,bw6.0kbps_n_cb8,1455-138263-0040,0.14634146341463414,0.06666666666666667,0.07317073170731707,0.013888888888888888,"As Nicole quickly, because most probably then the rotary motion of the moon upon her axis was not equal to her revolution and a quality which presents each part of her disc during 15 days to the action of the solar rays.",output\experiments\exp4_baseline_comparison_20260531_seed42\samples\encodec\bw6.0kbps\1455-138263-0040.wav,output\experiments\exp4_baseline_comparison_20260531_seed42\artifacts\asr_transcripts\encodec\bw6.0kbps_n_cb8\1455-138263-0040.txt
encodec,encodec_24khz,16,bw12.0kbps_n_cb16,1455-138263-0040,0.0975609756097561,0.06666666666666667,0.024390243902439025,0.013888888888888888,"As Nicole quickly, because most probably then the rotary motion of the moon upon her axis was not equal to her revolution, an equality which presents each part of her disc during 15 days to the action of the solar rise.",output\experiments\exp4_baseline_comparison_20260531_seed42\samples\encodec\bw12.0kbps\1455-138263-0040.wav,output\experiments\exp4_baseline_comparison_20260531_seed42\artifacts\asr_transcripts\encodec\bw12.0kbps_n_cb16\1455-138263-0040.txt
dac,dac_16khz,1,n_q_1,1455-138263-0040,0.926829268292683,0.8266666666666667,0.926829268292683,0.8240740740740741,That's important quickly. We contrast most probably the earlier,output\experiments\exp4_baseline_comparison_20260531_seed42\samples\dac\n_q1\1455-138263-0040.wav,output\experiments\exp4_baseline_comparison_20260531_seed42\artifacts\asr_transcripts\dac\n_q_1\1455-138263-0040.txt
dac,dac_16khz,2,n_q_2,1455-138263-0040,0.3170731707317073,0.16444444444444445,0.2682926829268293,0.12962962962962962,"I guess Nicole quickly. Because noise probably, then the rotary motion of the moon, from her axis, was not equal to her revolution. And the polity, which presents each part of her disk during 15 days of the adoption of the solar waste.",output\experiments\exp4_baseline_comparison_20260531_seed42\samples\dac\n_q2\1455-138263-0040.wav,output\experiments\exp4_baseline_comparison_20260531_seed42\artifacts\asr_transcripts\dac\n_q_2\1455-138263-0040.txt
dac,dac_16khz,3,n_q_3,1455-138263-0040,0.24390243902439024,0.09777777777777778,0.21951219512195122,0.07407407407407407,"I asked Nicole quickly, because most probably then the run of re-motion of the moon upon her axis was not equal to her revolution and a quality which presents each part of her disk during 15 days to the action of the solar rays.",output\experiments\exp4_baseline_comparison_20260531_seed42\samples\dac\n_q3\1455-138263-0040.wav,output\experiments\exp4_baseline_comparison_20260531_seed42\artifacts\asr_transcripts\dac\n_q_3\1455-138263-0040.txt
dac,dac_16khz,4,n_q_4,1455-138263-0040,0.14634146341463414,0.07111111111111111,0.07317073170731707,0.018518518518518517,"As Nicole quickly, because most probably then the rotary motion of the moon upon her axis was not equal to her revolution and the quality which presents each part of her disc during 15 days to the action of the solar rays.",output\experiments\exp4_baseline_comparison_20260531_seed42\samples\dac\n_q4\1455-138263-0040.wav,output\experiments\exp4_baseline_comparison_20260531_seed42\artifacts\asr_transcripts\dac\n_q_4\1455-138263-0040.txt
dac,dac_16khz,6,n_q_6,1455-138263-0040,0.17073170731707318,0.07555555555555556,0.12195121951219512,0.027777777777777776,"Yes, Nicole quickly. Because most probably, then the rotary motion of the moon upon her axis was not equal to her revolution, and a quality which presents each part of her disk during 15 days to the action of the solar rays.",output\experiments\exp4_baseline_comparison_20260531_seed42\samples\dac\n_q6\1455-138263-0040.wav,output\experiments\exp4_baseline_comparison_20260531_seed42\artifacts\asr_transcripts\dac\n_q_6\1455-138263-0040.txt
dac,dac_16khz,9,n_q_9,1455-138263-0040,0.07317073170731707,0.05333333333333334,0.0,0.0,"As Nicole quickly, because most probably, then the rotary motion of the moon upon her axis was not equal to her revolution, an equality which presents each part of her disc during 15 days to the action of the solar rays.",output\experiments\exp4_baseline_comparison_20260531_seed42\samples\dac\n_q9\1455-138263-0040.wav,output\experiments\exp4_baseline_comparison_20260531_seed42\artifacts\asr_transcripts\dac\n_q_9\1455-138263-0040.txt
dac,dac_16khz,12,n_q_12,1455-138263-0040,0.0975609756097561,0.06666666666666667,0.024390243902439025,0.013888888888888888,"As Nicole quickly, because most probably then the rotary motion of the moon upon her axis was not equal to a revolution, an equality which presents each part of her disc during 15 days to the action of the solar rays.",output\experiments\exp4_baseline_comparison_20260531_seed42\samples\dac\n_q12\1455-138263-0040.wav,output\experiments\exp4_baseline_comparison_20260531_seed42\artifacts\asr_transcripts\dac\n_q_12\1455-138263-0040.txt
scit_base,scit_base,1,L=1,311-124404-0119,0.7777777777777778,0.42424242424242425,0.7777777777777778,0.42424242424242425,The dourish mode that is more powerful in leading to people who I had to stray from the street by the searching.,output\experiments\exp4_baseline_comparison_20260531_seed42\samples\scit_base\L1\311-124404-0119.wav,output\experiments\exp4_baseline_comparison_20260531_seed42\artifacts\asr_transcripts\scit_base\L=1\311-124404-0119.txt
scit_base,scit_base,2,L=2,311-124404-0119,0.4444444444444444,0.1919191919191919,0.4444444444444444,0.1919191919191919,There is no that is more powerful in leading people why it's a stray from a street path of virtue.,output\experiments\exp4_baseline_comparison_20260531_seed42\samples\scit_base\L2\311-124404-0119.wav,output\experiments\exp4_baseline_comparison_20260531_seed42\artifacts\asr_transcripts\scit_base\L=2\311-124404-0119.txt
scit_base,scit_base,3,L=3,311-124404-0119,0.16666666666666666,0.09090909090909091,0.16666666666666666,0.09090909090909091,There is no that is more powerful in leading to feeble minds astray from the street path of virtue.,output\experiments\exp4_baseline_comparison_20260531_seed42\samples\scit_base\L3\311-124404-0119.wav,output\experiments\exp4_baseline_comparison_20260531_seed42\artifacts\asr_transcripts\scit_base\L=3\311-124404-0119.txt
scit_lca,scit_lca,1,L=1,311-124404-0119,0.5555555555555556,0.32323232323232326,0.5555555555555556,0.32323232323232326,There is no difference in leading the feeble lines of stray from the stray path of virtue.,output\experiments\exp4_baseline_comparison_20260531_seed42\samples\scit_lca\L1\311-124404-0119.wav,output\experiments\exp4_baseline_comparison_20260531_seed42\artifacts\asr_transcripts\scit_lca\L=1\311-124404-0119.txt
scit_lca,scit_lca,2,L=2,311-124404-0119,0.16666666666666666,0.10101010101010101,0.16666666666666666,0.10101010101010101,There is no more powerful in leading feeble minds astray from the straight path of virtue.,output\experiments\exp4_baseline_comparison_20260531_seed42\samples\scit_lca\L2\311-124404-0119.wav,output\experiments\exp4_baseline_comparison_20260531_seed42\artifacts\asr_transcripts\scit_lca\L=2\311-124404-0119.txt
scit_lca,scit_lca,3,L=3,311-124404-0119,0.05555555555555555,0.020202020202020204,0.05555555555555555,0.020202020202020204,There is no that is more powerful in leading feeble minds astray from the straight path of virtue.,output\experiments\exp4_baseline_comparison_20260531_seed42\samples\scit_lca\L3\311-124404-0119.wav,output\experiments\exp4_baseline_comparison_20260531_seed42\artifacts\asr_transcripts\scit_lca\L=3\311-124404-0119.txt
pcm,pcm_16bit_16khz,,16bit_16khz_passthrough,311-124404-0119,0.0,0.0,0.0,0.0,There is none that is more powerful in leading feeble minds astray from the straight path of virtue,output\experiments\exp4_baseline_comparison_20260531_seed42\samples\pcm\311-124404-0119.wav,output\experiments\exp4_baseline_comparison_20260531_seed42\artifacts\asr_transcripts\pcm\16bit_16khz_passthrough\311-124404-0119.txt
encodec,encodec_24khz,2,bw1.5kbps_n_cb2,311-124404-0119,0.4444444444444444,0.1919191919191919,0.4444444444444444,0.1919191919191919,There is no more powerful in leading a feeble mind to stray from a straight path of virtue.,output\experiments\exp4_baseline_comparison_20260531_seed42\samples\encodec\bw1.5kbps\311-124404-0119.wav,output\experiments\exp4_baseline_comparison_20260531_seed42\artifacts\asr_transcripts\encodec\bw1.5kbps_n_cb2\311-124404-0119.txt
encodec,encodec_24khz,4,bw3.0kbps_n_cb4,311-124404-0119,0.0,0.0,0.0,0.0,There is none that is more powerful in leading feeble minds astray from the straight path of virtue,output\experiments\exp4_baseline_comparison_20260531_seed42\samples\encodec\bw3.0kbps\311-124404-0119.wav,output\experiments\exp4_baseline_comparison_20260531_seed42\artifacts\asr_transcripts\encodec\bw3.0kbps_n_cb4\311-124404-0119.txt
encodec,encodec_24khz,8,bw6.0kbps_n_cb8,311-124404-0119,0.0,0.0,0.0,0.0,There is none that is more powerful in leading feeble minds astray from the straight path of virtue,output\experiments\exp4_baseline_comparison_20260531_seed42\samples\encodec\bw6.0kbps\311-124404-0119.wav,output\experiments\exp4_baseline_comparison_20260531_seed42\artifacts\asr_transcripts\encodec\bw6.0kbps_n_cb8\311-124404-0119.txt
encodec,encodec_24khz,16,bw12.0kbps_n_cb16,311-124404-0119,0.0,0.0,0.0,0.0,There is none that is more powerful in leading feeble minds astray from the straight path of virtue,output\experiments\exp4_baseline_comparison_20260531_seed42\samples\encodec\bw12.0kbps\311-124404-0119.wav,output\experiments\exp4_baseline_comparison_20260531_seed42\artifacts\asr_transcripts\encodec\bw12.0kbps_n_cb16\311-124404-0119.txt
dac,dac_16khz,1,n_q_1,311-124404-0119,1.1666666666666667,0.7878787878787878,1.1666666666666667,0.7878787878787878,"You're actually not taking your prayer from the kingdom, you're not in this trade, in this trade, it's not the fact that...",output\experiments\exp4_baseline_comparison_20260531_seed42\samples\dac\n_q1\311-124404-0119.wav,output\experiments\exp4_baseline_comparison_20260531_seed42\artifacts\asr_transcripts\dac\n_q_1\311-124404-0119.txt
dac,dac_16khz,2,n_q_2,311-124404-0119,0.16666666666666666,0.050505050505050504,0.16666666666666666,0.050505050505050504,There is not that is more powerful including feeble minds astray from the straight path of virtue,output\experiments\exp4_baseline_comparison_20260531_seed42\samples\dac\n_q2\311-124404-0119.wav,output\experiments\exp4_baseline_comparison_20260531_seed42\artifacts\asr_transcripts\dac\n_q_2\311-124404-0119.txt
dac,dac_16khz,3,n_q_3,311-124404-0119,0.05555555555555555,0.020202020202020204,0.05555555555555555,0.020202020202020204,There is none that is more powerful in leading feeble lines astray from the straight path of virtue,output\experiments\exp4_baseline_comparison_20260531_seed42\samples\dac\n_q3\311-124404-0119.wav,output\experiments\exp4_baseline_comparison_20260531_seed42\artifacts\asr_transcripts\dac\n_q_3\311-124404-0119.txt
dac,dac_16khz,4,n_q_4,311-124404-0119,0.0,0.0,0.0,0.0,There is none that is more powerful in leading feeble minds astray from the straight path of virtue,output\experiments\exp4_baseline_comparison_20260531_seed42\samples\dac\n_q4\311-124404-0119.wav,output\experiments\exp4_baseline_comparison_20260531_seed42\artifacts\asr_transcripts\dac\n_q_4\311-124404-0119.txt
dac,dac_16khz,6,n_q_6,311-124404-0119,0.0,0.0,0.0,0.0,There is none that is more powerful in leading feeble minds astray from the straight path of virtue,output\experiments\exp4_baseline_comparison_20260531_seed42\samples\dac\n_q6\311-124404-0119.wav,output\experiments\exp4_baseline_comparison_20260531_seed42\artifacts\asr_transcripts\dac\n_q_6\311-124404-0119.txt
dac,dac_16khz,9,n_q_9,311-124404-0119,0.0,0.0,0.0,0.0,There is none that is more powerful in leading feeble minds astray from the straight path of virtue,output\experiments\exp4_baseline_comparison_20260531_seed42\samples\dac\n_q9\311-124404-0119.wav,output\experiments\exp4_baseline_comparison_20260531_seed42\artifacts\asr_transcripts\dac\n_q_9\311-124404-0119.txt
dac,dac_16khz,12,n_q_12,311-124404-0119,0.0,0.0,0.0,0.0,There is none that is more powerful in leading feeble minds astray from the straight path of virtue,output\experiments\exp4_baseline_comparison_20260531_seed42\samples\dac\n_q12\311-124404-0119.wav,output\experiments\exp4_baseline_comparison_20260531_seed42\artifacts\asr_transcripts\dac\n_q_12\311-124404-0119.txt
scit_base,scit_base,1,L=1,4680-16026-0019,0.42857142857142855,0.13793103448275862,0.125,0.06451612903225806,"You know well, then I am no fool.",output\experiments\exp4_baseline_comparison_20260531_seed42\samples\scit_base\L1\4680-16026-0019.wav,output\experiments\exp4_baseline_comparison_20260531_seed42\artifacts\asr_transcripts\scit_base\L=1\4680-16026-0019.txt
scit_base,scit_base,2,L=2,4680-16026-0019,0.2857142857142857,0.06896551724137931,0.0,0.0,You know well that I am no fool,output\experiments\exp4_baseline_comparison_20260531_seed42\samples\scit_base\L2\4680-16026-0019.wav,output\experiments\exp4_baseline_comparison_20260531_seed42\artifacts\asr_transcripts\scit_base\L=2\4680-16026-0019.txt
scit_base,scit_base,3,L=3,4680-16026-0019,0.2857142857142857,0.06896551724137931,0.0,0.0,You know well that I am no fool,output\experiments\exp4_baseline_comparison_20260531_seed42\samples\scit_base\L3\4680-16026-0019.wav,output\experiments\exp4_baseline_comparison_20260531_seed42\artifacts\asr_transcripts\scit_base\L=3\4680-16026-0019.txt
scit_lca,scit_lca,1,L=1,4680-16026-0019,0.8571428571428571,0.5172413793103449,0.75,0.5161290322580645,"You know what, I know that I know full.",output\experiments\exp4_baseline_comparison_20260531_seed42\samples\scit_lca\L1\4680-16026-0019.wav,output\experiments\exp4_baseline_comparison_20260531_seed42\artifacts\asr_transcripts\scit_lca\L=1\4680-16026-0019.txt
scit_lca,scit_lca,2,L=2,4680-16026-0019,0.2857142857142857,0.06896551724137931,0.0,0.0,You know well that I am no fool,output\experiments\exp4_baseline_comparison_20260531_seed42\samples\scit_lca\L2\4680-16026-0019.wav,output\experiments\exp4_baseline_comparison_20260531_seed42\artifacts\asr_transcripts\scit_lca\L=2\4680-16026-0019.txt
scit_lca,scit_lca,3,L=3,4680-16026-0019,0.42857142857142855,0.13793103448275862,0.125,0.06451612903225806,"You know well, then I am no fool",output\experiments\exp4_baseline_comparison_20260531_seed42\samples\scit_lca\L3\4680-16026-0019.wav,output\experiments\exp4_baseline_comparison_20260531_seed42\artifacts\asr_transcripts\scit_lca\L=3\4680-16026-0019.txt
pcm,pcm_16bit_16khz,,16bit_16khz_passthrough,4680-16026-0019,0.2857142857142857,0.06896551724137931,0.0,0.0,You know well that I am no fool,output\experiments\exp4_baseline_comparison_20260531_seed42\samples\pcm\4680-16026-0019.wav,output\experiments\exp4_baseline_comparison_20260531_seed42\artifacts\asr_transcripts\pcm\16bit_16khz_passthrough\4680-16026-0019.txt
encodec,encodec_24khz,2,bw1.5kbps_n_cb2,4680-16026-0019,1.0,0.5172413793103449,0.625,0.41935483870967744,in a while that I am not full.,output\experiments\exp4_baseline_comparison_20260531_seed42\samples\encodec\bw1.5kbps\4680-16026-0019.wav,output\experiments\exp4_baseline_comparison_20260531_seed42\artifacts\asr_transcripts\encodec\bw1.5kbps_n_cb2\4680-16026-0019.txt
encodec,encodec_24khz,4,bw3.0kbps_n_cb4,4680-16026-0019,0.2857142857142857,0.06896551724137931,0.0,0.0,You know well that I am no fool,output\experiments\exp4_baseline_comparison_20260531_seed42\samples\encodec\bw3.0kbps\4680-16026-0019.wav,output\experiments\exp4_baseline_comparison_20260531_seed42\artifacts\asr_transcripts\encodec\bw3.0kbps_n_cb4\4680-16026-0019.txt
encodec,encodec_24khz,8,bw6.0kbps_n_cb8,4680-16026-0019,0.2857142857142857,0.06896551724137931,0.0,0.0,You know well that I am no fool,output\experiments\exp4_baseline_comparison_20260531_seed42\samples\encodec\bw6.0kbps\4680-16026-0019.wav,output\experiments\exp4_baseline_comparison_20260531_seed42\artifacts\asr_transcripts\encodec\bw6.0kbps_n_cb8\4680-16026-0019.txt
encodec,encodec_24khz,16,bw12.0kbps_n_cb16,4680-16026-0019,0.2857142857142857,0.06896551724137931,0.0,0.0,You know well that I am no fool,output\experiments\exp4_baseline_comparison_20260531_seed42\samples\encodec\bw12.0kbps\4680-16026-0019.wav,output\experiments\exp4_baseline_comparison_20260531_seed42\artifacts\asr_transcripts\encodec\bw12.0kbps_n_cb16\4680-16026-0019.txt
dac,dac_16khz,1,n_q_1,4680-16026-0019,0.7142857142857143,0.6206896551724138,0.75,0.6451612903225806,"You know, brother.",output\experiments\exp4_baseline_comparison_20260531_seed42\samples\dac\n_q1\4680-16026-0019.wav,output\experiments\exp4_baseline_comparison_20260531_seed42\artifacts\asr_transcripts\dac\n_q_1\4680-16026-0019.txt
dac,dac_16khz,2,n_q_2,4680-16026-0019,0.42857142857142855,0.1724137931034483,0.125,0.0967741935483871,You know why that I am no fool?,output\experiments\exp4_baseline_comparison_20260531_seed42\samples\dac\n_q2\4680-16026-0019.wav,output\experiments\exp4_baseline_comparison_20260531_seed42\artifacts\asr_transcripts\dac\n_q_2\4680-16026-0019.txt
dac,dac_16khz,3,n_q_3,4680-16026-0019,0.2857142857142857,0.06896551724137931,0.0,0.0,You know well that I am no fool,output\experiments\exp4_baseline_comparison_20260531_seed42\samples\dac\n_q3\4680-16026-0019.wav,output\experiments\exp4_baseline_comparison_20260531_seed42\artifacts\asr_transcripts\dac\n_q_3\4680-16026-0019.txt
dac,dac_16khz,4,n_q_4,4680-16026-0019,0.2857142857142857,0.06896551724137931,0.0,0.0,You know well that I am no fool,output\experiments\exp4_baseline_comparison_20260531_seed42\samples\dac\n_q4\4680-16026-0019.wav,output\experiments\exp4_baseline_comparison_20260531_seed42\artifacts\asr_transcripts\dac\n_q_4\4680-16026-0019.txt
dac,dac_16khz,6,n_q_6,4680-16026-0019,0.2857142857142857,0.06896551724137931,0.0,0.0,You know well that I am no fool,output\experiments\exp4_baseline_comparison_20260531_seed42\samples\dac\n_q6\4680-16026-0019.wav,output\experiments\exp4_baseline_comparison_20260531_seed42\artifacts\asr_transcripts\dac\n_q_6\4680-16026-0019.txt
dac,dac_16khz,9,n_q_9,4680-16026-0019,0.2857142857142857,0.06896551724137931,0.0,0.0,You know well that I am no fool,output\experiments\exp4_baseline_comparison_20260531_seed42\samples\dac\n_q9\4680-16026-0019.wav,output\experiments\exp4_baseline_comparison_20260531_seed42\artifacts\asr_transcripts\dac\n_q_9\4680-16026-0019.txt
dac,dac_16khz,12,n_q_12,4680-16026-0019,0.2857142857142857,0.06896551724137931,0.0,0.0,You know well that I am no fool,output\experiments\exp4_baseline_comparison_20260531_seed42\samples\dac\n_q12\4680-16026-0019.wav,output\experiments\exp4_baseline_comparison_20260531_seed42\artifacts\asr_transcripts\dac\n_q_12\4680-16026-0019.txt
scit_base,scit_base,1,L=1,8098-278278-0035,0.46153846153846156,0.2561576354679803,0.4146341463414634,0.22596153846153846,"Then the first place I would be wore the hairst breath escaped to see one wild. I've only seen bears and surfices, were traveling, changing to eutariums. Then the second place, back in the morning, had plenty of medals for sprinting.",output\experiments\exp4_baseline_comparison_20260531_seed42\samples\scit_base\L1\8098-278278-0035.wav,output\experiments\exp4_baseline_comparison_20260531_seed42\artifacts\asr_transcripts\scit_base\L=1\8098-278278-0035.txt
scit_base,scit_base,2,L=2,8098-278278-0035,0.10256410256410256,0.04433497536945813,0.07317073170731707,0.028846153846153848,"In the first place it would be worth a hairless breath escape to see one wild. I've only seen bears and circuses, or traveling, chained to Italians. In the second place I can run. I've plenty of metals for sprinting.",output\experiments\exp4_baseline_comparison_20260531_seed42\samples\scit_base\L2\8098-278278-0035.wav,output\experiments\exp4_baseline_comparison_20260531_seed42\artifacts\asr_transcripts\scit_base\L=2\8098-278278-0035.txt
scit_base,scit_base,3,L=3,8098-278278-0035,0.1282051282051282,0.06896551724137931,0.07317073170731707,0.038461538461538464,"In the first place it would be worth a hairless breath escape to see one wild. I've only seen bears and circuses, or traveling, chained to Italians. In the second place I can run. There's plenty of metals for sprinting.",output\experiments\exp4_baseline_comparison_20260531_seed42\samples\scit_base\L3\8098-278278-0035.wav,output\experiments\exp4_baseline_comparison_20260531_seed42\artifacts\asr_transcripts\scit_base\L=3\8098-278278-0035.txt
scit_lca,scit_lca,1,L=1,8098-278278-0035,0.38461538461538464,0.20689655172413793,0.3170731707317073,0.17307692307692307,"In forest plays it would be worth a hero's breath escape to see one wild. I've only seen bears and circuses, were traveling, changing to Italians. In the sight and place that in ruin. There's plenty of metals for sprinting.",output\experiments\exp4_baseline_comparison_20260531_seed42\samples\scit_lca\L1\8098-278278-0035.wav,output\experiments\exp4_baseline_comparison_20260531_seed42\artifacts\asr_transcripts\scit_lca\L=1\8098-278278-0035.txt
scit_lca,scit_lca,2,L=2,8098-278278-0035,0.15384615384615385,0.07389162561576355,0.04878048780487805,0.028846153846153848,"In the first place it would be worth a hairless breath escape to see one wild. I've only seen bears and circuses, or traveling, chained to Italians. In the second place I can run and have plenty of metals for sprinting.",output\experiments\exp4_baseline_comparison_20260531_seed42\samples\scit_lca\L2\8098-278278-0035.wav,output\experiments\exp4_baseline_comparison_20260531_seed42\artifacts\asr_transcripts\scit_lca\L=2\8098-278278-0035.txt
scit_lca,scit_lca,3,L=3,8098-278278-0035,0.10256410256410256,0.06403940886699508,0.0975609756097561,0.038461538461538464,"In the first place it would be worth a hairless breath escape to see one wild. I've only seen bears and circuses, or traveling, chained to Italians. In the second place I can run. That's plenty of medals for sprinting.",output\experiments\exp4_baseline_comparison_20260531_seed42\samples\scit_lca\L3\8098-278278-0035.wav,output\experiments\exp4_baseline_comparison_20260531_seed42\artifacts\asr_transcripts\scit_lca\L=3\8098-278278-0035.txt
pcm,pcm_16bit_16khz,,16bit_16khz_passthrough,8098-278278-0035,0.15384615384615385,0.04433497536945813,0.0,0.0,"In the first place it would be worth a hair's breath escape to see one wild. I've only seen bears and circuses, or traveling, chained to Italians. In the second place I can run. I have plenty of metals for sprinting.",output\experiments\exp4_baseline_comparison_20260531_seed42\samples\pcm\8098-278278-0035.wav,output\experiments\exp4_baseline_comparison_20260531_seed42\artifacts\asr_transcripts\pcm\16bit_16khz_passthrough\8098-278278-0035.txt
encodec,encodec_24khz,2,bw1.5kbps_n_cb2,8098-278278-0035,0.20512820512820512,0.10344827586206896,0.1951219512195122,0.09615384615384616,"In first place it would be worth a hair's breath escaped to see one wag. I've only seen bears and circuses, or traveling, cheating to Italians. In second place I can run. I've plenty of medals for sprinting.",output\experiments\exp4_baseline_comparison_20260531_seed42\samples\encodec\bw1.5kbps\8098-278278-0035.wav,output\experiments\exp4_baseline_comparison_20260531_seed42\artifacts\asr_transcripts\encodec\bw1.5kbps_n_cb2\8098-278278-0035.txt
encodec,encodec_24khz,4,bw3.0kbps_n_cb4,8098-278278-0035,0.1282051282051282,0.04926108374384237,0.07317073170731707,0.03365384615384615,"In first place it would be worth a hair's breath escape to see one wild. I've only seen bears and circuses, or traveling, chained to Italians. In the second place I can run. I've plenty of metals for sprinting.",output\experiments\exp4_baseline_comparison_20260531_seed42\samples\encodec\bw3.0kbps\8098-278278-0035.wav,output\experiments\exp4_baseline_comparison_20260531_seed42\artifacts\asr_transcripts\encodec\bw3.0kbps_n_cb4\8098-278278-0035.txt
encodec,encodec_24khz,8,bw6.0kbps_n_cb8,8098-278278-0035,0.1282051282051282,0.034482758620689655,0.07317073170731707,0.019230769230769232,"In the first place it would be worth a hair's breath escaped to see one wild. I've only seen bears and circuses, or traveling, chained to Italians. In the second place I can run. I've plenty of metals for sprinting.",output\experiments\exp4_baseline_comparison_20260531_seed42\samples\encodec\bw6.0kbps\8098-278278-0035.wav,output\experiments\exp4_baseline_comparison_20260531_seed42\artifacts\asr_transcripts\encodec\bw6.0kbps_n_cb8\8098-278278-0035.txt
encodec,encodec_24khz,16,bw12.0kbps_n_cb16,8098-278278-0035,0.10256410256410256,0.029556650246305417,0.04878048780487805,0.014423076923076924,"In the first place it would be worth a hair's breath escape to see one wild. I've only seen bears and circuses, or traveling, chained to Italians. In the second place I can run. I've plenty of metals for sprinting.",output\experiments\exp4_baseline_comparison_20260531_seed42\samples\encodec\bw12.0kbps\8098-278278-0035.wav,output\experiments\exp4_baseline_comparison_20260531_seed42\artifacts\asr_transcripts\encodec\bw12.0kbps_n_cb16\8098-278278-0035.txt
dac,dac_16khz,1,n_q_1,8098-278278-0035,0.7692307692307693,0.4729064039408867,0.7317073170731707,0.46634615384615385,"Transploitation would have been a risk worth escape for the same one, and I only seen bears and circuses for twelve years, change in which values, and the second place might be around, if plenty of levels were striking.",output\experiments\exp4_baseline_comparison_20260531_seed42\samples\dac\n_q1\8098-278278-0035.wav,output\experiments\exp4_baseline_comparison_20260531_seed42\artifacts\asr_transcripts\dac\n_q_1\8098-278278-0035.txt
dac,dac_16khz,2,n_q_2,8098-278278-0035,0.3076923076923077,0.1724137931034483,0.2682926829268293,0.15865384615384615,"In the first place it would be worth a years' worth of escape for see one mile. I've only seen bears and surfaces for traveling, changing to Italians. In the second place, I can learn with plenty of metals for sprinting.",output\experiments\exp4_baseline_comparison_20260531_seed42\samples\dac\n_q2\8098-278278-0035.wav,output\experiments\exp4_baseline_comparison_20260531_seed42\artifacts\asr_transcripts\dac\n_q_2\8098-278278-0035.txt
dac,dac_16khz,3,n_q_3,8098-278278-0035,0.15384615384615385,0.09359605911330049,0.0975609756097561,0.0625,In the first place it would be worth a hairless breath escape to see one wild. I've only seen bears and surfaces or traveling chained to Italians. In the second place I can run. There's plenty of metals for sprinting.,output\experiments\exp4_baseline_comparison_20260531_seed42\samples\dac\n_q3\8098-278278-0035.wav,output\experiments\exp4_baseline_comparison_20260531_seed42\artifacts\asr_transcripts\dac\n_q_3\8098-278278-0035.txt
dac,dac_16khz,4,n_q_4,8098-278278-0035,0.15384615384615385,0.06403940886699508,0.07317073170731707,0.04807692307692308,In the first place it would be worth a hair's breath escape to see one wild. I've only seen bears and circuses or traveling chained to Italians. In the second place I can run. plenty of metals for spreading.,output\experiments\exp4_baseline_comparison_20260531_seed42\samples\dac\n_q4\8098-278278-0035.wav,output\experiments\exp4_baseline_comparison_20260531_seed42\artifacts\asr_transcripts\dac\n_q_4\8098-278278-0035.txt
dac,dac_16khz,6,n_q_6,8098-278278-0035,0.10256410256410256,0.029556650246305417,0.04878048780487805,0.014423076923076924,"In the first place it would be worth a hair's breath escape to see one wild. I've only seen bears and circuses, or traveling, chained to Italians. In the second place I can run. I've plenty of metals for sprinting.",output\experiments\exp4_baseline_comparison_20260531_seed42\samples\dac\n_q6\8098-278278-0035.wav,output\experiments\exp4_baseline_comparison_20260531_seed42\artifacts\asr_transcripts\dac\n_q_6\8098-278278-0035.txt
dac,dac_16khz,9,n_q_9,8098-278278-0035,0.10256410256410256,0.029556650246305417,0.04878048780487805,0.014423076923076924,In the first place it would be worth a hair's breath escape to see one wild. I've only seen bears and circuses or traveling chained to Italians. In the second place I can run. I've plenty of metals for sprinting.,output\experiments\exp4_baseline_comparison_20260531_seed42\samples\dac\n_q9\8098-278278-0035.wav,output\experiments\exp4_baseline_comparison_20260531_seed42\artifacts\asr_transcripts\dac\n_q_9\8098-278278-0035.txt
dac,dac_16khz,12,n_q_12,8098-278278-0035,0.15384615384615385,0.04433497536945813,0.0,0.0,In the first place it would be worth a hair's breath escape to see one wild. I've only seen bears and circuses or traveling chained to Italians. In the second place I can run. I have plenty of metals for sprinting.,output\experiments\exp4_baseline_comparison_20260531_seed42\samples\dac\n_q12\8098-278278-0035.wav,output\experiments\exp4_baseline_comparison_20260531_seed42\artifacts\asr_transcripts\dac\n_q_12\8098-278278-0035.txt
opus,libopus,,opus_6000bps,8838-298545-0037,0.20454545454545456,0.1651376146788991,0.20454545454545456,0.1651376146788991,"You remember the man whom you knocked out this morning? He is Barton, the famous Ted Barton. I'm sure, sir, you may well be proud to have out of him in one round,"" said the publican. Why, it took Morris, the 10-stone six-champion— procedurally minor so it's a",output\experiments\exp4_baseline_comparison_20260531_seed42\samples\opus\br6000\8838-298545-0037.wav,output\experiments\exp4_baseline_comparison_20260531_seed42\artifacts\asr_transcripts\opus\opus_6000bps\8838-298545-0037.txt
opus,libopus,,opus_8000bps,8838-298545-0037,0.022727272727272728,0.009174311926605505,0.022727272727272728,0.009174311926605505,"You remember the man whom you knocked out this morning? He is Barton, the famous Ted Barton. I'm sure, sir, you may well be proud to have outed him in one round,"" said the publican. Why, it took Morris, the ten stone six champion— a",output\experiments\exp4_baseline_comparison_20260531_seed42\samples\opus\br8000\8838-298545-0037.wav,output\experiments\exp4_baseline_comparison_20260531_seed42\artifacts\asr_transcripts\opus\opus_8000bps\8838-298545-0037.txt
opus,libopus,,opus_12000bps,8838-298545-0037,0.18181818181818182,0.17889908256880735,0.18181818181818182,0.17889908256880735,"You remember the man whom you knocked out this morning? He is Barton, the famous Ted Barton. I'm sure, sir, you may well be proud to have outed him in one round,"" said the publican. Why, it took Morris, the ten stone six champion— your questions. Mhm. Mhm. Mhm. Mhm. Mhm. Mhm.",output\experiments\exp4_baseline_comparison_20260531_seed42\samples\opus\br12000\8838-298545-0037.wav,output\experiments\exp4_baseline_comparison_20260531_seed42\artifacts\asr_transcripts\opus\opus_12000bps\8838-298545-0037.txt
opus,libopus,,opus_16000bps,8838-298545-0037,0.022727272727272728,0.01834862385321101,0.022727272727272728,0.01834862385321101,"You remember the man whom you knocked out this morning? He is Barton, the famous Ted Barton. I'm sure, sir, you may well be proud to have outed him in one round,"" said the publican. Why, it took Morris, the ten stone six champion— Shh.",output\experiments\exp4_baseline_comparison_20260531_seed42\samples\opus\br16000\8838-298545-0037.wav,output\experiments\exp4_baseline_comparison_20260531_seed42\artifacts\asr_transcripts\opus\opus_16000bps\8838-298545-0037.txt
opus,libopus,,opus_24000bps,8838-298545-0037,0.0,0.0,0.0,0.0,"You remember the man whom you knocked out this morning? He is Barton, the famous Ted Barton. I'm sure, sir, you may well be proud to have outed him in one round,"" said the publican. Why, it took Morris, the ten stone six champion—",output\experiments\exp4_baseline_comparison_20260531_seed42\samples\opus\br24000\8838-298545-0037.wav,output\experiments\exp4_baseline_comparison_20260531_seed42\artifacts\asr_transcripts\opus\opus_24000bps\8838-298545-0037.txt
opus,libopus,,opus_6000bps,5390-30102-0015,0.0,0.0,0.0,0.0,"What had rendered her so unhappy and despairing? Thirdly, the captain's only friend had been a crazy man named Will Thompson. Was he crazy before the captain's death, or had he become crazed at that time? . . . . . . . . .",output\experiments\exp4_baseline_comparison_20260531_seed42\samples\opus\br6000\5390-30102-0015.wav,output\experiments\exp4_baseline_comparison_20260531_seed42\artifacts\asr_transcripts\opus\opus_6000bps\5390-30102-0015.txt
opus,libopus,,opus_8000bps,5390-30102-0015,0.0,0.0,0.0,0.0,"What had rendered her so unhappy and despairing? Thirdly, the captain's only friend had been a crazy man named Will Thompson. Was he crazy before the captain's death, or had he become crazed at that time?",output\experiments\exp4_baseline_comparison_20260531_seed42\samples\opus\br8000\5390-30102-0015.wav,output\experiments\exp4_baseline_comparison_20260531_seed42\artifacts\asr_transcripts\opus\opus_8000bps\5390-30102-0015.txt
opus,libopus,,opus_12000bps,5390-30102-0015,0.0,0.0,0.0,0.0,"What had rendered her so unhappy and despairing? Thirdly, the captain's only friend had been a crazy man named Will Thompson. Was he crazy before the captain's death, or had he become crazed at that time?",output\experiments\exp4_baseline_comparison_20260531_seed42\samples\opus\br12000\5390-30102-0015.wav,output\experiments\exp4_baseline_comparison_20260531_seed42\artifacts\asr_transcripts\opus\opus_12000bps\5390-30102-0015.txt
opus,libopus,,opus_16000bps,5390-30102-0015,0.0,0.0,0.0,0.0,"What had rendered her so unhappy and despairing? Thirdly, the captain's only friend had been a crazy man named Will Thompson. Was he crazy before the captain's death, or had he become crazed at that time?",output\experiments\exp4_baseline_comparison_20260531_seed42\samples\opus\br16000\5390-30102-0015.wav,output\experiments\exp4_baseline_comparison_20260531_seed42\artifacts\asr_transcripts\opus\opus_16000bps\5390-30102-0015.txt
opus,libopus,,opus_24000bps,5390-30102-0015,0.0,0.0,0.0,0.0,"What had rendered her so unhappy and despairing? Thirdly, the captain's only friend had been a crazy man named Will Thompson. Was he crazy before the captain's death, or had he become crazed at that time?",output\experiments\exp4_baseline_comparison_20260531_seed42\samples\opus\br24000\5390-30102-0015.wav,output\experiments\exp4_baseline_comparison_20260531_seed42\artifacts\asr_transcripts\opus\opus_24000bps\5390-30102-0015.txt
opus,libopus,,opus_6000bps,4018-103416-0033,0.13333333333333333,0.04072398190045249,0.09090909090909091,0.03636363636363636,"She was holding out both hands too impitiously. You wouldn't go, would you? I might have to go, he evaded. You wouldn't, Graham. You're all I have. All I have left to live for. You wouldn't need to go. It's ridiculous. You need it here.",output\experiments\exp4_baseline_comparison_20260531_seed42\samples\opus\br6000\4018-103416-0033.wav,output\experiments\exp4_baseline_comparison_20260531_seed42\artifacts\asr_transcripts\opus\opus_6000bps\4018-103416-0033.txt
opus,libopus,,opus_8000bps,4018-103416-0033,0.06666666666666667,0.01809954751131222,0.022727272727272728,0.013636363636363636,"She was holding out both hands too impitiously. You wouldn't go, would you? I might have to go, he evaded. You wouldn't, Graham. You're all I have, all I have left to live for. You wouldn't need to go. It's ridiculous. You're needed here.",output\experiments\exp4_baseline_comparison_20260531_seed42\samples\opus\br8000\4018-103416-0033.wav,output\experiments\exp4_baseline_comparison_20260531_seed42\artifacts\asr_transcripts\opus\opus_8000bps\4018-103416-0033.txt
opus,libopus,,opus_12000bps,4018-103416-0033,0.06666666666666667,0.01809954751131222,0.022727272727272728,0.013636363636363636,"She was holding out both hands too impitiously. You wouldn't go, would you? I might have to go, he evaded. You wouldn't, Graham. You're all I have. All I have left to live for. You wouldn't need to go. It's ridiculous. You're needed here.",output\experiments\exp4_baseline_comparison_20260531_seed42\samples\opus\br12000\4018-103416-0033.wav,output\experiments\exp4_baseline_comparison_20260531_seed42\artifacts\asr_transcripts\opus\opus_12000bps\4018-103416-0033.txt
opus,libopus,,opus_16000bps,4018-103416-0033,0.08888888888888889,0.03167420814479638,0.0,0.0,"She was holding out both hands too impitiously. You wouldn't go, would you? I might have to go, he abated. You wouldn't, Graham. You're all I have. All I have left to live for. You wouldn't need to go. It's ridiculous. You're needed here.",output\experiments\exp4_baseline_comparison_20260531_seed42\samples\opus\br16000\4018-103416-0033.wav,output\experiments\exp4_baseline_comparison_20260531_seed42\artifacts\asr_transcripts\opus\opus_16000bps\4018-103416-0033.txt
opus,libopus,,opus_24000bps,4018-103416-0033,0.08888888888888889,0.03167420814479638,0.0,0.0,"She was holding out both hands too impitiously. You wouldn't go, would you? I might have to go, he abated. You wouldn't, Graham. You're all I have. All I have left to live for. You wouldn't need to go. It's ridiculous. You're needed here.",output\experiments\exp4_baseline_comparison_20260531_seed42\samples\opus\br24000\4018-103416-0033.wav,output\experiments\exp4_baseline_comparison_20260531_seed42\artifacts\asr_transcripts\opus\opus_24000bps\4018-103416-0033.txt
opus,libopus,,opus_6000bps,1737-148989-0006,0.06451612903225806,0.044444444444444446,0.06451612903225806,0.044444444444444446,"Franz kept the cable busy with his varying messages, Nat sent loving letters from Light Sick and Tom harassed the shipping agents for news. Even Busy Jack wrote them with unusual warmth.",output\experiments\exp4_baseline_comparison_20260531_seed42\samples\opus\br6000\1737-148989-0006.wav,output\experiments\exp4_baseline_comparison_20260531_seed42\artifacts\asr_transcripts\opus\opus_6000bps\1737-148989-0006.txt
opus,libopus,,opus_8000bps,1737-148989-0006,0.0,0.0,0.0,0.0,"Franz kept the cable busy with his varying messages, Nat sent loving letters from Leipzig, and Tom harassed the shipping agents for news. Even Busy Jack wrote them with unusual warmth.",output\experiments\exp4_baseline_comparison_20260531_seed42\samples\opus\br8000\1737-148989-0006.wav,output\experiments\exp4_baseline_comparison_20260531_seed42\artifacts\asr_transcripts\opus\opus_8000bps\1737-148989-0006.txt
opus,libopus,,opus_12000bps,1737-148989-0006,0.03225806451612903,0.016666666666666666,0.03225806451612903,0.016666666666666666,"Franz kept the cable busy with his varying messages, Nat sent loving letters from Leitezik, and Tom harassed the shipping agents for news. Even Busy Jack wrote them with unusual warmth.",output\experiments\exp4_baseline_comparison_20260531_seed42\samples\opus\br12000\1737-148989-0006.wav,output\experiments\exp4_baseline_comparison_20260531_seed42\artifacts\asr_transcripts\opus\opus_12000bps\1737-148989-0006.txt
opus,libopus,,opus_16000bps,1737-148989-0006,0.03225806451612903,0.005555555555555556,0.03225806451612903,0.005555555555555556,"Franz kept the cable busy with his varying messages, Nat sent loving letters from Leitzig, and Tom harassed the shipping agents for news. Even Busy Jack wrote them with unusual warmth.",output\experiments\exp4_baseline_comparison_20260531_seed42\samples\opus\br16000\1737-148989-0006.wav,output\experiments\exp4_baseline_comparison_20260531_seed42\artifacts\asr_transcripts\opus\opus_16000bps\1737-148989-0006.txt
opus,libopus,,opus_24000bps,1737-148989-0006,0.03225806451612903,0.016666666666666666,0.03225806451612903,0.016666666666666666,"Franz kept the cable busy with his varying messages, Nat sent loving letters from Leitezik, and Tom harassed the shipping agents for news. Even Busy Jack wrote them with unusual warmth.",output\experiments\exp4_baseline_comparison_20260531_seed42\samples\opus\br24000\1737-148989-0006.wav,output\experiments\exp4_baseline_comparison_20260531_seed42\artifacts\asr_transcripts\opus\opus_24000bps\1737-148989-0006.txt
opus,libopus,,opus_6000bps,1455-138263-0040,0.21951219512195122,0.1111111111111111,0.17073170731707318,0.06481481481481481,"That's Nicole quickly. Because most probably, then the rotary motion of the moon upon her axis was not equal to a revolution in a quality which presents each part of her disk during 15 days to the action of the solar ice.",output\experiments\exp4_baseline_comparison_20260531_seed42\samples\opus\br6000\1455-138263-0040.wav,output\experiments\exp4_baseline_comparison_20260531_seed42\artifacts\asr_transcripts\opus\opus_6000bps\1455-138263-0040.txt
opus,libopus,,opus_8000bps,1455-138263-0040,0.0975609756097561,0.06666666666666667,0.04878048780487805,0.018518518518518517,"That's Nicole quickly. Because most probably, then the rotary motion of the moon upon her axis was not equal to her revolution, an equality which presents each part of her disk during 15 days to the action of the solar rays.",output\experiments\exp4_baseline_comparison_20260531_seed42\samples\opus\br8000\1455-138263-0040.wav,output\experiments\exp4_baseline_comparison_20260531_seed42\artifacts\asr_transcripts\opus\opus_8000bps\1455-138263-0040.txt
opus,libopus,,opus_12000bps,1455-138263-0040,0.12195121951219512,0.09333333333333334,0.04878048780487805,0.041666666666666664,"As Nicole quickly, because most probably, then the rotary motion of the moon upon her axis was not equal to a revolution, an equality which presents each part of her disc during 15 days to the action of the solar respite.",output\experiments\exp4_baseline_comparison_20260531_seed42\samples\opus\br12000\1455-138263-0040.wav,output\experiments\exp4_baseline_comparison_20260531_seed42\artifacts\asr_transcripts\opus\opus_12000bps\1455-138263-0040.txt
opus,libopus,,opus_16000bps,1455-138263-0040,0.07317073170731707,0.05333333333333334,0.0,0.0,"As Nicole quickly, because most probably, then the rotary motion of the moon upon her axis was not equal to her revolution, an equality which presents each part of her disc during 15 days to the action of the solar rays.",output\experiments\exp4_baseline_comparison_20260531_seed42\samples\opus\br16000\1455-138263-0040.wav,output\experiments\exp4_baseline_comparison_20260531_seed42\artifacts\asr_transcripts\opus\opus_16000bps\1455-138263-0040.txt
opus,libopus,,opus_24000bps,1455-138263-0040,0.0975609756097561,0.06666666666666667,0.024390243902439025,0.013888888888888888,"As Nicole quickly, because most probably, then the rotary motion of the moon upon her axis was not equal to a revolution, an equality which presents each part of her disc during 15 days to the action of the solar rays.",output\experiments\exp4_baseline_comparison_20260531_seed42\samples\opus\br24000\1455-138263-0040.wav,output\experiments\exp4_baseline_comparison_20260531_seed42\artifacts\asr_transcripts\opus\opus_24000bps\1455-138263-0040.txt
opus,libopus,,opus_6000bps,311-124404-0119,0.0,0.0,0.0,0.0,There is none that is more powerful in leading feeble minds astray from the straight path of virtue.,output\experiments\exp4_baseline_comparison_20260531_seed42\samples\opus\br6000\311-124404-0119.wav,output\experiments\exp4_baseline_comparison_20260531_seed42\artifacts\asr_transcripts\opus\opus_6000bps\311-124404-0119.txt
opus,libopus,,opus_8000bps,311-124404-0119,0.0,0.0,0.0,0.0,There is none that is more powerful in leading feeble minds astray from the straight path of virtue.,output\experiments\exp4_baseline_comparison_20260531_seed42\samples\opus\br8000\311-124404-0119.wav,output\experiments\exp4_baseline_comparison_20260531_seed42\artifacts\asr_transcripts\opus\opus_8000bps\311-124404-0119.txt
opus,libopus,,opus_12000bps,311-124404-0119,0.0,0.0,0.0,0.0,There is none that is more powerful in leading feeble minds astray from the straight path of virtue,output\experiments\exp4_baseline_comparison_20260531_seed42\samples\opus\br12000\311-124404-0119.wav,output\experiments\exp4_baseline_comparison_20260531_seed42\artifacts\asr_transcripts\opus\opus_12000bps\311-124404-0119.txt
opus,libopus,,opus_16000bps,311-124404-0119,0.0,0.0,0.0,0.0,There is none that is more powerful in leading feeble minds astray from the straight path of virtue,output\experiments\exp4_baseline_comparison_20260531_seed42\samples\opus\br16000\311-124404-0119.wav,output\experiments\exp4_baseline_comparison_20260531_seed42\artifacts\asr_transcripts\opus\opus_16000bps\311-124404-0119.txt
opus,libopus,,opus_24000bps,311-124404-0119,0.0,0.0,0.0,0.0,There is none that is more powerful in leading feeble minds astray from the straight path of virtue,output\experiments\exp4_baseline_comparison_20260531_seed42\samples\opus\br24000\311-124404-0119.wav,output\experiments\exp4_baseline_comparison_20260531_seed42\artifacts\asr_transcripts\opus\opus_24000bps\311-124404-0119.txt
opus,libopus,,opus_6000bps,4680-16026-0019,0.42857142857142855,0.1724137931034483,0.125,0.0967741935483871,You know well that I am the fool,output\experiments\exp4_baseline_comparison_20260531_seed42\samples\opus\br6000\4680-16026-0019.wav,output\experiments\exp4_baseline_comparison_20260531_seed42\artifacts\asr_transcripts\opus\opus_6000bps\4680-16026-0019.txt
opus,libopus,,opus_8000bps,4680-16026-0019,0.2857142857142857,0.06896551724137931,0.0,0.0,You know well that I am no fool,output\experiments\exp4_baseline_comparison_20260531_seed42\samples\opus\br8000\4680-16026-0019.wav,output\experiments\exp4_baseline_comparison_20260531_seed42\artifacts\asr_transcripts\opus\opus_8000bps\4680-16026-0019.txt
opus,libopus,,opus_12000bps,4680-16026-0019,0.2857142857142857,0.06896551724137931,0.0,0.0,You know well that I am no fool,output\experiments\exp4_baseline_comparison_20260531_seed42\samples\opus\br12000\4680-16026-0019.wav,output\experiments\exp4_baseline_comparison_20260531_seed42\artifacts\asr_transcripts\opus\opus_12000bps\4680-16026-0019.txt
opus,libopus,,opus_16000bps,4680-16026-0019,0.2857142857142857,0.06896551724137931,0.0,0.0,You know well that I am no fool,output\experiments\exp4_baseline_comparison_20260531_seed42\samples\opus\br16000\4680-16026-0019.wav,output\experiments\exp4_baseline_comparison_20260531_seed42\artifacts\asr_transcripts\opus\opus_16000bps\4680-16026-0019.txt
opus,libopus,,opus_24000bps,4680-16026-0019,0.2857142857142857,0.06896551724137931,0.0,0.0,You know well that I am no fool,output\experiments\exp4_baseline_comparison_20260531_seed42\samples\opus\br24000\4680-16026-0019.wav,output\experiments\exp4_baseline_comparison_20260531_seed42\artifacts\asr_transcripts\opus\opus_24000bps\4680-16026-0019.txt
opus,libopus,,opus_6000bps,8098-278278-0035,0.1282051282051282,0.04926108374384237,0.07317073170731707,0.03365384615384615,"In first place it would be worth a hair's breath escape to see one wild. I've only seen bears and circuses, or traveling, chained to Italians. In the second place I can run. I've plenty of metals for sprinting.",output\experiments\exp4_baseline_comparison_20260531_seed42\samples\opus\br6000\8098-278278-0035.wav,output\experiments\exp4_baseline_comparison_20260531_seed42\artifacts\asr_transcripts\opus\opus_6000bps\8098-278278-0035.txt
opus,libopus,,opus_8000bps,8098-278278-0035,0.1282051282051282,0.034482758620689655,0.07317073170731707,0.019230769230769232,"In the first place it would be worth a hair's breath escaped to see one wild. I've only seen bears and circuses, or traveling, chained to Italians. In the second place I can run. I've plenty of metals for sprinting.",output\experiments\exp4_baseline_comparison_20260531_seed42\samples\opus\br8000\8098-278278-0035.wav,output\experiments\exp4_baseline_comparison_20260531_seed42\artifacts\asr_transcripts\opus\opus_8000bps\8098-278278-0035.txt
opus,libopus,,opus_12000bps,8098-278278-0035,0.1282051282051282,0.034482758620689655,0.07317073170731707,0.019230769230769232,"In the first place it would be worth a hair's breath escaped to see one wild. I've only seen bears and circuses, or traveling, chained to Italians. In the second place I can run. I've plenty of metals for sprinting.",output\experiments\exp4_baseline_comparison_20260531_seed42\samples\opus\br12000\8098-278278-0035.wav,output\experiments\exp4_baseline_comparison_20260531_seed42\artifacts\asr_transcripts\opus\opus_12000bps\8098-278278-0035.txt
opus,libopus,,opus_16000bps,8098-278278-0035,0.10256410256410256,0.029556650246305417,0.04878048780487805,0.014423076923076924,"In the first place it would be worth a hair's breath escape to see one wild. I've only seen bears and circuses, or traveling, chained to Italians. In the second place I can run. I've plenty of metals for sprinting.",output\experiments\exp4_baseline_comparison_20260531_seed42\samples\opus\br16000\8098-278278-0035.wav,output\experiments\exp4_baseline_comparison_20260531_seed42\artifacts\asr_transcripts\opus\opus_16000bps\8098-278278-0035.txt
opus,libopus,,opus_24000bps,8098-278278-0035,0.10256410256410256,0.029556650246305417,0.04878048780487805,0.014423076923076924,"In the first place it would be worth a hair's breath escape to see one wild. I've only seen bears and circuses, or traveling, chained to Italians. In the second place I can run. I've plenty of metals for sprinting.",output\experiments\exp4_baseline_comparison_20260531_seed42\samples\opus\br24000\8098-278278-0035.wav,output\experiments\exp4_baseline_comparison_20260531_seed42\artifacts\asr_transcripts\opus\opus_24000bps\8098-278278-0035.txt
