method,model,L,codec_setting,sample_id,duration_sec,length_samples,wave_l1,rmse,mel_l1,si_snr_db,corr,stoi,pesq_wb,decode_wall_ms,decoded_path,decoded_sha256,original_path
scit_base,scit_base,1,L=1,8838-298545-0037,13.79,220640,0.03287934884428978,0.05892985314130783,1.3445154428482056,-4.8458560943584255,0.4967808723449707,0.8069498716478557,1.3720451593399048,49.80731010437012,output\experiments\exp4_baseline_comparison_20260531_seed42\samples\scit_base\L1\8838-298545-0037.wav,f55f05606958adeda7385e66a0da34e7f7bfbfbc21d2d57a606d8daf06c17a32,output\experiments\exp4_baseline_comparison_20260531_seed42\samples\original\8838-298545-0037.wav
scit_base,scit_base,2,L=2,8838-298545-0037,13.79,220640,0.02581062726676464,0.04730173572897911,1.0446746349334717,0.3647711187344309,0.7217933535575867,0.8612783993114691,1.78314208984375,15.007734298706055,output\experiments\exp4_baseline_comparison_20260531_seed42\samples\scit_base\L2\8838-298545-0037.wav,a8ade6eb06c2881797376ee047c753956587a6536f59f3b24879b993198f92ff,output\experiments\exp4_baseline_comparison_20260531_seed42\samples\original\8838-298545-0037.wav
scit_base,scit_base,3,L=3,8838-298545-0037,13.79,220640,0.02371298149228096,0.04323802888393402,0.980736255645752,1.9021019947162123,0.7796003222465515,0.8798783397148405,1.8722504377365112,17.507076263427734,output\experiments\exp4_baseline_comparison_20260531_seed42\samples\scit_base\L3\8838-298545-0037.wav,ba3210a253de27c675ce2e9329a25f82279db6959e226cb708896f566447a634,output\experiments\exp4_baseline_comparison_20260531_seed42\samples\original\8838-298545-0037.wav
scit_lca,scit_lca,1,L=1,8838-298545-0037,13.79,220640,0.03259192034602165,0.05892600491642952,1.3393267393112183,-4.554198789066261,0.5093975067138672,0.8145398360996879,1.3913841247558594,15.209674835205078,output\experiments\exp4_baseline_comparison_20260531_seed42\samples\scit_lca\L1\8838-298545-0037.wav,1ceb49ac74e46b3795d78d5542997e47ded3030d2a9f3ce3b61859bba41d089a,output\experiments\exp4_baseline_comparison_20260531_seed42\samples\original\8838-298545-0037.wav
scit_lca,scit_lca,2,L=2,8838-298545-0037,13.79,220640,0.02566635049879551,0.04753148928284645,1.0424621105194092,0.11918953403625206,0.7119414806365967,0.8689891538334951,1.8108528852462769,16.583919525146484,output\experiments\exp4_baseline_comparison_20260531_seed42\samples\scit_lca\L2\8838-298545-0037.wav,ffec23c4683e08c9e4cca436eb59e29443c65eb220bb69e0e3d46329c6dea7ac,output\experiments\exp4_baseline_comparison_20260531_seed42\samples\original\8838-298545-0037.wav
scit_lca,scit_lca,3,L=3,8838-298545-0037,13.79,220640,0.022771961987018585,0.041984837502241135,0.9687113165855408,2.062889942069927,0.7852172255516052,0.889761256742852,1.9726229906082153,15.510320663452148,output\experiments\exp4_baseline_comparison_20260531_seed42\samples\scit_lca\L3\8838-298545-0037.wav,b70790826b5157968c41d3b8023590c25e9e707ae507db0983bd179702ee3235,output\experiments\exp4_baseline_comparison_20260531_seed42\samples\original\8838-298545-0037.wav
pcm,pcm_16bit_16khz,,16bit_16khz_passthrough,8838-298545-0037,13.79,220640,1.1139042044305825e-06,2.0506311102508334e-06,6.0746515373466536e-05,109.9827236269733,1.0,0.9999999999999966,4.643888473510742,0.0,output\experiments\exp4_baseline_comparison_20260531_seed42\samples\pcm\8838-298545-0037.wav,7c43d4d7ab1ec860d014d308453e4328e75eedac5b4a4222b9e2ccb6a7232d8e,output\experiments\exp4_baseline_comparison_20260531_seed42\samples\original\8838-298545-0037.wav
encodec,encodec_24khz,2,bw1.5kbps_n_cb2,8838-298545-0037,13.79,220640,0.02300124429166317,0.04211253672838211,1.4501560926437378,2.4366815270834223,0.797934353351593,0.855731474795662,1.8263375759124756,139.5275592803955,output\experiments\exp4_baseline_comparison_20260531_seed42\samples\encodec\bw1.5kbps\8838-298545-0037.wav,86cce22161e15dbb6780884a650ecf77048cc98bbb923160088fac1d128bafff,output\experiments\exp4_baseline_comparison_20260531_seed42\samples\original\8838-298545-0037.wav
encodec,encodec_24khz,4,bw3.0kbps_n_cb4,8838-298545-0037,13.79,220640,0.017709199339151382,0.03179668262600899,1.2832988500595093,5.656865206147855,0.8867143392562866,0.9088963865973213,2.4392194747924805,100.28553009033203,output\experiments\exp4_baseline_comparison_20260531_seed42\samples\encodec\bw3.0kbps\8838-298545-0037.wav,7c2d211ca2264e411d231a4747aab9130659acf8ad7dac8d920079fdc578e8a4,output\experiments\exp4_baseline_comparison_20260531_seed42\samples\original\8838-298545-0037.wav
encodec,encodec_24khz,8,bw6.0kbps_n_cb8,8838-298545-0037,13.79,220640,0.012395408004522324,0.021683823317289352,1.1828099489212036,9.4254321187746,0.9473908543586731,0.9499847886393353,3.12695050239563,78.44018936157227,output\experiments\exp4_baseline_comparison_20260531_seed42\samples\encodec\bw6.0kbps\8838-298545-0037.wav,752917b5378f620ece27fbc89d67f42bbc2863cc79e903d643de7d0b4d7a27c1,output\experiments\exp4_baseline_comparison_20260531_seed42\samples\original\8838-298545-0037.wav
encodec,encodec_24khz,16,bw12.0kbps_n_cb16,8838-298545-0037,13.79,220640,0.008462113328278065,0.01460077054798603,1.0745986700057983,13.09134002584697,0.9763298630714417,0.9702978639556279,3.760322332382202,73.40860366821289,output\experiments\exp4_baseline_comparison_20260531_seed42\samples\encodec\bw12.0kbps\8838-298545-0037.wav,d28958b47912e12b8f4e3e553394c81325019173cc0bfb649d29efdbc1c0e70e,output\experiments\exp4_baseline_comparison_20260531_seed42\samples\original\8838-298545-0037.wav
dac,dac_16khz,1,n_q_1,8838-298545-0037,13.79,220640,0.03894764557480812,0.07069969177246094,2.157055616378784,-14.98045574805709,0.17546346783638,0.6322686155629719,1.0582860708236694,265.2783393859863,output\experiments\exp4_baseline_comparison_20260531_seed42\samples\dac\n_q1\8838-298545-0037.wav,846472ad31c50561c15592b6e8a6877c2da0227bce9fc8b3df7f860f18f490cd,output\experiments\exp4_baseline_comparison_20260531_seed42\samples\original\8838-298545-0037.wav
dac,dac_16khz,2,n_q_2,8838-298545-0037,13.79,220640,0.03900971636176109,0.07216300815343857,1.5524485111236572,-12.825157560703243,0.22268840670585632,0.7317665285121036,1.126043677330017,7.505178451538086,output\experiments\exp4_baseline_comparison_20260531_seed42\samples\dac\n_q2\8838-298545-0037.wav,a4806313e8653a4bd911489696d5b7e8fb974e35457209c37f9df87ee5f72e23,output\experiments\exp4_baseline_comparison_20260531_seed42\samples\original\8838-298545-0037.wav
dac,dac_16khz,3,n_q_3,8838-298545-0037,13.79,220640,0.03801698982715607,0.07103005796670914,1.3240125179290771,-11.089011058094798,0.26870518922805786,0.7938530355455268,1.25272536277771,9.521007537841797,output\experiments\exp4_baseline_comparison_20260531_seed42\samples\dac\n_q3\8838-298545-0037.wav,8f5a864c32807f334f6f2671a30a26a79741a8270181cf64bcccb0d3d3caf9b0,output\experiments\exp4_baseline_comparison_20260531_seed42\samples\original\8838-298545-0037.wav
dac,dac_16khz,4,n_q_4,8838-298545-0037,13.79,220640,0.03903650864958763,0.07375194877386093,1.1469968557357788,-10.935192351093331,0.273150771856308,0.8511029495254788,1.4298806190490723,8.718490600585938,output\experiments\exp4_baseline_comparison_20260531_seed42\samples\dac\n_q4\8838-298545-0037.wav,d6b17eac291b1437de5f5da869bf57e501002b4b041c8d27815c639394cfded3,output\experiments\exp4_baseline_comparison_20260531_seed42\samples\original\8838-298545-0037.wav
dac,dac_16khz,6,n_q_6,8838-298545-0037,13.79,220640,0.040567245334386826,0.07841699570417404,0.907648503780365,-11.54466018015871,0.2558944523334503,0.9052186298958129,1.89023756980896,10.82301139831543,output\experiments\exp4_baseline_comparison_20260531_seed42\samples\dac\n_q6\8838-298545-0037.wav,ba6ddc6c4323c12942eae996c1f0899132bf7881359658265506ed123827ee68,output\experiments\exp4_baseline_comparison_20260531_seed42\samples\original\8838-298545-0037.wav
dac,dac_16khz,9,n_q_9,8838-298545-0037,13.79,220640,0.041855014860630035,0.08121755719184875,0.7223989963531494,-11.181382187223274,0.26606494188308716,0.9493778131639102,3.274933099746704,12.524843215942383,output\experiments\exp4_baseline_comparison_20260531_seed42\samples\dac\n_q9\8838-298545-0037.wav,6bde86f683bca934a7f209e7e36884719b7430815ce7bef12309b20ad311d744,output\experiments\exp4_baseline_comparison_20260531_seed42\samples\original\8838-298545-0037.wav
dac,dac_16khz,12,n_q_12,8838-298545-0037,13.79,220640,0.04136432707309723,0.07950053364038467,0.5877989530563354,-10.147483438290102,0.2968859374523163,0.9719596345603375,4.1791791915893555,14.588356018066406,output\experiments\exp4_baseline_comparison_20260531_seed42\samples\dac\n_q12\8838-298545-0037.wav,1d532281fdfface579d91e564b2e8987239b59ae9f26ad9c891ac297d39d241d,output\experiments\exp4_baseline_comparison_20260531_seed42\samples\original\8838-298545-0037.wav
scit_base,scit_base,1,L=1,5390-30102-0015,15.26,244160,0.03107987903058529,0.04837138205766678,1.3381139039993286,-3.892163225594187,0.5383598208427429,0.7740162147118261,1.2074334621429443,22.31287956237793,output\experiments\exp4_baseline_comparison_20260531_seed42\samples\scit_base\L1\5390-30102-0015.wav,78273797b6f87a8bbfe3b2f67d023e8db6ff4b215079ba5d6a223fbde987494e,output\experiments\exp4_baseline_comparison_20260531_seed42\samples\original\5390-30102-0015.wav
scit_base,scit_base,2,L=2,5390-30102-0015,15.26,244160,0.025145763531327248,0.039008308202028275,1.0375239849090576,0.8339688533228512,0.7401756644248962,0.8267250979392888,1.426063060760498,29.25729751586914,output\experiments\exp4_baseline_comparison_20260531_seed42\samples\scit_base\L2\5390-30102-0015.wav,f93efa5238eadb2e1644741f1b0e1d62ded8632295246141edd8cb5c60291cfe,output\experiments\exp4_baseline_comparison_20260531_seed42\samples\original\5390-30102-0015.wav
scit_base,scit_base,3,L=3,5390-30102-0015,15.26,244160,0.022906074300408363,0.03565795347094536,0.9692648649215698,2.3598215878413558,0.7953588962554932,0.8543122991515026,1.6271207332611084,16.518831253051758,output\experiments\exp4_baseline_comparison_20260531_seed42\samples\scit_base\L3\5390-30102-0015.wav,579f46e5c23be65b81b67fe1a1fcec83e35d76f82721d0cbf48941392d6178bc,output\experiments\exp4_baseline_comparison_20260531_seed42\samples\original\5390-30102-0015.wav
scit_lca,scit_lca,1,L=1,5390-30102-0015,15.26,244160,0.03242325410246849,0.05066371336579323,1.224452018737793,-4.887382746932097,0.49499306082725525,0.797245711147661,1.2379013299942017,15.50602912902832,output\experiments\exp4_baseline_comparison_20260531_seed42\samples\scit_lca\L1\5390-30102-0015.wav,8910a697821235326a99040cef0fc3f0e930b6d3dd987e961cfd6df670fcd3b4,output\experiments\exp4_baseline_comparison_20260531_seed42\samples\original\5390-30102-0015.wav
scit_lca,scit_lca,2,L=2,5390-30102-0015,15.26,244160,0.025861989706754684,0.04097905382514,0.9865629076957703,-0.11001740304056695,0.7026146054267883,0.8496066272631112,1.4332964420318604,17.76742935180664,output\experiments\exp4_baseline_comparison_20260531_seed42\samples\scit_lca\L2\5390-30102-0015.wav,d3c407aac4b52a76df75f6df6fb524948f06f75d55ffd7b7d0815942762a8af3,output\experiments\exp4_baseline_comparison_20260531_seed42\samples\original\5390-30102-0015.wav
scit_lca,scit_lca,3,L=3,5390-30102-0015,15.26,244160,0.02284594252705574,0.036337677389383316,0.9245657324790955,1.8094488280797676,0.7763241529464722,0.8705740139225489,1.621366262435913,16.20769500732422,output\experiments\exp4_baseline_comparison_20260531_seed42\samples\scit_lca\L3\5390-30102-0015.wav,fbcffd340c60dd5219158d58b7a4fdea927eb2da54beaa3bb7c26f837d05d70b,output\experiments\exp4_baseline_comparison_20260531_seed42\samples\original\5390-30102-0015.wav
pcm,pcm_16bit_16khz,,16bit_16khz_passthrough,5390-30102-0015,15.26,244160,1.0771044571811217e-06,1.7340828435408184e-06,6.108889647293836e-05,108.96047086782742,1.0000001192092896,0.9999999999999981,4.643888473510742,0.0,output\experiments\exp4_baseline_comparison_20260531_seed42\samples\pcm\5390-30102-0015.wav,865291c06698026ae322c0bd34734857c952919652e46f5d3cfcf76929aef3ff,output\experiments\exp4_baseline_comparison_20260531_seed42\samples\original\5390-30102-0015.wav
encodec,encodec_24khz,2,bw1.5kbps_n_cb2,5390-30102-0015,15.26,244160,0.02269504964351654,0.035582996904850006,1.1647156476974487,2.3263684857086417,0.7942317128181458,0.8500984517469683,1.5186525583267212,76.83563232421875,output\experiments\exp4_baseline_comparison_20260531_seed42\samples\encodec\bw1.5kbps\5390-30102-0015.wav,233e253a3e2afb443cfd20e365a469e8b685f58a331afa76703aaec1a5bda382,output\experiments\exp4_baseline_comparison_20260531_seed42\samples\original\5390-30102-0015.wav
encodec,encodec_24khz,4,bw3.0kbps_n_cb4,5390-30102-0015,15.26,244160,0.01803004741668701,0.028352539986371994,0.9885380268096924,4.974328164733064,0.8710144758224487,0.8966822361740424,1.994149923324585,67.93522834777832,output\experiments\exp4_baseline_comparison_20260531_seed42\samples\encodec\bw3.0kbps\5390-30102-0015.wav,1128020fa02bfbbfeadb44d1b137d24cacabc0c465258b39a2b0ba7c526387b2,output\experiments\exp4_baseline_comparison_20260531_seed42\samples\original\5390-30102-0015.wav
encodec,encodec_24khz,8,bw6.0kbps_n_cb8,5390-30102-0015,15.26,244160,0.013242495246231556,0.02104603499174118,0.8576430082321167,8.051619666187378,0.9298338294029236,0.9357419761278546,2.7659385204315186,67.6414966583252,output\experiments\exp4_baseline_comparison_20260531_seed42\samples\encodec\bw6.0kbps\5390-30102-0015.wav,c9298d37ad3b62b7b8a94ff4cb52717fbe5ffda6f168c2768c02e766999ee00a,output\experiments\exp4_baseline_comparison_20260531_seed42\samples\original\5390-30102-0015.wav
encodec,encodec_24khz,16,bw12.0kbps_n_cb16,5390-30102-0015,15.26,244160,0.00953967310488224,0.015768762677907944,0.7079904675483704,10.834928078079265,0.9611341953277588,0.9622998148218623,3.5649073123931885,69.77319717407227,output\experiments\exp4_baseline_comparison_20260531_seed42\samples\encodec\bw12.0kbps\5390-30102-0015.wav,7cef46207df9c7425ffebbedaa16264470e16303964aaea07adbec54bf09975d,output\experiments\exp4_baseline_comparison_20260531_seed42\samples\original\5390-30102-0015.wav
dac,dac_16khz,1,n_q_1,5390-30102-0015,15.2595,244152,0.037906669080257416,0.06205908954143524,2.020718574523926,-12.71177249146372,0.2254665493965149,0.6083440410410637,1.0434008836746216,23.77009391784668,output\experiments\exp4_baseline_comparison_20260531_seed42\samples\dac\n_q1\5390-30102-0015.wav,38c687fa15ef9f12ec562ff6c23822d09a502f2862989cc8b17910424771cb9d,output\experiments\exp4_baseline_comparison_20260531_seed42\samples\original\5390-30102-0015.wav
dac,dac_16khz,2,n_q_2,5390-30102-0015,15.2595,244152,0.034951817244291306,0.05737746134400368,1.5665702819824219,-7.895748430212215,0.3737196624279022,0.7316266368746149,1.1001157760620117,10.997772216796875,output\experiments\exp4_baseline_comparison_20260531_seed42\samples\dac\n_q2\5390-30102-0015.wav,ca0c4fc690e4c21aa1c88baab2de7c1443ad055860e044301321884beef0eea1,output\experiments\exp4_baseline_comparison_20260531_seed42\samples\original\5390-30102-0015.wav
dac,dac_16khz,3,n_q_3,5390-30102-0015,15.2595,244152,0.03399165719747543,0.056002285331487656,1.2889199256896973,-6.69925542138429,0.4197181761264801,0.8057905270522703,1.221397042274475,10.291814804077148,output\experiments\exp4_baseline_comparison_20260531_seed42\samples\dac\n_q3\5390-30102-0015.wav,ca3d2610c10be786589a95a1e3245ad709d0c210eaf9cd4e6adcd5e508ac611e,output\experiments\exp4_baseline_comparison_20260531_seed42\samples\original\5390-30102-0015.wav
dac,dac_16khz,4,n_q_4,5390-30102-0015,15.2595,244152,0.03400273248553276,0.056595928966999054,1.0975396633148193,-6.399050994609467,0.4317649006843567,0.8439386970998937,1.368201732635498,8.503198623657227,output\experiments\exp4_baseline_comparison_20260531_seed42\samples\dac\n_q4\5390-30102-0015.wav,c209f77131ee8f2fd2c5f8d675f42dd822d71abc05bb0e9bf99ac609cb66b2ab,output\experiments\exp4_baseline_comparison_20260531_seed42\samples\original\5390-30102-0015.wav
dac,dac_16khz,6,n_q_6,5390-30102-0015,15.2595,244152,0.03405141457915306,0.05797160416841507,0.8403514623641968,-6.148003466048229,0.44198137521743774,0.896718089488174,1.8959187269210815,10.531902313232422,output\experiments\exp4_baseline_comparison_20260531_seed42\samples\dac\n_q6\5390-30102-0015.wav,e162cf7c7c3779f516c5b7b7c8c7ac14cf4b27255ed870e22516adc257df6418,output\experiments\exp4_baseline_comparison_20260531_seed42\samples\original\5390-30102-0015.wav
dac,dac_16khz,9,n_q_9,5390-30102-0015,15.2595,244152,0.03450964018702507,0.05897285416722298,0.667226254940033,-5.706310961107865,0.46025046706199646,0.9376819439082335,2.747488260269165,14.523506164550781,output\experiments\exp4_baseline_comparison_20260531_seed42\samples\dac\n_q9\5390-30102-0015.wav,43d90d1519686d3b8b0e60eec05d42598108d4264a4a05c9897e5a3278845f4b,output\experiments\exp4_baseline_comparison_20260531_seed42\samples\original\5390-30102-0015.wav
dac,dac_16khz,12,n_q_12,5390-30102-0015,15.2595,244152,0.033449869602918625,0.056955236941576004,0.5364354252815247,-4.9697945048206895,0.49145177006721497,0.9627725387248606,3.729186773300171,14.537334442138672,output\experiments\exp4_baseline_comparison_20260531_seed42\samples\dac\n_q12\5390-30102-0015.wav,a3b0aa95c3a342210ff7d003c6b15df1980f142b8985417e1e573229b52bde64,output\experiments\exp4_baseline_comparison_20260531_seed42\samples\original\5390-30102-0015.wav
scit_base,scit_base,1,L=1,4018-103416-0033,15.13,242080,0.038625940680503845,0.06432586163282394,1.0098466873168945,-0.040351691677598014,0.7054624557495117,0.7832126253703698,1.4076124429702759,22.029399871826172,output\experiments\exp4_baseline_comparison_20260531_seed42\samples\scit_base\L1\4018-103416-0033.wav,197580058c5a48c47a7ab93fee6231e60dae02edbc6fdc925bc5b07732c8ecd5,output\experiments\exp4_baseline_comparison_20260531_seed42\samples\original\4018-103416-0033.wav
scit_base,scit_base,2,L=2,4018-103416-0033,15.13,242080,0.027028799057006836,0.04594457522034645,0.8454596996307373,4.595315035427048,0.8615851998329163,0.8641982601275472,2.0328855514526367,17.510414123535156,output\experiments\exp4_baseline_comparison_20260531_seed42\samples\scit_base\L2\4018-103416-0033.wav,26c1e996b9528a8b397c290870778abe3ac85a6dd4b8642b7c994769525cdeea,output\experiments\exp4_baseline_comparison_20260531_seed42\samples\original\4018-103416-0033.wav
scit_base,scit_base,3,L=3,4018-103416-0033,15.13,242080,0.023180905729532242,0.03884157910943031,0.794690728187561,6.578545300079909,0.9054095149040222,0.889435816135229,2.403822422027588,16.440629959106445,output\experiments\exp4_baseline_comparison_20260531_seed42\samples\scit_base\L3\4018-103416-0033.wav,9a23ddf7b719cc225db52f11d31033f9929f41ad255ab2a12cc2a8b63fa8df8d,output\experiments\exp4_baseline_comparison_20260531_seed42\samples\original\4018-103416-0033.wav
scit_lca,scit_lca,1,L=1,4018-103416-0033,15.13,242080,0.03951079025864601,0.066083624958992,0.9637457132339478,-0.5634440779079932,0.6838208436965942,0.8043555246655238,1.4584252834320068,16.52240753173828,output\experiments\exp4_baseline_comparison_20260531_seed42\samples\scit_lca\L1\4018-103416-0033.wav,986c591ac39836d892fa19a41c87fbd224c875b505362fe31d9370669186a26a,output\experiments\exp4_baseline_comparison_20260531_seed42\samples\original\4018-103416-0033.wav
scit_lca,scit_lca,2,L=2,4018-103416-0033,15.13,242080,0.02747785672545433,0.0464792400598526,0.8020201921463013,4.452104820613896,0.857887864112854,0.8746932211851508,2.066211223602295,27.794599533081055,output\experiments\exp4_baseline_comparison_20260531_seed42\samples\scit_lca\L2\4018-103416-0033.wav,7a889ae2a80191f2901e55e20d4bf26f87e812a96aede0714d092e92a4dc0171,output\experiments\exp4_baseline_comparison_20260531_seed42\samples\original\4018-103416-0033.wav
scit_lca,scit_lca,3,L=3,4018-103416-0033,15.13,242080,0.023559536784887314,0.04009586200118065,0.7723894715309143,6.119095422493085,0.8964396715164185,0.8963915951704947,2.348196268081665,16.529560089111328,output\experiments\exp4_baseline_comparison_20260531_seed42\samples\scit_lca\L3\4018-103416-0033.wav,17065599eed1332d72b0298089586709d31e9d395f4ea33530686f4d89dfe011,output\experiments\exp4_baseline_comparison_20260531_seed42\samples\original\4018-103416-0033.wav
pcm,pcm_16bit_16khz,,16bit_16khz_passthrough,4018-103416-0033,15.13,242080,1.6398214484070195e-06,2.76014861810836e-06,6.104006024543196e-05,112.952870096948,1.0000001192092896,0.9999999999999972,4.643888473510742,0.0,output\experiments\exp4_baseline_comparison_20260531_seed42\samples\pcm\4018-103416-0033.wav,d9fcbeb948162552dc42f2a446fedc229478a28a80a22525b96efc8d61ecf368,output\experiments\exp4_baseline_comparison_20260531_seed42\samples\original\4018-103416-0033.wav
encodec,encodec_24khz,2,bw1.5kbps_n_cb2,4018-103416-0033,15.13,242080,0.026091771200299263,0.04468037560582161,1.680464506149292,5.210796361815952,0.8766382336616516,0.8544932147985181,1.953035831451416,75.0737190246582,output\experiments\exp4_baseline_comparison_20260531_seed42\samples\encodec\bw1.5kbps\4018-103416-0033.wav,c73f0ffb1fe5ab242e6e0023f2a1606f7f4e4eba2e55bbc6f0746d66fffa3553,output\experiments\exp4_baseline_comparison_20260531_seed42\samples\original\4018-103416-0033.wav
encodec,encodec_24khz,4,bw3.0kbps_n_cb4,4018-103416-0033,15.13,242080,0.01982179656624794,0.03356824815273285,1.3682425022125244,8.066315629471662,0.9300464987754822,0.909743457380018,2.573000907897949,66.16401672363281,output\experiments\exp4_baseline_comparison_20260531_seed42\samples\encodec\bw3.0kbps\4018-103416-0033.wav,25f506073ecfff0718507fe03ca88a5947ba15083885639b4bd156089268d8b5,output\experiments\exp4_baseline_comparison_20260531_seed42\samples\original\4018-103416-0033.wav
encodec,encodec_24khz,8,bw6.0kbps_n_cb8,4018-103416-0033,15.13,242080,0.014027831144630909,0.023669462651014328,1.240679383277893,11.343682671002526,0.9652090072631836,0.9479170752896482,3.292984962463379,67.63076782226562,output\experiments\exp4_baseline_comparison_20260531_seed42\samples\encodec\bw6.0kbps\4018-103416-0033.wav,c8fd8a2444a465f72d8187085c5aab5a6de86cc9985ab41062a44f8db1807ab3,output\experiments\exp4_baseline_comparison_20260531_seed42\samples\original\4018-103416-0033.wav
encodec,encodec_24khz,16,bw12.0kbps_n_cb16,4018-103416-0033,15.13,242080,0.010190004482865334,0.01744178682565689,1.1088833808898926,14.138798088957383,0.9812609553337097,0.9705637922403871,3.8058319091796875,72.74007797241211,output\experiments\exp4_baseline_comparison_20260531_seed42\samples\encodec\bw12.0kbps\4018-103416-0033.wav,9429e10677b7cd7ead96441aea1643d4c2ad872ba49605c7e58872747f3bb166,output\experiments\exp4_baseline_comparison_20260531_seed42\samples\original\4018-103416-0033.wav
dac,dac_16khz,1,n_q_1,4018-103416-0033,15.13,242080,0.054900217801332474,0.09430411458015442,1.8522791862487793,-9.683596059574406,0.3116284906864166,0.6310631537796519,1.0677889585494995,20.925045013427734,output\experiments\exp4_baseline_comparison_20260531_seed42\samples\dac\n_q1\4018-103416-0033.wav,26ffd2469cea7530d67196829f518900a71edbe8bad2108399850fafb8cb2eef,output\experiments\exp4_baseline_comparison_20260531_seed42\samples\original\4018-103416-0033.wav
dac,dac_16khz,2,n_q_2,4018-103416-0033,15.13,242080,0.05038470774888992,0.08851677924394608,1.3404710292816162,-6.550698501169897,0.425655722618103,0.7532118333722876,1.1672343015670776,7.000446319580078,output\experiments\exp4_baseline_comparison_20260531_seed42\samples\dac\n_q2\4018-103416-0033.wav,aef3a48c2859301363064c2ac6a798ace374bab44a86cdd764d164f2058eb5b6,output\experiments\exp4_baseline_comparison_20260531_seed42\samples\original\4018-103416-0033.wav
dac,dac_16khz,3,n_q_3,4018-103416-0033,15.13,242080,0.047720786184072495,0.08544350415468216,1.1050240993499756,-5.064942336666136,0.48737481236457825,0.8208904496851275,1.3539386987686157,9.002208709716797,output\experiments\exp4_baseline_comparison_20260531_seed42\samples\dac\n_q3\4018-103416-0033.wav,7d413a32598441bd5bb9de5bb439ca9b1905d81039fc668cc9322df9f377a1b6,output\experiments\exp4_baseline_comparison_20260531_seed42\samples\original\4018-103416-0033.wav
dac,dac_16khz,4,n_q_4,4018-103416-0033,15.13,242080,0.04700251668691635,0.08476469665765762,0.9344496130943298,-4.364605192381446,0.5176504254341125,0.8615049565342097,1.5864336490631104,10.000944137573242,output\experiments\exp4_baseline_comparison_20260531_seed42\samples\dac\n_q4\4018-103416-0033.wav,a3e048f4f2671dd1161eb0e7fb7c13b5a4fa1e7ab31eb30f69382e63fc501a60,output\experiments\exp4_baseline_comparison_20260531_seed42\samples\original\4018-103416-0033.wav
dac,dac_16khz,6,n_q_6,4018-103416-0033,15.13,242080,0.04636797681450844,0.08507998287677765,0.7036223411560059,-3.8050428265251295,0.5421969890594482,0.9197013317908397,2.353705883026123,11.586427688598633,output\experiments\exp4_baseline_comparison_20260531_seed42\samples\dac\n_q6\4018-103416-0033.wav,450aa0633b2d9299d1857842dfe59c549eaba02a739c8c5eb210e5872189f39e,output\experiments\exp4_baseline_comparison_20260531_seed42\samples\original\4018-103416-0033.wav
dac,dac_16khz,9,n_q_9,4018-103416-0033,15.13,242080,0.046771369874477386,0.08565891534090042,0.5461205244064331,-3.414606576589294,0.5594426393508911,0.9588176010295075,3.541010618209839,14.007568359375,output\experiments\exp4_baseline_comparison_20260531_seed42\samples\dac\n_q9\4018-103416-0033.wav,2a2ad9f7f6a2f5539cff52c49ec1211f73e1895af795e1c84cd0a8fec1c691ac,output\experiments\exp4_baseline_comparison_20260531_seed42\samples\original\4018-103416-0033.wav
dac,dac_16khz,12,n_q_12,4018-103416-0033,15.13,242080,0.04553854465484619,0.08323843032121658,0.4380023777484894,-3.0176461284375415,0.5770246982574463,0.9774638596193429,4.196394443511963,14.503240585327148,output\experiments\exp4_baseline_comparison_20260531_seed42\samples\dac\n_q12\4018-103416-0033.wav,199fbb60a2c219e9d7b27e7c2aa26681e87dc8163523d09b0782c89b328a1f03,output\experiments\exp4_baseline_comparison_20260531_seed42\samples\original\4018-103416-0033.wav
scit_base,scit_base,1,L=1,1737-148989-0006,10.69,171040,0.025542473420500755,0.0450371690094471,1.301960825920105,-17.977611088536094,0.12522394955158234,0.7597048731079195,1.195818305015564,18.243789672851562,output\experiments\exp4_baseline_comparison_20260531_seed42\samples\scit_base\L1\1737-148989-0006.wav,27e0bbb856451da14afa42e64b032abe6f1932825c8206062c2096fbc1efacd6,output\experiments\exp4_baseline_comparison_20260531_seed42\samples\original\1737-148989-0006.wav
scit_base,scit_base,2,L=2,1737-148989-0006,10.69,171040,0.022374605759978294,0.043169111013412476,0.9510124325752258,-15.641469571623974,0.16296036541461945,0.8053675796496105,1.4676434993743896,11.998176574707031,output\experiments\exp4_baseline_comparison_20260531_seed42\samples\scit_base\L2\1737-148989-0006.wav,e4bfe6527186867842d4f65a356dad1496a4db59eebbd773144664b2c01e722c,output\experiments\exp4_baseline_comparison_20260531_seed42\samples\original\1737-148989-0006.wav
scit_base,scit_base,3,L=3,1737-148989-0006,10.69,171040,0.021462585777044296,0.042003706097602844,0.879284679889679,-13.565967914748523,0.20528273284435272,0.830696600367496,1.652954339981079,15.511274337768555,output\experiments\exp4_baseline_comparison_20260531_seed42\samples\scit_base\L3\1737-148989-0006.wav,eda72617a5f0a094af27043dce53c8bf6607ee7f649388e1c119f96a0732f068,output\experiments\exp4_baseline_comparison_20260531_seed42\samples\original\1737-148989-0006.wav
scit_lca,scit_lca,1,L=1,1737-148989-0006,10.69,171040,0.02380598708987236,0.04230574890971184,1.1940968036651611,-19.233400043378072,0.10858119279146194,0.7669234953075087,1.1539374589920044,16.10112190246582,output\experiments\exp4_baseline_comparison_20260531_seed42\samples\scit_lca\L1\1737-148989-0006.wav,fa891c5bf5f3c5c4fb352b33a2b76a5e8abfb11d06804820ce8adb9d9edb4e25,output\experiments\exp4_baseline_comparison_20260531_seed42\samples\original\1737-148989-0006.wav
scit_lca,scit_lca,2,L=2,1737-148989-0006,10.69,171040,0.021192310377955437,0.04077637195587158,0.9464459419250488,-15.47106882183423,0.1661006659269333,0.8236493157606377,1.413036823272705,13.570070266723633,output\experiments\exp4_baseline_comparison_20260531_seed42\samples\scit_lca\L2\1737-148989-0006.wav,6b2b9d7c6991b8139b7430263445dc1e8d185693bf2aafe71a85c34fc304a4e1,output\experiments\exp4_baseline_comparison_20260531_seed42\samples\original\1737-148989-0006.wav
scit_lca,scit_lca,3,L=3,1737-148989-0006,10.69,171040,0.020582981407642365,0.040684446692466736,0.8587866425514221,-14.682147881187422,0.18139581382274628,0.844893848771145,1.6294870376586914,11.432170867919922,output\experiments\exp4_baseline_comparison_20260531_seed42\samples\scit_lca\L3\1737-148989-0006.wav,e3548432ba8e673df2afd72c830539a118a52d0cbc0ff5a6049ca7be94c0b1e2,output\experiments\exp4_baseline_comparison_20260531_seed42\samples\original\1737-148989-0006.wav
pcm,pcm_16bit_16khz,,16bit_16khz_passthrough,1737-148989-0006,10.69,171040,6.161333772070066e-07,1.1380266187188681e-06,6.104775820858777e-05,103.76021939502449,1.0000001192092896,0.9999999999999881,4.643888473510742,0.0,output\experiments\exp4_baseline_comparison_20260531_seed42\samples\pcm\1737-148989-0006.wav,e9e91d9aaf8fd440460dd299cce5394b9a6fc07798385fe0b18a70ffa51cf357,output\experiments\exp4_baseline_comparison_20260531_seed42\samples\original\1737-148989-0006.wav
encodec,encodec_24khz,2,bw1.5kbps_n_cb2,1737-148989-0006,10.69,171040,0.023592239245772362,0.04412451386451721,1.197143316268921,-18.69430262524424,0.11544399708509445,0.7765546153604672,1.2841860055923462,58.493852615356445,output\experiments\exp4_baseline_comparison_20260531_seed42\samples\encodec\bw1.5kbps\1737-148989-0006.wav,e142e76a693c0b7080d70105b6736424546a11d15b14bbfd2b5aaf825bd2d767,output\experiments\exp4_baseline_comparison_20260531_seed42\samples\original\1737-148989-0006.wav
encodec,encodec_24khz,4,bw3.0kbps_n_cb4,1737-148989-0006,10.69,171040,0.02139529585838318,0.041305650025606155,0.9974929690361023,-11.43402528404139,0.25895601511001587,0.8316689555854144,1.6555567979812622,49.25394058227539,output\experiments\exp4_baseline_comparison_20260531_seed42\samples\encodec\bw3.0kbps\1737-148989-0006.wav,d700e1b70b56ca461c1fb460908e361371d4cb9380ff00accd18eafde8e85902,output\experiments\exp4_baseline_comparison_20260531_seed42\samples\original\1737-148989-0006.wav
encodec,encodec_24khz,8,bw6.0kbps_n_cb8,1737-148989-0006,10.69,171040,0.018918871879577637,0.0383886881172657,0.8594212532043457,-7.963520223607935,0.37121671438217163,0.8843878967362813,2.19161319732666,49.254655838012695,output\experiments\exp4_baseline_comparison_20260531_seed42\samples\encodec\bw6.0kbps\1737-148989-0006.wav,da9c4dec385441ce138c6d5a1cd5370707d8406267bde827f8ffa5deef0437af,output\experiments\exp4_baseline_comparison_20260531_seed42\samples\original\1737-148989-0006.wav
encodec,encodec_24khz,16,bw12.0kbps_n_cb16,1737-148989-0006,10.69,171040,0.017582036554813385,0.036933526396751404,0.7465985417366028,-6.330611728870244,0.43453750014305115,0.9228567104589958,2.789463520050049,58.75802040100098,output\experiments\exp4_baseline_comparison_20260531_seed42\samples\encodec\bw12.0kbps\1737-148989-0006.wav,a0f5358b6ced0d8a836d56507c9c0736ad0b9d31116ef9dcf20d9f1ea31c6b73,output\experiments\exp4_baseline_comparison_20260531_seed42\samples\original\1737-148989-0006.wav
dac,dac_16khz,1,n_q_1,1737-148989-0006,10.69,171040,0.022641798481345177,0.04127790778875351,1.9505575895309448,-36.81931648984034,0.014420782215893269,0.5386034005708241,1.0414040088653564,23.03457260131836,output\experiments\exp4_baseline_comparison_20260531_seed42\samples\dac\n_q1\1737-148989-0006.wav,8ed34f629a30a9b4769bb131de2e262549cb72bfa2c2ba72867771b54770b5b3,output\experiments\exp4_baseline_comparison_20260531_seed42\samples\original\1737-148989-0006.wav
dac,dac_16khz,2,n_q_2,1737-148989-0006,10.69,171040,0.024442121386528015,0.045181479305028915,1.4966298341751099,-26.514742897380735,0.04718227684497833,0.7005195838983538,1.1823571920394897,8.513927459716797,output\experiments\exp4_baseline_comparison_20260531_seed42\samples\dac\n_q2\1737-148989-0006.wav,6ccdc5231419a7125c6fd27256be96b0245b3a6cc004dcf453a77513e90d9ee8,output\experiments\exp4_baseline_comparison_20260531_seed42\samples\original\1737-148989-0006.wav
dac,dac_16khz,3,n_q_3,1737-148989-0006,10.69,171040,0.025706671178340912,0.047700922936201096,1.2360267639160156,-26.28651759617542,0.04843553155660629,0.7539124979223882,1.286877155303955,8.026599884033203,output\experiments\exp4_baseline_comparison_20260531_seed42\samples\dac\n_q3\1737-148989-0006.wav,fd29df3b2d8828e80d054dedc2c1a7e9c9ad4434766d751a576bcfe780daeaa0,output\experiments\exp4_baseline_comparison_20260531_seed42\samples\original\1737-148989-0006.wav
dac,dac_16khz,4,n_q_4,1737-148989-0006,10.69,171040,0.026330318301916122,0.049147021025419235,1.0854429006576538,-30.812861226765232,0.02878570929169655,0.7952320842655365,1.3766849040985107,8.112192153930664,output\experiments\exp4_baseline_comparison_20260531_seed42\samples\dac\n_q4\1737-148989-0006.wav,549ac976a21aab9ae9e4bad2ddd78ed455f51ba643fa494dd0cb11554cec521e,output\experiments\exp4_baseline_comparison_20260531_seed42\samples\original\1737-148989-0006.wav
dac,dac_16khz,6,n_q_6,1737-148989-0006,10.69,171040,0.025843221694231033,0.04956318065524101,0.8678717017173767,-30.548406417722,0.029674839228391647,0.8433482084418407,1.618316411972046,12.001991271972656,output\experiments\exp4_baseline_comparison_20260531_seed42\samples\dac\n_q6\1737-148989-0006.wav,bf4fd6b0f1c45c3c976d6bda9b32f8d8ef6e704f2c42a03cf007d457ee3b3ff7,output\experiments\exp4_baseline_comparison_20260531_seed42\samples\original\1737-148989-0006.wav
dac,dac_16khz,9,n_q_9,1737-148989-0006,10.69,171040,0.026022102683782578,0.05073061212897301,0.6571268439292908,-31.207288715753503,0.027508771046996117,0.9109502029259934,2.646589517593384,11.000394821166992,output\experiments\exp4_baseline_comparison_20260531_seed42\samples\dac\n_q9\1737-148989-0006.wav,ef56cfa2755eabef3233c09168c75b9063977395ad94d3712f04d44227d7355c,output\experiments\exp4_baseline_comparison_20260531_seed42\samples\original\1737-148989-0006.wav
dac,dac_16khz,12,n_q_12,1737-148989-0006,10.69,171040,0.02566065825521946,0.05009644106030464,0.5274147987365723,-26.89716447892852,0.04515424370765686,0.9520702878506759,3.691455602645874,15.506744384765625,output\experiments\exp4_baseline_comparison_20260531_seed42\samples\dac\n_q12\1737-148989-0006.wav,88d18b80ebfadbe916a8981d6a81344cfd13f0bfca394af9c4e596e41e786925,output\experiments\exp4_baseline_comparison_20260531_seed42\samples\original\1737-148989-0006.wav
scit_base,scit_base,1,L=1,1455-138263-0040,14.83,237280,0.028753384947776794,0.048505932092666626,1.178460955619812,-8.214814126793028,0.36203595995903015,0.7496623329479117,1.202965259552002,21.17013931274414,output\experiments\exp4_baseline_comparison_20260531_seed42\samples\scit_base\L1\1455-138263-0040.wav,0cfc1077af59db6038946160b7a12ddcfa16ea5b210a54a466850bb40401ac56,output\experiments\exp4_baseline_comparison_20260531_seed42\samples\original\1455-138263-0040.wav
scit_base,scit_base,2,L=2,1455-138263-0040,14.83,237280,0.024190565571188927,0.04283297061920166,0.9434542655944824,-3.3865031211583267,0.5606862902641296,0.8166732337491991,1.5344619750976562,18.531084060668945,output\experiments\exp4_baseline_comparison_20260531_seed42\samples\scit_base\L2\1455-138263-0040.wav,c66d864b769d4c1e1c1f07338d9cfce2d4086cb3c9d9188098f8ca2daed70d0c,output\experiments\exp4_baseline_comparison_20260531_seed42\samples\original\1455-138263-0040.wav
scit_base,scit_base,3,L=3,1455-138263-0040,14.83,237280,0.02260851301252842,0.041276030242443085,0.8692589998245239,-2.259561336551009,0.6105621457099915,0.8459121495854109,1.715861201286316,16.504764556884766,output\experiments\exp4_baseline_comparison_20260531_seed42\samples\scit_base\L3\1455-138263-0040.wav,cbb9c14e4cfbacdd914f471c12cd921164a07c5b2993cacfdf738c0e6c8ea93b,output\experiments\exp4_baseline_comparison_20260531_seed42\samples\original\1455-138263-0040.wav
scit_lca,scit_lca,1,L=1,1455-138263-0040,14.83,237280,0.029563818126916885,0.050905048847198486,1.1038596630096436,-10.666426489744596,0.2810663878917694,0.768444527906331,1.210837721824646,15.547037124633789,output\experiments\exp4_baseline_comparison_20260531_seed42\samples\scit_lca\L1\1455-138263-0040.wav,a872ea8473c9ed806167733765e3ba378081d5e187c2e57f40e31d609e004c44,output\experiments\exp4_baseline_comparison_20260531_seed42\samples\original\1455-138263-0040.wav
scit_lca,scit_lca,2,L=2,1455-138263-0040,14.83,237280,0.025148507207632065,0.04472697153687477,0.8864017128944397,-4.497123854093691,0.5118778944015503,0.8313215311627762,1.4810620546340942,17.50326156616211,output\experiments\exp4_baseline_comparison_20260531_seed42\samples\scit_lca\L2\1455-138263-0040.wav,f8b8e7177ed5e49f29f59e4da6490758b0cf2fd76e080984577fc16c5bd5fc9b,output\experiments\exp4_baseline_comparison_20260531_seed42\samples\original\1455-138263-0040.wav
scit_lca,scit_lca,3,L=3,1455-138263-0040,14.83,237280,0.022970980033278465,0.04129979759454727,0.8227753639221191,-2.507148681101109,0.5996297001838684,0.854698956950206,1.6666433811187744,16.510486602783203,output\experiments\exp4_baseline_comparison_20260531_seed42\samples\scit_lca\L3\1455-138263-0040.wav,af316bb5369979fa67da2084dae79d2b96a97fe83bad5d86f2ce3f3200d7a35c,output\experiments\exp4_baseline_comparison_20260531_seed42\samples\original\1455-138263-0040.wav
pcm,pcm_16bit_16khz,,16bit_16khz_passthrough,1455-138263-0040,14.83,237280,8.852736641529191e-07,1.4870655604681815e-06,6.138849857961759e-05,104.87716129320914,1.0000001192092896,0.9999999999929626,4.643888473510742,0.0,output\experiments\exp4_baseline_comparison_20260531_seed42\samples\pcm\1455-138263-0040.wav,fb03ab76671bb98752f8283edda0f0e39fc26cafd65dfbe96c626f8209af4547,output\experiments\exp4_baseline_comparison_20260531_seed42\samples\original\1455-138263-0040.wav
encodec,encodec_24khz,2,bw1.5kbps_n_cb2,1455-138263-0040,14.83,237280,0.023876884952187538,0.043400414288043976,1.1649746894836426,-3.2704086414641904,0.5658262968063354,0.8219980294690263,1.4406187534332275,75.5002498626709,output\experiments\exp4_baseline_comparison_20260531_seed42\samples\encodec\bw1.5kbps\1455-138263-0040.wav,dfc0c1d66a62d14bb91ea0879c1df9d7be6e46b9ec9d60f8cbe49779cc078da5,output\experiments\exp4_baseline_comparison_20260531_seed42\samples\original\1455-138263-0040.wav
encodec,encodec_24khz,4,bw3.0kbps_n_cb4,1455-138263-0040,14.83,237280,0.020068880170583725,0.03843289613723755,1.0003268718719482,-0.9652150096995367,0.6668322682380676,0.8810398456131209,2.0148863792419434,67.26646423339844,output\experiments\exp4_baseline_comparison_20260531_seed42\samples\encodec\bw3.0kbps\1455-138263-0040.wav,68b5c98f9f687891443635cf9a696abdc609da185694b47596c79e1c96ca3ad3,output\experiments\exp4_baseline_comparison_20260531_seed42\samples\original\1455-138263-0040.wav
encodec,encodec_24khz,8,bw6.0kbps_n_cb8,1455-138263-0040,14.83,237280,0.015816643834114075,0.032260794192552567,0.868922233581543,1.617220933058209,0.7694371938705444,0.9266685669221075,2.754655599594116,66.54953956604004,output\experiments\exp4_baseline_comparison_20260531_seed42\samples\encodec\bw6.0kbps\1455-138263-0040.wav,54653c94cbea60dad6e99948ac03fbe8b8f3a9bc2fd1187e87a92ed1bfefd989,output\experiments\exp4_baseline_comparison_20260531_seed42\samples\original\1455-138263-0040.wav
encodec,encodec_24khz,16,bw12.0kbps_n_cb16,1455-138263-0040,14.83,237280,0.012671415694057941,0.028695717453956604,0.7490026950836182,3.1003884067339653,0.8193049430847168,0.9559404607750365,3.436866044998169,68.44782829284668,output\experiments\exp4_baseline_comparison_20260531_seed42\samples\encodec\bw12.0kbps\1455-138263-0040.wav,a917d366575fdb0f70d600bf636182978a4d29bdc851be20a042d25279e2de24,output\experiments\exp4_baseline_comparison_20260531_seed42\samples\original\1455-138263-0040.wav
dac,dac_16khz,1,n_q_1,1455-138263-0040,14.83,237280,0.03215312212705612,0.05402094125747681,1.9149945974349976,-15.679818885481735,0.16226139664649963,0.6045904793664872,1.050018310546875,20.499706268310547,output\experiments\exp4_baseline_comparison_20260531_seed42\samples\dac\n_q1\1455-138263-0040.wav,59a8a6ba27ff90ea8921f92de6fb88ab0a17c760269417ebc084eed7329db454,output\experiments\exp4_baseline_comparison_20260531_seed42\samples\original\1455-138263-0040.wav
dac,dac_16khz,2,n_q_2,1455-138263-0040,14.83,237280,0.03122510202229023,0.05422542616724968,1.3858293294906616,-13.787550563624446,0.20032212138175964,0.7237096591201919,1.118648648262024,8.007287979125977,output\experiments\exp4_baseline_comparison_20260531_seed42\samples\dac\n_q2\1455-138263-0040.wav,b1b72f70346bbae1008f6cd88b51f6babaa7a0e2b09d8b327acfc9b771134384,output\experiments\exp4_baseline_comparison_20260531_seed42\samples\original\1455-138263-0040.wav
dac,dac_16khz,3,n_q_3,1455-138263-0040,14.83,237280,0.030033065006136894,0.054568275809288025,1.1384031772613525,-13.195935433820654,0.21381673216819763,0.7899879195230312,1.2576942443847656,8.001089096069336,output\experiments\exp4_baseline_comparison_20260531_seed42\samples\dac\n_q3\1455-138263-0040.wav,bd609255cc42c039e953abb5f79d082d7e78781f7165ec1a0337054c80cf77d9,output\experiments\exp4_baseline_comparison_20260531_seed42\samples\original\1455-138263-0040.wav
dac,dac_16khz,4,n_q_4,1455-138263-0040,14.83,237280,0.029430579394102097,0.05550350993871689,0.9648661613464355,-12.480453723290239,0.2312304824590683,0.8329111623534982,1.4775973558425903,9.034395217895508,output\experiments\exp4_baseline_comparison_20260531_seed42\samples\dac\n_q4\1455-138263-0040.wav,75cdc1a2c60cbdecae5c2e2c51dcf87a923250e64738be86db5299a95612b928,output\experiments\exp4_baseline_comparison_20260531_seed42\samples\original\1455-138263-0040.wav
dac,dac_16khz,6,n_q_6,1455-138263-0040,14.83,237280,0.028725579380989075,0.05746995285153389,0.7500725388526917,-11.76622305797432,0.24985675513744354,0.8909165306091349,1.9595363140106201,10.012388229370117,output\experiments\exp4_baseline_comparison_20260531_seed42\samples\dac\n_q6\1455-138263-0040.wav,9b1c45b2d7f2fb57cc97b1d1f317736ff7aa5289e297a13f6ae31b3947719a4d,output\experiments\exp4_baseline_comparison_20260531_seed42\samples\original\1455-138263-0040.wav
dac,dac_16khz,9,n_q_9,1455-138263-0040,14.83,237280,0.028410011902451515,0.05847207084298134,0.6008475422859192,-11.027845283493399,0.270465612411499,0.9350875694689678,2.895296096801758,14.670610427856445,output\experiments\exp4_baseline_comparison_20260531_seed42\samples\dac\n_q9\1455-138263-0040.wav,02959f6b430c414f1153e24fa25724d018f326f90a59f88579e5de0efb915262,output\experiments\exp4_baseline_comparison_20260531_seed42\samples\original\1455-138263-0040.wav
dac,dac_16khz,12,n_q_12,1455-138263-0040,14.83,237280,0.027800677344202995,0.05777560546994209,0.4927925765514374,-10.225516988199123,0.2944618761539459,0.9653992217141768,3.737046241760254,13.511419296264648,output\experiments\exp4_baseline_comparison_20260531_seed42\samples\dac\n_q12\1455-138263-0040.wav,ee9553dbc9ddc603830fa6197fc95f33cb8df068366bafb9156bdacfa84a421f,output\experiments\exp4_baseline_comparison_20260531_seed42\samples\original\1455-138263-0040.wav
scit_base,scit_base,1,L=1,311-124404-0119,6.175,98800,0.019457921385765076,0.03414755314588547,1.1597135066986084,-10.413005475214387,0.28870323300361633,0.7504839009442246,1.1993967294692993,14.456510543823242,output\experiments\exp4_baseline_comparison_20260531_seed42\samples\scit_base\L1\311-124404-0119.wav,9aaa9231c4013af1c6d630885f732583465a1201a154f61b8d2ffd73ac788533,output\experiments\exp4_baseline_comparison_20260531_seed42\samples\original\311-124404-0119.wav
scit_base,scit_base,2,L=2,311-124404-0119,6.175,98800,0.014951261691749096,0.026818985119462013,0.9290744662284851,-1.9707342160401475,0.6232678890228271,0.8234446580032374,1.2910315990447998,11.406183242797852,output\experiments\exp4_baseline_comparison_20260531_seed42\samples\scit_base\L2\311-124404-0119.wav,11e666eb3f0be0fba673e0ce97877111714233e19c8b4cf4f7615f41f2174008,output\experiments\exp4_baseline_comparison_20260531_seed42\samples\original\311-124404-0119.wav
scit_base,scit_base,3,L=3,311-124404-0119,6.175,98800,0.013260569423437119,0.02375612035393715,0.8641102910041809,0.4303695015885817,0.7243989706039429,0.8520600080450604,1.3955070972442627,15.505313873291016,output\experiments\exp4_baseline_comparison_20260531_seed42\samples\scit_base\L3\311-124404-0119.wav,3b1a017da038053ecff1fa2c4697b89fabcf4c15630d23ec27ab664538287ea7,output\experiments\exp4_baseline_comparison_20260531_seed42\samples\original\311-124404-0119.wav
scit_lca,scit_lca,1,L=1,311-124404-0119,6.175,98800,0.018660400062799454,0.0338403545320034,1.0901410579681396,-12.489746203080658,0.23099641501903534,0.762803871661661,1.1970118284225464,9.003639221191406,output\experiments\exp4_baseline_comparison_20260531_seed42\samples\scit_lca\L1\311-124404-0119.wav,1c03a56a5a2beff5834f220ebd454cb16822bda5bed6c7bc06f9212dbd581181,output\experiments\exp4_baseline_comparison_20260531_seed42\samples\original\311-124404-0119.wav
scit_lca,scit_lca,2,L=2,311-124404-0119,6.175,98800,0.014778085052967072,0.025788187980651855,0.8811607360839844,-1.8098499693732237,0.6303163766860962,0.8306058436209273,1.349315881729126,9.001970291137695,output\experiments\exp4_baseline_comparison_20260531_seed42\samples\scit_lca\L2\311-124404-0119.wav,64a15e846baa2cb5ffe323a3dd419d2b8ea1155594c38d9dae13966f32cfc9a9,output\experiments\exp4_baseline_comparison_20260531_seed42\samples\original\311-124404-0119.wav
scit_lca,scit_lca,3,L=3,311-124404-0119,6.175,98800,0.013195312581956387,0.023046480491757393,0.8131793737411499,0.33023974565722136,0.7204172015190125,0.8555809591754087,1.4126296043395996,14.507532119750977,output\experiments\exp4_baseline_comparison_20260531_seed42\samples\scit_lca\L3\311-124404-0119.wav,62bad8cdf524d7c01a9ba8dfba71a0184758a365184046d233962091b4aebdeb,output\experiments\exp4_baseline_comparison_20260531_seed42\samples\original\311-124404-0119.wav
pcm,pcm_16bit_16khz,,16bit_16khz_passthrough,311-124404-0119,6.175,98800,5.372610871745565e-07,1.0055630355054745e-06,6.105891952756792e-05,100.30006632646861,0.9999997615814209,0.9999999999999981,4.643888473510742,0.0,output\experiments\exp4_baseline_comparison_20260531_seed42\samples\pcm\311-124404-0119.wav,433fe96ae902b11eb28f2873539537d85d128ae7c217321e5d69f15cae471d3e,output\experiments\exp4_baseline_comparison_20260531_seed42\samples\original\311-124404-0119.wav
encodec,encodec_24khz,2,bw1.5kbps_n_cb2,311-124404-0119,6.175,98800,0.013969221152365208,0.0243790615350008,1.220832347869873,-0.19876916950648124,0.6989705562591553,0.836583565932249,1.3342891931533813,64.94545936584473,output\experiments\exp4_baseline_comparison_20260531_seed42\samples\encodec\bw1.5kbps\311-124404-0119.wav,40646163d784cfabf98095a3aaf16b63bd3f20d44469e577b66ab51cdc05c489,output\experiments\exp4_baseline_comparison_20260531_seed42\samples\original\311-124404-0119.wav
encodec,encodec_24khz,4,bw3.0kbps_n_cb4,311-124404-0119,6.175,98800,0.010898470878601074,0.018998848274350166,0.9805855751037598,3.2940064833486233,0.8252406716346741,0.8887215370249566,1.780886173248291,32.03749656677246,output\experiments\exp4_baseline_comparison_20260531_seed42\samples\encodec\bw3.0kbps\311-124404-0119.wav,f2dd1451ff69db420be063846905895aa3e5c7e0e2e82fb00e4a6a074787bc3b,output\experiments\exp4_baseline_comparison_20260531_seed42\samples\original\311-124404-0119.wav
encodec,encodec_24khz,8,bw6.0kbps_n_cb8,311-124404-0119,6.175,98800,0.008421910926699638,0.01564057171344757,0.8493761420249939,5.570226106701158,0.8848111033439636,0.9394568574700862,2.5721070766448975,44.80791091918945,output\experiments\exp4_baseline_comparison_20260531_seed42\samples\encodec\bw6.0kbps\311-124404-0119.wav,d661675789ec19f45049cc3741e1e4a675f0d1eeca26912a42e282aeb67c3dd1,output\experiments\exp4_baseline_comparison_20260531_seed42\samples\original\311-124404-0119.wav
encodec,encodec_24khz,16,bw12.0kbps_n_cb16,311-124404-0119,6.175,98800,0.006766838021576405,0.013796329498291016,0.7339932322502136,6.878323020464748,0.9109011292457581,0.9667385149742579,3.1987874507904053,35.1259708404541,output\experiments\exp4_baseline_comparison_20260531_seed42\samples\encodec\bw12.0kbps\311-124404-0119.wav,015071fe3001f67ee03f2e109907507632b42e1c365b00bf38063da43c9563f7,output\experiments\exp4_baseline_comparison_20260531_seed42\samples\original\311-124404-0119.wav
dac,dac_16khz,1,n_q_1,311-124404-0119,6.175,98800,0.020208360627293587,0.038221511989831924,1.986047387123108,-20.588639737311773,0.09304221719503403,0.5441581739031988,1.0474841594696045,53.61628532409668,output\experiments\exp4_baseline_comparison_20260531_seed42\samples\dac\n_q1\311-124404-0119.wav,f29df0b24b517f5180a1d90ea7fe5fa9aa690fc4ce5dc6688e3de007036288b1,output\experiments\exp4_baseline_comparison_20260531_seed42\samples\original\311-124404-0119.wav
dac,dac_16khz,2,n_q_2,311-124404-0119,6.175,98800,0.019216828048229218,0.03477317839860916,1.4324264526367188,-11.383412480886946,0.2603670656681061,0.699317775354663,1.10552179813385,9.056568145751953,output\experiments\exp4_baseline_comparison_20260531_seed42\samples\dac\n_q2\311-124404-0119.wav,4e6eb3fb6a2c72bd49c240d2b01a60e2444fd05069fc59843a06f0e40d262a3b,output\experiments\exp4_baseline_comparison_20260531_seed42\samples\original\311-124404-0119.wav
dac,dac_16khz,3,n_q_3,311-124404-0119,6.175,98800,0.01765338145196438,0.032413091510534286,1.1750742197036743,-7.323031928272165,0.3953194320201874,0.7813474536084595,1.13395357131958,18.505573272705078,output\experiments\exp4_baseline_comparison_20260531_seed42\samples\dac\n_q3\311-124404-0119.wav,13fdd3c45a4dddb936fe1b53454ea9c1e1776a33e5a8dec7b39e5d09b6ba11d0,output\experiments\exp4_baseline_comparison_20260531_seed42\samples\original\311-124404-0119.wav
dac,dac_16khz,4,n_q_4,311-124404-0119,6.175,98800,0.016589578241109848,0.0301210880279541,0.9637769460678101,-4.9024476978676965,0.494345098733902,0.8346187180168771,1.2812888622283936,10.001420974731445,output\experiments\exp4_baseline_comparison_20260531_seed42\samples\dac\n_q4\311-124404-0119.wav,c1e4f1c8e312663a9d2faa377231fcae9d171394319187074a4b7624ff819155,output\experiments\exp4_baseline_comparison_20260531_seed42\samples\original\311-124404-0119.wav
dac,dac_16khz,6,n_q_6,311-124404-0119,6.175,98800,0.01492970623075962,0.027682168409228325,0.7322944402694702,-2.3387800473504026,0.6070675253868103,0.8895263688400296,1.7784297466278076,12.009859085083008,output\experiments\exp4_baseline_comparison_20260531_seed42\samples\dac\n_q6\311-124404-0119.wav,eabbb3597a3194f1c0f7b82c9bac0f751195728f3f1298d26522ee3170ca7a13,output\experiments\exp4_baseline_comparison_20260531_seed42\samples\original\311-124404-0119.wav
dac,dac_16khz,9,n_q_9,311-124404-0119,6.175,98800,0.014081520959734917,0.026740653440356255,0.5584568381309509,-1.1453767112094895,0.6591254472732544,0.9422258854618202,2.639336347579956,15.104293823242188,output\experiments\exp4_baseline_comparison_20260531_seed42\samples\dac\n_q9\311-124404-0119.wav,bf6e798b16c6eadf1e795f63b7f767d06c0c5a39ad4e88cabe52b675378be0bb,output\experiments\exp4_baseline_comparison_20260531_seed42\samples\original\311-124404-0119.wav
dac,dac_16khz,12,n_q_12,311-124404-0119,6.175,98800,0.013311753049492836,0.025304248556494713,0.4594944417476654,-0.1333997448302052,0.7016562819480896,0.970798931598709,3.4440929889678955,19.515275955200195,output\experiments\exp4_baseline_comparison_20260531_seed42\samples\dac\n_q12\311-124404-0119.wav,e87b23c3f7fb9cd7f15843783d6a6b341f22be88bd2683315d72bdef874665b8,output\experiments\exp4_baseline_comparison_20260531_seed42\samples\original\311-124404-0119.wav
scit_base,scit_base,1,L=1,4680-16026-0019,2.34,37440,0.028103182092308998,0.05238576605916023,1.1014035940170288,-0.23030083768950135,0.6976718306541443,0.8730079649642002,1.8172810077667236,16.32523536682129,output\experiments\exp4_baseline_comparison_20260531_seed42\samples\scit_base\L1\4680-16026-0019.wav,58947261cf617855c662c7ad2aff59369cdaf418adb20d330e1d17d7420fc636,output\experiments\exp4_baseline_comparison_20260531_seed42\samples\original\4680-16026-0019.wav
scit_base,scit_base,2,L=2,4680-16026-0019,2.34,37440,0.02168429084122181,0.039674852043390274,0.9112644195556641,3.780676840363946,0.8395574688911438,0.9018983199207821,2.552177667617798,9.506940841674805,output\experiments\exp4_baseline_comparison_20260531_seed42\samples\scit_base\L2\4680-16026-0019.wav,463cf70125daa6c31fa7349fe9ed17abb48f299b828dd963988415b3b6537ff8,output\experiments\exp4_baseline_comparison_20260531_seed42\samples\original\4680-16026-0019.wav
scit_base,scit_base,3,L=3,4680-16026-0019,2.34,37440,0.017694570124149323,0.031992264091968536,0.8658151626586914,6.25208338972943,0.8991062045097351,0.9253200860320054,2.8424816131591797,9.659290313720703,output\experiments\exp4_baseline_comparison_20260531_seed42\samples\scit_base\L3\4680-16026-0019.wav,8a86f4d9e7af2eddf1139a89391302750ffa494dee2b3f181ea1d6e9236b2be3,output\experiments\exp4_baseline_comparison_20260531_seed42\samples\original\4680-16026-0019.wav
scit_lca,scit_lca,1,L=1,4680-16026-0019,2.34,37440,0.02859310619533062,0.054324518889188766,1.0905766487121582,-0.9302721001426761,0.6683210134506226,0.8578133367288998,1.8323755264282227,4.509449005126953,output\experiments\exp4_baseline_comparison_20260531_seed42\samples\scit_lca\L1\4680-16026-0019.wav,cfc7a2795be430b2714763abc0fe1f3610791142dce0656f4d5a4bca7693ea1f,output\experiments\exp4_baseline_comparison_20260531_seed42\samples\original\4680-16026-0019.wav
scit_lca,scit_lca,2,L=2,4680-16026-0019,2.34,37440,0.020913800224661827,0.041174694895744324,0.8781476616859436,3.315616762156125,0.8258947730064392,0.9131114501720989,2.5764076709747314,5.797624588012695,output\experiments\exp4_baseline_comparison_20260531_seed42\samples\scit_lca\L2\4680-16026-0019.wav,f84584d81a4d0b66378394c40da6aae208b60cb353afa6e201c4418394d4763b,output\experiments\exp4_baseline_comparison_20260531_seed42\samples\original\4680-16026-0019.wav
scit_lca,scit_lca,3,L=3,4680-16026-0019,2.34,37440,0.01814945414662361,0.03560671955347061,0.8201828598976135,5.06971082491842,0.8733065128326416,0.9352506652764905,2.815223455429077,6.000280380249023,output\experiments\exp4_baseline_comparison_20260531_seed42\samples\scit_lca\L3\4680-16026-0019.wav,732d337c51af6c8fb9b3120f4d30d887ddb553fba3df12725be5186ecf4511c3,output\experiments\exp4_baseline_comparison_20260531_seed42\samples\original\4680-16026-0019.wav
pcm,pcm_16bit_16khz,,16bit_16khz_passthrough,4680-16026-0019,2.34,37440,1.1954729188801139e-06,2.2250569600146264e-06,6.689821748295799e-05,99.78157037948863,0.9999999403953552,0.9999999992819406,4.643888473510742,0.0,output\experiments\exp4_baseline_comparison_20260531_seed42\samples\pcm\4680-16026-0019.wav,9fb44b66150aeaf296d41efc93ab48935db1949f0a9d322579961dc9deccfb7f,output\experiments\exp4_baseline_comparison_20260531_seed42\samples\original\4680-16026-0019.wav
encodec,encodec_24khz,2,bw1.5kbps_n_cb2,4680-16026-0019,2.34,37440,0.024008652195334435,0.0462045818567276,1.46934974193573,2.070873935351032,0.7854938507080078,0.877082512954311,1.653990387916565,85.14881134033203,output\experiments\exp4_baseline_comparison_20260531_seed42\samples\encodec\bw1.5kbps\4680-16026-0019.wav,d635959dc1abb5a8c367723ff58caa64282cea3c6cf3de99a916c528bf4683b4,output\experiments\exp4_baseline_comparison_20260531_seed42\samples\original\4680-16026-0019.wav
encodec,encodec_24khz,4,bw3.0kbps_n_cb4,4680-16026-0019,2.34,37440,0.01738736964762211,0.032801397144794464,1.28458833694458,6.0839675143675995,0.8957254886627197,0.9297492589326032,2.3913726806640625,17.504215240478516,output\experiments\exp4_baseline_comparison_20260531_seed42\samples\encodec\bw3.0kbps\4680-16026-0019.wav,887a864aaac5d209a4364c390c6eada483d9359577ca1340571ebcaaa4ba5208,output\experiments\exp4_baseline_comparison_20260531_seed42\samples\original\4680-16026-0019.wav
encodec,encodec_24khz,8,bw6.0kbps_n_cb8,4680-16026-0019,2.34,37440,0.01161443255841732,0.021512871608138084,1.113221526145935,10.235330068844142,0.955756664276123,0.9630469895134891,2.931358814239502,21.546602249145508,output\experiments\exp4_baseline_comparison_20260531_seed42\samples\encodec\bw6.0kbps\4680-16026-0019.wav,9b848554c3c3afda8ada7ed680f9a5ef679558b5087c1225ceb2c944a77acc61,output\experiments\exp4_baseline_comparison_20260531_seed42\samples\original\4680-16026-0019.wav
encodec,encodec_24khz,16,bw12.0kbps_n_cb16,4680-16026-0019,2.34,37440,0.008468243293464184,0.015318606048822403,0.9798476099967957,13.372470157433028,0.9777644872665405,0.9781080200446622,3.555664300918579,21.509647369384766,output\experiments\exp4_baseline_comparison_20260531_seed42\samples\encodec\bw12.0kbps\4680-16026-0019.wav,1ebbc06f384a9c16a4fad8c9c5927493005d802c81e07bef1abbc63b03ed85ad,output\experiments\exp4_baseline_comparison_20260531_seed42\samples\original\4680-16026-0019.wav
dac,dac_16khz,1,n_q_1,4680-16026-0019,2.3395,37432,0.0410890094935894,0.07599824666976929,1.98759126663208,-17.044849826246676,0.1391589492559433,0.625007524463529,1.0570659637451172,29.014110565185547,output\experiments\exp4_baseline_comparison_20260531_seed42\samples\dac\n_q1\4680-16026-0019.wav,94b33026d7214b4c5cb7d60fac72a6d0e96269a9840163d8c5ad96f69a8a9e09,output\experiments\exp4_baseline_comparison_20260531_seed42\samples\original\4680-16026-0019.wav
dac,dac_16khz,2,n_q_2,4680-16026-0019,2.3395,37432,0.04127373918890953,0.07863327860832214,1.4250009059906006,-14.04253109189841,0.19474995136260986,0.7329700309064509,1.1624174118041992,8.512020111083984,output\experiments\exp4_baseline_comparison_20260531_seed42\samples\dac\n_q2\4680-16026-0019.wav,224fa61600e64c818d952e2d95b0fc6fab5b18e52423e56fc9d9010f30df5534,output\experiments\exp4_baseline_comparison_20260531_seed42\samples\original\4680-16026-0019.wav
dac,dac_16khz,3,n_q_3,4680-16026-0019,2.3395,37432,0.044715069234371185,0.08776820451021194,1.2434718608856201,-20.088791682942848,0.09850160032510757,0.8203860949210994,1.2890148162841797,18.21160316467285,output\experiments\exp4_baseline_comparison_20260531_seed42\samples\dac\n_q3\4680-16026-0019.wav,9db4c3b5ddf64e777a1a764bd061eac3ebfbd8a2b996b7efd9568eb4a61f2274,output\experiments\exp4_baseline_comparison_20260531_seed42\samples\original\4680-16026-0019.wav
dac,dac_16khz,4,n_q_4,4680-16026-0019,2.3395,37432,0.04771222546696663,0.09670481830835342,1.1177034378051758,-51.74646106784383,-0.0025862669572234154,0.8614299306657719,1.3346751928329468,10.998010635375977,output\experiments\exp4_baseline_comparison_20260531_seed42\samples\dac\n_q4\4680-16026-0019.wav,c40d40fe00d3c430c9f9263a932bd6c277db88574d805b85b1e74603c188db0d,output\experiments\exp4_baseline_comparison_20260531_seed42\samples\original\4680-16026-0019.wav
dac,dac_16khz,6,n_q_6,4680-16026-0019,2.3395,37432,0.0506926067173481,0.10646189749240875,0.8708235025405884,-27.702132159248496,-0.041164714843034744,0.921145431914759,2.0594918727874756,21.015167236328125,output\experiments\exp4_baseline_comparison_20260531_seed42\samples\dac\n_q6\4680-16026-0019.wav,589fed290380665329cd7242dbc77f7fb7a6a940654ca3e0288fc5beffcd6740,output\experiments\exp4_baseline_comparison_20260531_seed42\samples\original\4680-16026-0019.wav
dac,dac_16khz,9,n_q_9,4680-16026-0019,2.3395,37432,0.05164641514420509,0.10936976224184036,0.649659276008606,-25.378661040015665,-0.0537574328482151,0.9629016685237245,3.4106650352478027,24.510622024536133,output\experiments\exp4_baseline_comparison_20260531_seed42\samples\dac\n_q9\4680-16026-0019.wav,b9d0eb8ddb903dc0ad3f47a6cd86b806a83f40cb6e68f44adeb5cd365f7e9c57,output\experiments\exp4_baseline_comparison_20260531_seed42\samples\original\4680-16026-0019.wav
dac,dac_16khz,12,n_q_12,4680-16026-0019,2.3395,37432,0.04935497045516968,0.10345005989074707,0.5112190842628479,-40.754264528794586,0.0091678686439991,0.9801318132015181,4.281036376953125,16.510486602783203,output\experiments\exp4_baseline_comparison_20260531_seed42\samples\dac\n_q12\4680-16026-0019.wav,58754d8a0c433e790d25b9f5332ab50e8bc2d705eeca9f6cb67353cb20719fbd,output\experiments\exp4_baseline_comparison_20260531_seed42\samples\original\4680-16026-0019.wav
scit_base,scit_base,1,L=1,8098-278278-0035,15.1,241600,0.052503980696201324,0.0867239385843277,1.1833266019821167,-11.84664119981331,0.24769601225852966,0.7960956489968182,1.2618144750595093,26.010751724243164,output\experiments\exp4_baseline_comparison_20260531_seed42\samples\scit_base\L1\8098-278278-0035.wav,800386ab99daf67fc57a74c52f54946dd4411785eaa142fcf59c71dab1e71dff,output\experiments\exp4_baseline_comparison_20260531_seed42\samples\original\8098-278278-0035.wav
scit_base,scit_base,2,L=2,8098-278278-0035,15.1,241600,0.03552448749542236,0.0622188076376915,0.9752181768417358,-0.14822224890626057,0.7010481357574463,0.8538021976436269,1.5707311630249023,17.375469207763672,output\experiments\exp4_baseline_comparison_20260531_seed42\samples\scit_base\L2\8098-278278-0035.wav,64d3d18f1041d37daaf807bb5bcc6c5d5d21d45dae5ef20e9c47b341fab53d73,output\experiments\exp4_baseline_comparison_20260531_seed42\samples\original\8098-278278-0035.wav
scit_base,scit_base,3,L=3,8098-278278-0035,15.1,241600,0.03301293030381203,0.058744706213474274,0.9089661836624146,1.1380244323505901,0.7517563700675964,0.8802651744007236,1.7887592315673828,19.325733184814453,output\experiments\exp4_baseline_comparison_20260531_seed42\samples\scit_base\L3\8098-278278-0035.wav,1b9fd5d60bb9f370808aa75f051572388e195ddec95c8e5e3f81045f41e71c74,output\experiments\exp4_baseline_comparison_20260531_seed42\samples\original\8098-278278-0035.wav
scit_lca,scit_lca,1,L=1,8098-278278-0035,15.1,241600,0.04911947622895241,0.0812101736664772,1.1665879487991333,-8.853708320155048,0.33941876888275146,0.8038586486646099,1.2906696796417236,29.60824966430664,output\experiments\exp4_baseline_comparison_20260531_seed42\samples\scit_lca\L1\8098-278278-0035.wav,5be471a658abe4c192afeeeeb40fe17b311689c7cbfdd6fc4024ec254b73a256,output\experiments\exp4_baseline_comparison_20260531_seed42\samples\original\8098-278278-0035.wav
scit_lca,scit_lca,2,L=2,8098-278278-0035,15.1,241600,0.034296512603759766,0.05990635231137276,0.9575709104537964,-0.08288092982574798,0.7037251591682434,0.8615273684793205,1.5413334369659424,16.11804962158203,output\experiments\exp4_baseline_comparison_20260531_seed42\samples\scit_lca\L2\8098-278278-0035.wav,fa1655f5850f984d9ac3664a96ac6422c3e12f903938274aded5e4ff9129f24b,output\experiments\exp4_baseline_comparison_20260531_seed42\samples\original\8098-278278-0035.wav
scit_lca,scit_lca,3,L=3,8098-278278-0035,15.1,241600,0.030820028856396675,0.05444380268454552,0.8893169164657593,1.5652415175297643,0.7675543427467346,0.8850971626426514,1.66402006149292,15.868425369262695,output\experiments\exp4_baseline_comparison_20260531_seed42\samples\scit_lca\L3\8098-278278-0035.wav,444855160951971220759db69fb06fce480d41f8a2c8eacdd2a8098d63d58c2b,output\experiments\exp4_baseline_comparison_20260531_seed42\samples\original\8098-278278-0035.wav
pcm,pcm_16bit_16khz,,16bit_16khz_passthrough,8098-278278-0035,15.1,241600,1.5257912764354842e-06,2.532161943236133e-06,6.269856385188177e-05,109.35110183082217,1.0,0.9999999999921437,4.643888473510742,0.0,output\experiments\exp4_baseline_comparison_20260531_seed42\samples\pcm\8098-278278-0035.wav,db7b6f148104b196b0de6c5063549e5ae570f4fd9defd896e50dc2fe13daed6d,output\experiments\exp4_baseline_comparison_20260531_seed42\samples\original\8098-278278-0035.wav
encodec,encodec_24khz,2,bw1.5kbps_n_cb2,8098-278278-0035,15.1,241600,0.030626384541392326,0.05263763293623924,1.6363846063613892,2.259570343334077,0.7919687628746033,0.854740811722102,1.6839542388916016,76.97129249572754,output\experiments\exp4_baseline_comparison_20260531_seed42\samples\encodec\bw1.5kbps\8098-278278-0035.wav,d2615adc65e8a3ec0acd603625dba860a09d51df959f6cd3dd016d41eece7763,output\experiments\exp4_baseline_comparison_20260531_seed42\samples\original\8098-278278-0035.wav
encodec,encodec_24khz,4,bw3.0kbps_n_cb4,8098-278278-0035,15.1,241600,0.023203283548355103,0.039824724197387695,1.4395477771759033,5.47451911471562,0.8826785683631897,0.9110052941189942,2.3629379272460938,67.57926940917969,output\experiments\exp4_baseline_comparison_20260531_seed42\samples\encodec\bw3.0kbps\8098-278278-0035.wav,9324e312237703419d2b673f515317e0235c3c718384124eed1d7d54c3ecad0a,output\experiments\exp4_baseline_comparison_20260531_seed42\samples\original\8098-278278-0035.wav
encodec,encodec_24khz,8,bw6.0kbps_n_cb8,8098-278278-0035,15.1,241600,0.016490640118718147,0.028341738507151604,1.319875955581665,8.870430971016141,0.9408435821533203,0.9484967851591564,3.166247606277466,74.28359985351562,output\experiments\exp4_baseline_comparison_20260531_seed42\samples\encodec\bw6.0kbps\8098-278278-0035.wav,6be2fef38c4c70ac679b6b5465a16f5bde4788cf33fe3e7405776afc53d15300,output\experiments\exp4_baseline_comparison_20260531_seed42\samples\original\8098-278278-0035.wav
encodec,encodec_24khz,16,bw12.0kbps_n_cb16,8098-278278-0035,15.1,241600,0.01162359956651926,0.02053319476544857,1.1773511171340942,11.87696512355079,0.9690446257591248,0.9727687955607104,3.807776689529419,73.28939437866211,output\experiments\exp4_baseline_comparison_20260531_seed42\samples\encodec\bw12.0kbps\8098-278278-0035.wav,ff65e473780425addf69a807e4e0a6cc31b9a2446cfc8f225c0dbe1ae7c6f587,output\experiments\exp4_baseline_comparison_20260531_seed42\samples\original\8098-278278-0035.wav
dac,dac_16khz,1,n_q_1,8098-278278-0035,15.0995,241592,0.05403762310743332,0.09169378131628036,1.977147102355957,-13.704552494704519,0.20216722786426544,0.6610011911134934,1.0732276439666748,20.51687240600586,output\experiments\exp4_baseline_comparison_20260531_seed42\samples\dac\n_q1\8098-278278-0035.wav,2d75015b491a0f847f8b9e2a208bb8b8acb09498e759114f38121ad6ad98e0a2,output\experiments\exp4_baseline_comparison_20260531_seed42\samples\original\8098-278278-0035.wav
dac,dac_16khz,2,n_q_2,8098-278278-0035,15.0995,241592,0.051870863884687424,0.09039252996444702,1.3692294359207153,-10.347275984130537,0.29071155190467834,0.764412424330608,1.2194526195526123,8.025407791137695,output\experiments\exp4_baseline_comparison_20260531_seed42\samples\dac\n_q2\8098-278278-0035.wav,3d9c5a5b30098657a276ef00fa7d74cf7c09b1a336ecf9628fe08284b216e7c7,output\experiments\exp4_baseline_comparison_20260531_seed42\samples\original\8098-278278-0035.wav
dac,dac_16khz,3,n_q_3,8098-278278-0035,15.0995,241592,0.049474239349365234,0.08820588886737823,1.109336256980896,-8.401504786117535,0.3553186058998108,0.8280575422522334,1.3747715950012207,10.193109512329102,output\experiments\exp4_baseline_comparison_20260531_seed42\samples\dac\n_q3\8098-278278-0035.wav,8c4a9ec178e35b1ff0cd8cbaa878d4e603ad632ae9bffb39742b0c4c643ceb0e,output\experiments\exp4_baseline_comparison_20260531_seed42\samples\original\8098-278278-0035.wav
dac,dac_16khz,4,n_q_4,8098-278278-0035,15.0995,241592,0.04834888130426407,0.08807513117790222,0.960837185382843,-7.652951500413848,0.3827797770500183,0.8730063926778676,1.6316231489181519,8.024454116821289,output\experiments\exp4_baseline_comparison_20260531_seed42\samples\dac\n_q4\8098-278278-0035.wav,6976703020d13f5c7dfe893f96394f5ae58d6e96f19ed0a6ef77be83399185b9,output\experiments\exp4_baseline_comparison_20260531_seed42\samples\original\8098-278278-0035.wav
dac,dac_16khz,6,n_q_6,8098-278278-0035,15.0995,241592,0.046886295080184937,0.08715777844190598,0.7526390552520752,-6.491479813092873,0.4280356764793396,0.9196497054904329,2.1463065147399902,9.996652603149414,output\experiments\exp4_baseline_comparison_20260531_seed42\samples\dac\n_q6\8098-278278-0035.wav,4e272fb52fd6dabaae677abd194099dfe5bf49c5d2524927073266d4317bbbc5,output\experiments\exp4_baseline_comparison_20260531_seed42\samples\original\8098-278278-0035.wav
dac,dac_16khz,9,n_q_9,8098-278278-0035,15.0995,241592,0.046557363122701645,0.08747078478336334,0.589481770992279,-5.927796930296894,0.4510442316532135,0.9571236079730588,3.2520363330841064,12.038946151733398,output\experiments\exp4_baseline_comparison_20260531_seed42\samples\dac\n_q9\8098-278278-0035.wav,17e9ea962d5092e41d36377c066c77361e997c47493c5971230f36054488e3e0,output\experiments\exp4_baseline_comparison_20260531_seed42\samples\original\8098-278278-0035.wav
dac,dac_16khz,12,n_q_12,8098-278278-0035,15.0995,241592,0.0451531708240509,0.0844854861497879,0.47767966985702515,-5.137685346068984,0.48426640033721924,0.9780304203927485,4.073158264160156,12.999773025512695,output\experiments\exp4_baseline_comparison_20260531_seed42\samples\dac\n_q12\8098-278278-0035.wav,5c6c68d91167dc20c8275b026e9ec6b7240e32422f0ca96cce97e13f73194be0,output\experiments\exp4_baseline_comparison_20260531_seed42\samples\original\8098-278278-0035.wav
opus,libopus,,opus_6000bps,8838-298545-0037,13.79,220640,0.017163699492812157,0.031224649399518967,1.8974944353103638,5.601196932567189,0.8854943513870239,0.9141710336128142,2.7820029258728027,45.729637145996094,output\experiments\exp4_baseline_comparison_20260531_seed42\samples\opus\br6000\8838-298545-0037.wav,8d7bddf5fe799286ee57afe8926371fe3a6f53c651d4baeb3a62ed9a18b86ec0,output\experiments\exp4_baseline_comparison_20260531_seed42\samples\original\8838-298545-0037.wav
opus,libopus,,opus_8000bps,8838-298545-0037,13.79,220640,0.013708171434700489,0.025281423702836037,1.7884764671325684,7.839174044111635,0.9266936779022217,0.9570603542016876,3.6954216957092285,183.4549903869629,output\experiments\exp4_baseline_comparison_20260531_seed42\samples\opus\br8000\8838-298545-0037.wav,ade3b17d4ec0028fd0588ce4e921de96bae6ceafc5e8c5f7bf803c21bc1c8997,output\experiments\exp4_baseline_comparison_20260531_seed42\samples\original\8838-298545-0037.wav
opus,libopus,,opus_12000bps,8838-298545-0037,13.79,220640,0.0060999528504908085,0.010691440664231777,0.58433598279953,15.901135715301496,0.987393856048584,0.9774602192636249,4.122803688049316,39.37029838562012,output\experiments\exp4_baseline_comparison_20260531_seed42\samples\opus\br12000\8838-298545-0037.wav,2438149556e58b3c3265ccd2d878ffedd20ee8dec3c0a2a47e09e793ad442776,output\experiments\exp4_baseline_comparison_20260531_seed42\samples\original\8838-298545-0037.wav
opus,libopus,,opus_16000bps,8838-298545-0037,13.79,220640,0.004167613573372364,0.007270447909832001,0.5116100311279297,19.333864647858036,0.994221568107605,0.9876510972080991,4.349092483520508,41.56041145324707,output\experiments\exp4_baseline_comparison_20260531_seed42\samples\opus\br16000\8838-298545-0037.wav,7f70126617b6ee2c622ef47eba758983ae8ecd75bb6381a4fd7a10847af3d95c,output\experiments\exp4_baseline_comparison_20260531_seed42\samples\original\8838-298545-0037.wav
opus,libopus,,opus_24000bps,8838-298545-0037,13.79,220640,0.0024553234688937664,0.00425382936373353,0.4366401731967926,24.00659392322484,0.9980183839797974,0.9955709014148054,4.531716346740723,146.54040336608887,output\experiments\exp4_baseline_comparison_20260531_seed42\samples\opus\br24000\8838-298545-0037.wav,604c5f06a0a64a20a6217201f1ef3142011125d44f807168de7870af7377c532,output\experiments\exp4_baseline_comparison_20260531_seed42\samples\original\8838-298545-0037.wav
opus,libopus,,opus_6000bps,5390-30102-0015,15.26,244160,0.017643144354224205,0.028152836486697197,2.0346531867980957,4.884373234121877,0.868823230266571,0.8780267576126788,2.0903677940368652,40.5428409576416,output\experiments\exp4_baseline_comparison_20260531_seed42\samples\opus\br6000\5390-30102-0015.wav,b9f107664bded68c46da654c25e7feb38e853db8fc9ef0499bc2b6f468454ff3,output\experiments\exp4_baseline_comparison_20260531_seed42\samples\original\5390-30102-0015.wav
opus,libopus,,opus_8000bps,5390-30102-0015,15.26,244160,0.013211747631430626,0.02155933901667595,1.9571845531463623,7.742101934340809,0.9252179265022278,0.9404320388240719,2.796212911605835,39.02029991149902,output\experiments\exp4_baseline_comparison_20260531_seed42\samples\opus\br8000\5390-30102-0015.wav,1aa480ee06c864f70306dc0fba2ffd1968d559b595d376eed0248894051c3d8e,output\experiments\exp4_baseline_comparison_20260531_seed42\samples\original\5390-30102-0015.wav
opus,libopus,,opus_12000bps,5390-30102-0015,15.26,244160,0.0071015371941030025,0.01153713557869196,0.5539162755012512,13.68604433601178,0.9792656302452087,0.9646683418505859,3.6904172897338867,42.03224182128906,output\experiments\exp4_baseline_comparison_20260531_seed42\samples\opus\br12000\5390-30102-0015.wav,1afc23e8a6799551f0db638af4a5af359de490cc15bddb7a46065d4ae47152d6,output\experiments\exp4_baseline_comparison_20260531_seed42\samples\original\5390-30102-0015.wav
opus,libopus,,opus_16000bps,5390-30102-0015,15.26,244160,0.004897134378552437,0.008183258585631847,0.4757050573825836,16.764775242170494,0.9896319508552551,0.9814664387021228,4.171695709228516,67.15798377990723,output\experiments\exp4_baseline_comparison_20260531_seed42\samples\opus\br16000\5390-30102-0015.wav,eceb9808970b95394a7244b339ebda6f9c588a5a4b92de4a1d536ff4c0157d4c,output\experiments\exp4_baseline_comparison_20260531_seed42\samples\original\5390-30102-0015.wav
opus,libopus,,opus_24000bps,5390-30102-0015,15.26,244160,0.0030159899033606052,0.005241566337645054,0.3983928859233856,20.688060052540447,0.995759904384613,0.9923475779853855,4.469943046569824,44.54827308654785,output\experiments\exp4_baseline_comparison_20260531_seed42\samples\opus\br24000\5390-30102-0015.wav,a037b6e30653110e24ae6f745ad7192f197e73140da258662e5e8685955f132a,output\experiments\exp4_baseline_comparison_20260531_seed42\samples\original\5390-30102-0015.wav
opus,libopus,,opus_6000bps,4018-103416-0033,15.13,242080,0.021486040204763412,0.03681560233235359,2.142016887664795,7.055352693192597,0.9140145182609558,0.9060846047536525,2.772918462753296,39.182424545288086,output\experiments\exp4_baseline_comparison_20260531_seed42\samples\opus\br6000\4018-103416-0033.wav,7ae4264980ad6b9eacaf6422a7f8739232291da11d36044f25743ae60ebcc34c,output\experiments\exp4_baseline_comparison_20260531_seed42\samples\original\4018-103416-0033.wav
opus,libopus,,opus_8000bps,4018-103416-0033,15.13,242080,0.01579633727669716,0.028045838698744774,2.099212646484375,9.731141522067793,0.9507068991661072,0.9463062598225666,3.5060863494873047,40.71640968322754,output\experiments\exp4_baseline_comparison_20260531_seed42\samples\opus\br8000\4018-103416-0033.wav,1f0689088e0e2cfe6ca73a26e5d667af6b7f169c61c5047ef173471788f3f82b,output\experiments\exp4_baseline_comparison_20260531_seed42\samples\original\4018-103416-0033.wav
opus,libopus,,opus_12000bps,4018-103416-0033,15.13,242080,0.007828856818377972,0.0136606739833951,0.5201019644737244,16.41371932680585,0.9887737035751343,0.9718111082088149,4.109009265899658,108.59298706054688,output\experiments\exp4_baseline_comparison_20260531_seed42\samples\opus\br12000\4018-103416-0033.wav,f6929d5b39fbffe37ae5f5b009598c2aaea27de39e9ba9dfac17f4b5ab8c8937,output\experiments\exp4_baseline_comparison_20260531_seed42\samples\original\4018-103416-0033.wav
opus,libopus,,opus_16000bps,4018-103416-0033,15.13,242080,0.005225597880780697,0.009045553393661976,0.48243120312690735,20.05097156827087,0.9950947165489197,0.9861063685033963,4.395420074462891,42.54412651062012,output\experiments\exp4_baseline_comparison_20260531_seed42\samples\opus\br16000\4018-103416-0033.wav,154306b006e76732ace1a1aa1ee330647490c534ce6dd87ba43a9a4503bb64b7,output\experiments\exp4_baseline_comparison_20260531_seed42\samples\original\4018-103416-0033.wav
opus,libopus,,opus_24000bps,4018-103416-0033,15.13,242080,0.003121087560430169,0.005420075263828039,0.43119505047798157,24.513234699658586,0.9982360601425171,0.9946501726898359,4.531742095947266,45.70174217224121,output\experiments\exp4_baseline_comparison_20260531_seed42\samples\opus\br24000\4018-103416-0033.wav,d1ff558cafe21daf6c31b60d2c2e24b5f40a3d1aa72f5630225d9c7dc16a9f04,output\experiments\exp4_baseline_comparison_20260531_seed42\samples\original\4018-103416-0033.wav
opus,libopus,,opus_6000bps,1737-148989-0006,10.69,171040,0.020352372899651527,0.03967813402414322,2.810605764389038,-12.09739386878958,0.24106277525424957,0.8563105236187531,1.2555747032165527,134.15050506591797,output\experiments\exp4_baseline_comparison_20260531_seed42\samples\opus\br6000\1737-148989-0006.wav,2be0d0feec8d1b3eab2f385685119b122000fc72e83af8c1609c695710d280d7,output\experiments\exp4_baseline_comparison_20260531_seed42\samples\original\1737-148989-0006.wav
opus,libopus,,opus_8000bps,1737-148989-0006,10.69,171040,0.01885109767317772,0.037642352283000946,2.77254056930542,-9.971464660847664,0.30241289734840393,0.9206148424953459,1.3702069520950317,34.40999984741211,output\experiments\exp4_baseline_comparison_20260531_seed42\samples\opus\br8000\1737-148989-0006.wav,ef3eef51806dcf095a8d0deb79561c9bcc5fe9958ec98cca29fc201742e3d5aa,output\experiments\exp4_baseline_comparison_20260531_seed42\samples\original\1737-148989-0006.wav
opus,libopus,,opus_12000bps,1737-148989-0006,10.69,171040,0.012225540354847908,0.027195634320378304,0.5963500738143921,-0.271283781255969,0.6959803104400635,0.9427606131602054,3.3152670860290527,36.8502140045166,output\experiments\exp4_baseline_comparison_20260531_seed42\samples\opus\br12000\1737-148989-0006.wav,cb5539315c1edd6e0488492e5f51f8b52708cf0335f5faeeeffd57bf956218d2,output\experiments\exp4_baseline_comparison_20260531_seed42\samples\original\1737-148989-0006.wav
opus,libopus,,opus_16000bps,1737-148989-0006,10.69,171040,0.009829326532781124,0.022668924182653427,0.5525194406509399,2.3184029439735285,0.7939624786376953,0.9675013388477712,3.8939101696014404,37.018775939941406,output\experiments\exp4_baseline_comparison_20260531_seed42\samples\opus\br16000\1737-148989-0006.wav,d2fee6afe51a91900704d71fa71b95a883b7150f4e8b9e1fa975bb0e9a848b30,output\experiments\exp4_baseline_comparison_20260531_seed42\samples\original\1737-148989-0006.wav
opus,libopus,,opus_24000bps,1737-148989-0006,10.69,171040,0.007260960526764393,0.018049560487270355,0.47915664315223694,5.2684111564428875,0.8779784440994263,0.985861823083528,4.364120960235596,75.58131217956543,output\experiments\exp4_baseline_comparison_20260531_seed42\samples\opus\br24000\1737-148989-0006.wav,c8507818aafa9d9fdb8a4fb64d049e6331481d6c4fa355f519e4741dcefb52cc,output\experiments\exp4_baseline_comparison_20260531_seed42\samples\original\1737-148989-0006.wav
opus,libopus,,opus_6000bps,1455-138263-0040,14.83,237280,0.01819627545773983,0.035036925226449966,2.493176221847534,-0.033076387261865736,0.7057592272758484,0.8828186201947017,2.0267069339752197,37.676095962524414,output\experiments\exp4_baseline_comparison_20260531_seed42\samples\opus\br6000\1455-138263-0040.wav,ae547a55859096e1dd208ca62adad3d93cdac56644d01cc02816e37a885858aa,output\experiments\exp4_baseline_comparison_20260531_seed42\samples\original\1455-138263-0040.wav
opus,libopus,,opus_8000bps,1455-138263-0040,14.83,237280,0.014411341398954391,0.03026467375457287,2.4610092639923096,2.1264908709911996,0.7874148488044739,0.9397788058611487,2.524413824081421,38.50412368774414,output\experiments\exp4_baseline_comparison_20260531_seed42\samples\opus\br8000\1455-138263-0040.wav,ee40ef750b2243e8063b325b497b30b9d2a04f92157d766f0c046964a7cdd389,output\experiments\exp4_baseline_comparison_20260531_seed42\samples\original\1455-138263-0040.wav
opus,libopus,,opus_12000bps,1455-138263-0040,14.83,237280,0.00914403609931469,0.020029950886964798,0.5379898548126221,6.93847779122991,0.9119698405265808,0.9639180424979755,3.8641653060913086,48.84600639343262,output\experiments\exp4_baseline_comparison_20260531_seed42\samples\opus\br12000\1455-138263-0040.wav,2432a88b6d5d6e1ec5b4933e8013d6343b6198e5413b576af30868674d75975f,output\experiments\exp4_baseline_comparison_20260531_seed42\samples\original\1455-138263-0040.wav
opus,libopus,,opus_16000bps,1455-138263-0040,14.83,237280,0.006868177559226751,0.015689242631196976,0.5003063678741455,9.386464652457068,0.9469537138938904,0.9802262032813382,4.220375061035156,41.08095169067383,output\experiments\exp4_baseline_comparison_20260531_seed42\samples\opus\br16000\1455-138263-0040.wav,4b5a3997cad76815e6bee577fee68adda5fc6440e7ed725cfcccc739f7d0bbc9,output\experiments\exp4_baseline_comparison_20260531_seed42\samples\original\1455-138263-0040.wav
opus,libopus,,opus_24000bps,1455-138263-0040,14.83,237280,0.004607043229043484,0.010981321334838867,0.4467207193374634,12.810764669705119,0.974809467792511,0.992017388448196,4.4774675369262695,43.38669776916504,output\experiments\exp4_baseline_comparison_20260531_seed42\samples\opus\br24000\1455-138263-0040.wav,14821c00b963fa71eb503da617431e4a4dbf0275d60b426761bb77ca67a44cec,output\experiments\exp4_baseline_comparison_20260531_seed42\samples\original\1455-138263-0040.wav
opus,libopus,,opus_6000bps,311-124404-0119,6.175,98800,0.009081313386559486,0.016635429114103317,2.2402660846710205,4.696933202652125,0.8641641139984131,0.899225891076514,2.011698007583618,27.742624282836914,output\experiments\exp4_baseline_comparison_20260531_seed42\samples\opus\br6000\311-124404-0119.wav,4ce8ebf2183d3822f56e605160793623a63edcb1c29e0fe75d075f6cc30a21fa,output\experiments\exp4_baseline_comparison_20260531_seed42\samples\original\311-124404-0119.wav
opus,libopus,,opus_8000bps,311-124404-0119,6.175,98800,0.007199625018984079,0.014069478958845139,2.2149200439453125,6.525711186688451,0.9044123888015747,0.9545989358633897,2.6227710247039795,38.82408142089844,output\experiments\exp4_baseline_comparison_20260531_seed42\samples\opus\br8000\311-124404-0119.wav,e08ac0dbd0b91f82843b865c22bdc2c8e49be79028d85e0296f99fc891e57c89,output\experiments\exp4_baseline_comparison_20260531_seed42\samples\original\311-124404-0119.wav
opus,libopus,,opus_12000bps,311-124404-0119,6.175,98800,0.004902424290776253,0.008788008242845535,0.5369564294815063,11.162584145733431,0.9638071656227112,0.9698724913816842,3.712580442428589,33.689022064208984,output\experiments\exp4_baseline_comparison_20260531_seed42\samples\opus\br12000\311-124404-0119.wav,6544bc505a0548ef7ea4e7f3371259772d5e2a7958eef6b6274790994c3934ac,output\experiments\exp4_baseline_comparison_20260531_seed42\samples\original\311-124404-0119.wav
opus,libopus,,opus_16000bps,311-124404-0119,6.175,98800,0.003759432351216674,0.006893333047628403,0.4959063231945038,13.421845074485113,0.9780076146125793,0.9832326846666708,4.189057350158691,29.57010269165039,output\experiments\exp4_baseline_comparison_20260531_seed42\samples\opus\br16000\311-124404-0119.wav,c208145c86e82d77ff34217841df7606fa69547f34451a92573b6aaa264d5002,output\experiments\exp4_baseline_comparison_20260531_seed42\samples\original\311-124404-0119.wav
opus,libopus,,opus_24000bps,311-124404-0119,6.175,98800,0.003087212797254324,0.009217312559485435,0.4400716722011566,10.86336485172724,0.9613732695579529,0.9926446015013803,4.405653476715088,29.811859130859375,output\experiments\exp4_baseline_comparison_20260531_seed42\samples\opus\br24000\311-124404-0119.wav,00d2960d9a5eeb1e5decde0254a6d62922c5250765ee58d0e18c9864a70f13d4,output\experiments\exp4_baseline_comparison_20260531_seed42\samples\original\311-124404-0119.wav
opus,libopus,,opus_6000bps,4680-16026-0019,2.34,37440,0.01991148479282856,0.039859235286712646,2.1906514167785645,3.823619828927312,0.8407791256904602,0.9241069243338967,2.525585412979126,34.07645225524902,output\experiments\exp4_baseline_comparison_20260531_seed42\samples\opus\br6000\4680-16026-0019.wav,e12843a95c0b4c77e80af9915658e5cd6b4a3c2a71440d4240a18e52e0da5c39,output\experiments\exp4_baseline_comparison_20260531_seed42\samples\original\4680-16026-0019.wav
opus,libopus,,opus_8000bps,4680-16026-0019,2.34,37440,0.015330038964748383,0.031143663451075554,2.0930376052856445,6.579512539976483,0.9054278135299683,0.961271404083218,3.532975196838379,31.01325035095215,output\experiments\exp4_baseline_comparison_20260531_seed42\samples\opus\br8000\4680-16026-0019.wav,4f49a38ccc063be4a3019fb8bc3eef65bcaf521f85b1a480e1cc70cf01ef5e24,output\experiments\exp4_baseline_comparison_20260531_seed42\samples\original\4680-16026-0019.wav
opus,libopus,,opus_12000bps,4680-16026-0019,2.34,37440,0.006886860355734825,0.012774179689586163,0.5919576287269592,15.59697882542803,0.9864978194236755,0.9752698390217603,3.79201340675354,32.61899948120117,output\experiments\exp4_baseline_comparison_20260531_seed42\samples\opus\br12000\4680-16026-0019.wav,534f8037a6a2c76f5cd13c1bc8c36b4fb3201a88ccbe91d510f762b298c66e64,output\experiments\exp4_baseline_comparison_20260531_seed42\samples\original\4680-16026-0019.wav
opus,libopus,,opus_16000bps,4680-16026-0019,2.34,37440,0.004223163239657879,0.0076165879145264626,0.5289342403411865,19.851428851222746,0.9948657155036926,0.9868045372715348,4.241981506347656,29.015064239501953,output\experiments\exp4_baseline_comparison_20260531_seed42\samples\opus\br16000\4680-16026-0019.wav,a96ca38b8d7654c83b121578ee7eb63e5b5966177a8269d521a1b014f932e752,output\experiments\exp4_baseline_comparison_20260531_seed42\samples\original\4680-16026-0019.wav
opus,libopus,,opus_24000bps,4680-16026-0019,2.34,37440,0.0023961353581398726,0.004292714409530163,0.43954285979270935,24.91471274382019,0.9983913898468018,0.9954497292082528,4.504722595214844,29.550552368164062,output\experiments\exp4_baseline_comparison_20260531_seed42\samples\opus\br24000\4680-16026-0019.wav,5bdba57cf3f487374fc03200e9941463854f61fee11fc3cf2951afeadc19997a,output\experiments\exp4_baseline_comparison_20260531_seed42\samples\original\4680-16026-0019.wav
opus,libopus,,opus_6000bps,8098-278278-0035,15.1,241600,0.02399308606982231,0.04191606864333153,2.1028034687042236,4.722378252352952,0.8648037910461426,0.9077203484117466,2.652806520462036,38.84482383728027,output\experiments\exp4_baseline_comparison_20260531_seed42\samples\opus\br6000\8098-278278-0035.wav,6523b121eed906a18c3f2dd25ea980618277f2e113ce436993299df8a9dfb156,output\experiments\exp4_baseline_comparison_20260531_seed42\samples\original\8098-278278-0035.wav
opus,libopus,,opus_8000bps,8098-278278-0035,15.1,241600,0.017339978367090225,0.0313713476061821,2.0440969467163086,7.799362124237648,0.9260914325714111,0.9544185311422206,3.470766067504883,39.17527198791504,output\experiments\exp4_baseline_comparison_20260531_seed42\samples\opus\br8000\8098-278278-0035.wav,8c07cbda438ea6e305e0739fddc87026327e4f488d20ddf32e8f7afe17fc4fd1,output\experiments\exp4_baseline_comparison_20260531_seed42\samples\original\8098-278278-0035.wav
opus,libopus,,opus_12000bps,8098-278278-0035,15.1,241600,0.008771341294050217,0.015558568760752678,0.5178309082984924,14.401735605293819,0.982332706451416,0.9755925210071399,4.082993030548096,42.81473159790039,output\experiments\exp4_baseline_comparison_20260531_seed42\samples\opus\br12000\8098-278278-0035.wav,b6c67efc5fd5fe350c491268a18da2a1bc33cc44bc25c763bbbb3e6ab4cca31a,output\experiments\exp4_baseline_comparison_20260531_seed42\samples\original\8098-278278-0035.wav
opus,libopus,,opus_16000bps,8098-278278-0035,15.1,241600,0.005920390132814646,0.010646561160683632,0.44748201966285706,17.781809293211076,0.9917700290679932,0.9875499904979391,4.396512031555176,50.80723762512207,output\experiments\exp4_baseline_comparison_20260531_seed42\samples\opus\br16000\8098-278278-0035.wav,af591478058ce3fa734bccf87c6797233fa85ab0399453c4dbc4f4a86de99306,output\experiments\exp4_baseline_comparison_20260531_seed42\samples\original\8098-278278-0035.wav
opus,libopus,,opus_24000bps,8098-278278-0035,15.1,241600,0.0035094004124403,0.006414595991373062,0.38873717188835144,22.238845676341047,0.9970273971557617,0.9954833992245344,4.54339599609375,45.16315460205078,output\experiments\exp4_baseline_comparison_20260531_seed42\samples\opus\br24000\8098-278278-0035.wav,b0cb884f7e87d92e364d8f1ff8b255e39bc0bdbf96668c6b84efd079a93e0961,output\experiments\exp4_baseline_comparison_20260531_seed42\samples\original\8098-278278-0035.wav
