method,model,L,codec_setting,sample_id,duration_sec,ideal_bitrate_bps,packed_payload_bytes,packed_payload_bps,packetized_payload_bytes,packetized_payload_bps,overhead_ratio_vs_ideal,bits_per_code,num_indices
scit_base,scit_base,1,L=1,8838-298545-0037,13.79,500,863,500.6526468455403,879,509.934735315446,0.01986947063089201,10,690
scit_base,scit_base,2,L=2,8838-298545-0037,13.79,1000,1725,1000.7251631617114,1741,1010.0072516316171,0.010007251631617123,10,1380
scit_base,scit_base,3,L=3,8838-298545-0037,13.79,1500,2588,1501.3778100072518,2604,1510.6598984771574,0.0071065989847716084,10,2070
scit_lca,scit_lca,1,L=1,8838-298545-0037,13.79,500,863,500.6526468455403,879,509.934735315446,0.01986947063089201,10,690
scit_lca,scit_lca,2,L=2,8838-298545-0037,13.79,1000,1725,1000.7251631617114,1741,1010.0072516316171,0.010007251631617123,10,1380
scit_lca,scit_lca,3,L=3,8838-298545-0037,13.79,1500,2588,1501.3778100072518,2604,1510.6598984771574,0.0071065989847716084,10,2070
pcm,pcm_16bit_16khz,,16bit_16khz_passthrough,8838-298545-0037,13.79,256000,441280,256000,441280,256000,0.0,,
encodec,encodec_24khz,2,bw1.5kbps_n_cb2,8838-298545-0037,13.79,1500.0,2588,1501.3778100072518,2604,1510.6598984771574,0.0071065989847716084,10,2070
encodec,encodec_24khz,4,bw3.0kbps_n_cb4,8838-298545-0037,13.79,3000.0,5175,3002.175489485134,5191,3011.45757795504,0.003819192651680017,10,4140
encodec,encodec_24khz,8,bw6.0kbps_n_cb8,8838-298545-0037,13.79,6000.0,10350,6004.350978970268,10366,6013.633067440174,0.0022721779066957122,10,8280
encodec,encodec_24khz,16,bw12.0kbps_n_cb16,8838-298545-0037,13.79,12000.0,20700,12008.701957940537,20716,12017.984046410444,0.0014986705342036354,10,16560
dac,dac_16khz,1,n_q_1,8838-298545-0037,13.79,500.6526468455403,863,500.6526468455403,879,509.934735315446,0.01853997682502894,10,690
dac,dac_16khz,2,n_q_2,8838-298545-0037,13.79,1000.7251631617114,1725,1000.7251631617114,1741,1010.0072516316171,0.009275362318840567,10,1380
dac,dac_16khz,3,n_q_3,8838-298545-0037,13.79,1501.3778100072518,2588,1501.3778100072518,2604,1510.6598984771574,0.0061823802163832224,10,2070
dac,dac_16khz,4,n_q_4,8838-298545-0037,13.79,2001.4503263234228,3450,2001.4503263234228,3466,2010.7324147933286,0.00463768115942034,10,2760
dac,dac_16khz,6,n_q_6,8838-298545-0037,13.79,3002.175489485134,5175,3002.175489485134,5191,3011.45757795504,0.0030917874396135603,10,4140
dac,dac_16khz,9,n_q_9,8838-298545-0037,13.79,4503.553299492386,7763,4503.553299492386,7779,4512.835387962292,0.002061058868993968,10,6210
dac,dac_16khz,12,n_q_12,8838-298545-0037,13.79,6004.350978970268,10350,6004.350978970268,10366,6013.633067440174,0.0015458937198067802,10,8280
scit_base,scit_base,1,L=1,5390-30102-0015,15.26,500,954,500.13106159895153,970,508.519003931848,0.017038007863695952,10,763
scit_base,scit_base,2,L=2,5390-30102-0015,15.26,1000,1908,1000.2621231979031,1924,1008.6500655307995,0.008650065530799451,10,1526
scit_base,scit_base,3,L=3,5390-30102-0015,15.26,1500,2862,1500.3931847968545,2878,1508.781127129751,0.0058540847531673235,10,2289
scit_lca,scit_lca,1,L=1,5390-30102-0015,15.26,500,954,500.13106159895153,970,508.519003931848,0.017038007863695952,10,763
scit_lca,scit_lca,2,L=2,5390-30102-0015,15.26,1000,1908,1000.2621231979031,1924,1008.6500655307995,0.008650065530799451,10,1526
scit_lca,scit_lca,3,L=3,5390-30102-0015,15.26,1500,2862,1500.3931847968545,2878,1508.781127129751,0.0058540847531673235,10,2289
pcm,pcm_16bit_16khz,,16bit_16khz_passthrough,5390-30102-0015,15.26,256000,488320,256000,488320,256000,0.0,,
encodec,encodec_24khz,2,bw1.5kbps_n_cb2,5390-30102-0015,15.26,1500.0,2863,1500.9174311926606,2879,1509.3053735255571,0.006203582350371411,10,2290
encodec,encodec_24khz,4,bw3.0kbps_n_cb4,5390-30102-0015,15.26,3000.0,5725,3001.310615989515,5741,3009.6985583224114,0.0032328527741371242,10,4580
encodec,encodec_24khz,8,bw6.0kbps_n_cb8,5390-30102-0015,15.26,6000.0,11450,6002.62123197903,11466,6011.0091743119265,0.0018348623853210787,10,9160
encodec,encodec_24khz,16,bw12.0kbps_n_cb16,5390-30102-0015,15.26,12000.0,22900,12005.24246395806,22916,12013.630406290957,0.001135867190913056,10,18320
dac,dac_16khz,1,n_q_1,5390-30102-0015,15.2595,500.13106159895153,954,500.13106159895153,970,508.519003931848,0.01677148846960164,10,763
dac,dac_16khz,2,n_q_2,5390-30102-0015,15.2595,1000.2621231979031,1908,1000.2621231979031,1924,1008.6500655307995,0.008385744234800763,10,1526
dac,dac_16khz,3,n_q_3,5390-30102-0015,15.2595,1500.3931847968545,2862,1500.3931847968545,2878,1508.781127129751,0.005590496156533918,10,2289
dac,dac_16khz,4,n_q_4,5390-30102-0015,15.2595,2000.0,3815,2000.0,3831,2008.3879423328965,0.0041939711664482505,10,3052
dac,dac_16khz,6,n_q_6,5390-30102-0015,15.2595,3000.262123197903,5723,3000.262123197903,5739,3008.6500655307996,0.0027957365018347912,10,4578
dac,dac_16khz,9,n_q_9,5390-30102-0015,15.2595,4500.131061598951,8584,4500.131061598951,8600,4508.519003931848,0.0018639328984156151,10,6867
dac,dac_16khz,12,n_q_12,5390-30102-0015,15.2595,6000.0,11445,6000.0,11461,6008.387942332896,0.0013979903888160455,10,9156
scit_base,scit_base,1,L=1,4018-103416-0033,15.13,500,947,500.7270323859881,963,509.18704560475874,0.018374091209517475,10,757
scit_base,scit_base,2,L=2,4018-103416-0033,15.13,1000,1893,1000.9253139458029,1909,1009.3853271645736,0.009385327164573597,10,1514
scit_base,scit_base,3,L=3,4018-103416-0033,15.13,1500,2839,1501.123595505618,2855,1509.5836087243886,0.006389072482925712,10,2271
scit_lca,scit_lca,1,L=1,4018-103416-0033,15.13,500,947,500.7270323859881,963,509.18704560475874,0.018374091209517475,10,757
scit_lca,scit_lca,2,L=2,4018-103416-0033,15.13,1000,1893,1000.9253139458029,1909,1009.3853271645736,0.009385327164573597,10,1514
scit_lca,scit_lca,3,L=3,4018-103416-0033,15.13,1500,2839,1501.123595505618,2855,1509.5836087243886,0.006389072482925712,10,2271
pcm,pcm_16bit_16khz,,16bit_16khz_passthrough,4018-103416-0033,15.13,256000,484160,256000,484160,256000,0.0,,
encodec,encodec_24khz,2,bw1.5kbps_n_cb2,4018-103416-0033,15.13,1500.0,2838,1500.5948446794448,2854,1509.0548578982155,0.006036571932143639,10,2270
encodec,encodec_24khz,4,bw3.0kbps_n_cb4,4018-103416-0033,15.13,3000.0,5675,3000.6609385327165,5691,3009.120951751487,0.003040317250495718,10,4540
encodec,encodec_24khz,8,bw6.0kbps_n_cb8,4018-103416-0033,15.13,6000.0,11350,6001.321877065433,11366,6009.781890284204,0.001630315047367276,10,9080
encodec,encodec_24khz,16,bw12.0kbps_n_cb16,4018-103416-0033,15.13,12000.0,22700,12002.643754130866,22716,12011.103767349636,0.0009253139458029788,10,18160
dac,dac_16khz,1,n_q_1,4018-103416-0033,15.13,500.7270323859881,947,500.7270323859881,963,509.18704560475874,0.016895459345300953,10,757
dac,dac_16khz,2,n_q_2,4018-103416-0033,15.13,1000.9253139458029,1893,1000.9253139458029,1909,1009.3853271645736,0.00845219228737454,10,1514
dac,dac_16khz,3,n_q_3,4018-103416-0033,15.13,1501.123595505618,2839,1501.123595505618,2855,1509.5836087243886,0.00563578724903135,10,2271
dac,dac_16khz,4,n_q_4,4018-103416-0033,15.13,2001.3218770654328,3785,2001.3218770654328,3801,2009.7818902842034,0.004227212681638046,10,3028
dac,dac_16khz,6,n_q_6,4018-103416-0033,15.13,3002.247191011236,5678,3002.247191011236,5694,3010.7072042300065,0.002817893624515675,10,4542
dac,dac_16khz,9,n_q_9,4018-103416-0033,15.13,4503.3707865168535,8517,4503.3707865168535,8533,4511.830799735624,0.0018785957496771167,10,6813
dac,dac_16khz,12,n_q_12,4018-103416-0033,15.13,6003.965631196298,11355,6003.965631196298,11371,6012.425644415069,0.0014090708938793485,10,9084
scit_base,scit_base,1,L=1,1737-148989-0006,10.69,500,669,500.6548175865295,685,512.6286248830683,0.02525724976613651,10,535
scit_base,scit_base,2,L=2,1737-148989-0006,10.69,1000,1338,1001.309635173059,1354,1013.2834424695978,0.013283442469597844,10,1070
scit_base,scit_base,3,L=3,1737-148989-0006,10.69,1500,2007,1501.9644527595885,2023,1513.9382600561273,0.009292173370751547,10,1605
scit_lca,scit_lca,1,L=1,1737-148989-0006,10.69,500,669,500.6548175865295,685,512.6286248830683,0.02525724976613651,10,535
scit_lca,scit_lca,2,L=2,1737-148989-0006,10.69,1000,1338,1001.309635173059,1354,1013.2834424695978,0.013283442469597844,10,1070
scit_lca,scit_lca,3,L=3,1737-148989-0006,10.69,1500,2007,1501.9644527595885,2023,1513.9382600561273,0.009292173370751547,10,1605
pcm,pcm_16bit_16khz,,16bit_16khz_passthrough,1737-148989-0006,10.69,256000,342080,256000,342080,256000,0.0,,
encodec,encodec_24khz,2,bw1.5kbps_n_cb2,1737-148989-0006,10.69,1500.0,2005,1500.4677268475211,2021,1512.44153414406,0.008294356096039943,10,1604
encodec,encodec_24khz,4,bw3.0kbps_n_cb4,1737-148989-0006,10.69,3000.0,4010,3000.9354536950423,4026,3012.909260991581,0.004303086997193683,10,3208
encodec,encodec_24khz,8,bw6.0kbps_n_cb8,1737-148989-0006,10.69,6000.0,8020,6001.8709073900845,8036,6013.844714686623,0.0023074524477704776,10,6416
encodec,encodec_24khz,16,bw12.0kbps_n_cb16,1737-148989-0006,10.69,12000.0,16040,12003.741814780169,16056,12015.715622076708,0.0013096351730590263,10,12832
dac,dac_16khz,1,n_q_1,1737-148989-0006,10.69,500.6548175865295,669,500.6548175865295,685,512.6286248830683,0.023916292974588856,10,535
dac,dac_16khz,2,n_q_2,1737-148989-0006,10.69,1001.309635173059,1338,1001.309635173059,1354,1013.2834424695978,0.011958146487294541,10,1070
dac,dac_16khz,3,n_q_3,1737-148989-0006,10.69,1501.9644527595885,2007,1501.9644527595885,2023,1513.9382600561273,0.007972097658196285,10,1605
dac,dac_16khz,4,n_q_4,1737-148989-0006,10.69,2001.8709073900843,2675,2001.8709073900843,2691,2013.844714686623,0.005981308411214932,10,2140
dac,dac_16khz,6,n_q_6,1737-148989-0006,10.69,3003.1805425631433,4013,3003.1805425631433,4029,3015.154349859682,0.003987042113132306,10,3210
dac,dac_16khz,9,n_q_9,1737-148989-0006,10.69,4504.396632366698,6019,4504.396632366698,6035,4516.3704396632365,0.002658248878551144,10,4815
dac,dac_16khz,12,n_q_12,1737-148989-0006,10.69,6005.612722170253,8025,6005.612722170253,8041,6017.586529466792,0.0019937694704050533,10,6420
scit_base,scit_base,1,L=1,1455-138263-0040,14.83,500,928,500.60687795010114,944,509.23803101820636,0.018476062036412715,10,742
scit_base,scit_base,2,L=2,1455-138263-0040,14.83,1000,1855,1000.6743088334457,1871,1009.3054619015509,0.009305461901550871,10,1484
scit_base,scit_base,3,L=3,1455-138263-0040,14.83,1500,2783,1501.281186783547,2799,1509.912339851652,0.006608226567767966,10,2226
scit_lca,scit_lca,1,L=1,1455-138263-0040,14.83,500,928,500.60687795010114,944,509.23803101820636,0.018476062036412715,10,742
scit_lca,scit_lca,2,L=2,1455-138263-0040,14.83,1000,1855,1000.6743088334457,1871,1009.3054619015509,0.009305461901550871,10,1484
scit_lca,scit_lca,3,L=3,1455-138263-0040,14.83,1500,2783,1501.281186783547,2799,1509.912339851652,0.006608226567767966,10,2226
pcm,pcm_16bit_16khz,,16bit_16khz_passthrough,1455-138263-0040,14.83,256000,474560,256000,474560,256000,0.0,,
encodec,encodec_24khz,2,bw1.5kbps_n_cb2,1455-138263-0040,14.83,1500.0,2783,1501.281186783547,2799,1509.912339851652,0.006608226567767966,10,2226
encodec,encodec_24khz,4,bw3.0kbps_n_cb4,1455-138263-0040,14.83,3000.0,5565,3002.0229265003372,5581,3010.6540795684423,0.003551359856147428,10,4452
encodec,encodec_24khz,8,bw6.0kbps_n_cb8,1455-138263-0040,14.83,6000.0,11130,6004.0458530006745,11146,6012.6770060687795,0.0021128343447965867,10,8904
encodec,encodec_24khz,16,bw12.0kbps_n_cb16,1455-138263-0040,14.83,12000.0,22260,12008.091706001349,22276,12016.722859069454,0.0013935715891211658,10,17808
dac,dac_16khz,1,n_q_1,1455-138263-0040,14.83,500.60687795010114,928,500.60687795010114,944,509.23803101820636,0.017241379310344883,10,742
dac,dac_16khz,2,n_q_2,1455-138263-0040,14.83,1000.6743088334457,1855,1000.6743088334457,1871,1009.3054619015509,0.008625336927223691,10,1484
dac,dac_16khz,3,n_q_3,1455-138263-0040,14.83,1501.281186783547,2783,1501.281186783547,2799,1509.912339851652,0.005749191519942413,10,2226
dac,dac_16khz,4,n_q_4,1455-138263-0040,14.83,2001.3486176668914,3710,2001.3486176668914,3726,2009.9797707349967,0.004312668463611903,10,2968
dac,dac_16khz,6,n_q_6,1455-138263-0040,14.83,3002.0229265003372,5565,3002.0229265003372,5581,3010.6540795684423,0.002875112309074526,10,4452
dac,dac_16khz,9,n_q_9,1455-138263-0040,14.83,4503.304113283884,8348,4503.304113283884,8364,4511.935266351989,0.0019166267369429486,10,6678
dac,dac_16khz,12,n_q_12,1455-138263-0040,14.83,6004.0458530006745,11130,6004.0458530006745,11146,6012.6770060687795,0.001437556154537263,10,8904
scit_base,scit_base,1,L=1,311-124404-0119,6.175,500,387,501.3765182186235,403,522.1052631578948,0.044210526315789596,10,309
scit_base,scit_base,2,L=2,311-124404-0119,6.175,1000,773,1001.4574898785426,789,1022.1862348178138,0.022186234817813785,10,618
scit_base,scit_base,3,L=3,311-124404-0119,6.175,1500,1159,1501.5384615384617,1175,1522.2672064777328,0.014844804318488513,10,927
scit_lca,scit_lca,1,L=1,311-124404-0119,6.175,500,387,501.3765182186235,403,522.1052631578948,0.044210526315789596,10,309
scit_lca,scit_lca,2,L=2,311-124404-0119,6.175,1000,773,1001.4574898785426,789,1022.1862348178138,0.022186234817813785,10,618
scit_lca,scit_lca,3,L=3,311-124404-0119,6.175,1500,1159,1501.5384615384617,1175,1522.2672064777328,0.014844804318488513,10,927
pcm,pcm_16bit_16khz,,16bit_16khz_passthrough,311-124404-0119,6.175,256000,197600,256000,197600,256000,0.0,,
encodec,encodec_24khz,2,bw1.5kbps_n_cb2,311-124404-0119,6.175,1500.0,1160,1502.8340080971661,1176,1523.5627530364372,0.015708502024291495,10,928
encodec,encodec_24khz,4,bw3.0kbps_n_cb4,311-124404-0119,6.175,3000.0,2320,3005.6680161943323,2336,3026.3967611336034,0.008798920377867793,10,1856
encodec,encodec_24khz,8,bw6.0kbps_n_cb8,311-124404-0119,6.175,6000.0,4640,6011.3360323886645,4656,6032.064777327935,0.005344129554655865,10,3712
encodec,encodec_24khz,16,bw12.0kbps_n_cb16,311-124404-0119,6.175,12000.0,9280,12022.672064777329,9296,12043.400809716599,0.0036167341430499013,10,7424
dac,dac_16khz,1,n_q_1,311-124404-0119,6.175,501.3765182186235,387,501.3765182186235,403,522.1052631578948,0.041343669250646045,10,309
dac,dac_16khz,2,n_q_2,311-124404-0119,6.175,1001.4574898785426,773,1001.4574898785426,789,1022.1862348178138,0.020698576972833085,10,618
dac,dac_16khz,3,n_q_3,311-124404-0119,6.175,1501.5384615384617,1159,1501.5384615384617,1175,1522.2672064777328,0.01380500431406375,10,927
dac,dac_16khz,4,n_q_4,311-124404-0119,6.175,2001.6194331983806,1545,2001.6194331983806,1561,2022.348178137652,0.010355987055016221,10,1236
dac,dac_16khz,6,n_q_6,311-124404-0119,6.175,3003.0769230769233,2318,3003.0769230769233,2334,3023.8056680161944,0.006902502157031875,10,1854
dac,dac_16khz,9,n_q_9,311-124404-0119,6.175,4504.615384615385,3477,4504.615384615385,3493,4525.344129554656,0.0046016681046880175,10,2781
dac,dac_16khz,12,n_q_12,311-124404-0119,6.175,6004.858299595142,4635,6004.858299595142,4651,6025.5870445344135,0.003451995685005445,10,3708
scit_base,scit_base,1,L=1,4680-16026-0019,2.34,500,147,502.5641025641026,163,557.2649572649573,0.11452991452991455,10,117
scit_base,scit_base,2,L=2,4680-16026-0019,2.34,1000,293,1001.7094017094017,309,1056.4102564102566,0.05641025641025658,10,234
scit_base,scit_base,3,L=3,4680-16026-0019,2.34,1500,439,1500.854700854701,455,1555.5555555555557,0.037037037037037104,10,351
scit_lca,scit_lca,1,L=1,4680-16026-0019,2.34,500,147,502.5641025641026,163,557.2649572649573,0.11452991452991455,10,117
scit_lca,scit_lca,2,L=2,4680-16026-0019,2.34,1000,293,1001.7094017094017,309,1056.4102564102566,0.05641025641025658,10,234
scit_lca,scit_lca,3,L=3,4680-16026-0019,2.34,1500,439,1500.854700854701,455,1555.5555555555557,0.037037037037037104,10,351
pcm,pcm_16bit_16khz,,16bit_16khz_passthrough,4680-16026-0019,2.34,256000,74880,256000,74880,256000,0.0,,
encodec,encodec_24khz,2,bw1.5kbps_n_cb2,4680-16026-0019,2.34,1500.0,440,1504.2735042735044,456,1558.9743589743591,0.03931623931623941,10,352
encodec,encodec_24khz,4,bw3.0kbps_n_cb4,4680-16026-0019,2.34,3000.0,880,3008.5470085470088,896,3063.2478632478633,0.021082621082621093,10,704
encodec,encodec_24khz,8,bw6.0kbps_n_cb8,4680-16026-0019,2.34,6000.0,1760,6017.0940170940175,1776,6071.794871794872,0.011965811965812008,10,1408
encodec,encodec_24khz,16,bw12.0kbps_n_cb16,4680-16026-0019,2.34,12000.0,3520,12034.188034188035,3536,12088.88888888889,0.007407407407407542,10,2816
dac,dac_16khz,1,n_q_1,4680-16026-0019,2.3395,502.5641025641026,147,502.5641025641026,163,557.2649572649573,0.10884353741496593,10,117
dac,dac_16khz,2,n_q_2,4680-16026-0019,2.3395,1001.7094017094017,293,1001.7094017094017,309,1056.4102564102566,0.054607508532423354,10,234
dac,dac_16khz,3,n_q_3,4680-16026-0019,2.3395,1500.854700854701,439,1500.854700854701,455,1555.5555555555557,0.03644646924829159,10,351
dac,dac_16khz,4,n_q_4,4680-16026-0019,2.3395,2000.0000000000002,585,2000.0000000000002,601,2054.700854700855,0.027350427350427364,10,468
dac,dac_16khz,6,n_q_6,4680-16026-0019,2.3395,3001.709401709402,878,3001.709401709402,894,3056.410256410257,0.018223234624145872,10,702
dac,dac_16khz,9,n_q_9,4680-16026-0019,2.3395,4502.5641025641025,1317,4502.5641025641025,1333,4557.264957264958,0.012148823082764016,10,1053
dac,dac_16khz,12,n_q_12,4680-16026-0019,2.3395,6000.0,1755,6000.0,1771,6054.700854700855,0.009116809116809236,10,1404
scit_base,scit_base,1,L=1,8098-278278-0035,15.1,500,944,500.1324503311258,960,508.60927152317885,0.017218543046357695,10,755
scit_base,scit_base,2,L=2,8098-278278-0035,15.1,1000,1888,1000.2649006622516,1904,1008.7417218543046,0.008741721854304614,10,1510
scit_base,scit_base,3,L=3,8098-278278-0035,15.1,1500,2832,1500.3973509933776,2848,1508.8741721854306,0.005916114790287035,10,2265
scit_lca,scit_lca,1,L=1,8098-278278-0035,15.1,500,944,500.1324503311258,960,508.60927152317885,0.017218543046357695,10,755
scit_lca,scit_lca,2,L=2,8098-278278-0035,15.1,1000,1888,1000.2649006622516,1904,1008.7417218543046,0.008741721854304614,10,1510
scit_lca,scit_lca,3,L=3,8098-278278-0035,15.1,1500,2832,1500.3973509933776,2848,1508.8741721854306,0.005916114790287035,10,2265
pcm,pcm_16bit_16khz,,16bit_16khz_passthrough,8098-278278-0035,15.1,256000,483200,256000,483200,256000,0.0,,
encodec,encodec_24khz,2,bw1.5kbps_n_cb2,8098-278278-0035,15.1,1500.0,2833,1500.9271523178809,2849,1509.4039735099338,0.006269315673289233,10,2266
encodec,encodec_24khz,4,bw3.0kbps_n_cb4,8098-278278-0035,15.1,3000.0,5665,3001.3245033112585,5681,3009.801324503311,0.0032671081677704025,10,4532
encodec,encodec_24khz,8,bw6.0kbps_n_cb8,8098-278278-0035,15.1,6000.0,11330,6002.649006622517,11346,6011.12582781457,0.0018543046357616124,10,9064
encodec,encodec_24khz,16,bw12.0kbps_n_cb16,8098-278278-0035,15.1,12000.0,22660,12005.298013245034,22676,12013.774834437087,0.0011479028697572175,10,18128
dac,dac_16khz,1,n_q_1,8098-278278-0035,15.0995,500.1324503311258,944,500.1324503311258,960,508.60927152317885,0.016949152542372968,10,755
dac,dac_16khz,2,n_q_2,8098-278278-0035,15.0995,1000.2649006622516,1888,1000.2649006622516,1904,1008.7417218543046,0.008474576271186427,10,1510
dac,dac_16khz,3,n_q_3,8098-278278-0035,15.0995,1500.3973509933776,2832,1500.3973509933776,2848,1508.8741721854306,0.005649717514124284,10,2265
dac,dac_16khz,4,n_q_4,8098-278278-0035,15.0995,2000.0,3775,2000.0,3791,2008.476821192053,0.004238410596026483,10,3020
dac,dac_16khz,6,n_q_6,8098-278278-0035,15.0995,3000.264900662252,5663,3000.264900662252,5679,3008.7417218543046,0.0028253575843191847,10,4530
dac,dac_16khz,9,n_q_9,8098-278278-0035,15.0995,4500.132450331126,8494,4500.132450331126,8510,4508.609271523179,0.0018836825994819335,10,6795
dac,dac_16khz,12,n_q_12,8098-278278-0035,15.0995,6000.0,11325,6000.0,11341,6008.476821192053,0.00141280353200879,10,9060
opus,libopus,,opus_6000bps,8838-298545-0037,13.79,6000.0,10782,6254.967367657723,10798,6264.249456127629,0.04404157602127149,,
opus,libopus,,opus_8000bps,8838-298545-0037,13.79,8000.0,13950,8092.820884699057,13966,8102.102973168963,0.012762871646120402,,
opus,libopus,,opus_12000bps,8838-298545-0037,13.79,12000.0,21051,12212.327773749093,21067,12221.609862219,0.018467488518250016,,
opus,libopus,,opus_16000bps,8838-298545-0037,13.79,16000.0,27380,15883.973894126178,27396,15893.255982596085,-0.006671501087744673,,
opus,libopus,,opus_24000bps,8838-298545-0037,13.79,24000.0,39997,23203.480783176215,40013,23212.762871646122,-0.03280154701474491,,
opus,libopus,,opus_6000bps,5390-30102-0015,15.26,6000.0,12205,6398.427260812582,12221,6406.815203145478,0.06780253385757973,,
opus,libopus,,opus_8000bps,5390-30102-0015,15.26,8000.0,15981,8377.981651376147,15997,8386.369593709043,0.04829619921363042,,
opus,libopus,,opus_12000bps,5390-30102-0015,15.26,12000.0,24071,12619.13499344692,24087,12627.522935779816,0.05229357798165135,,
opus,libopus,,opus_16000bps,5390-30102-0015,15.26,16000.0,31634,16584.010484927916,31650,16592.398427260814,0.03702490170380088,,
opus,libopus,,opus_24000bps,5390-30102-0015,15.26,24000.0,46703,24483.879423328966,46719,24492.26736566186,0.020511140235910868,,
opus,libopus,,opus_6000bps,4018-103416-0033,15.13,6000.0,11820,6249.834765366821,11836,6258.294778585591,0.04304912976426522,,
opus,libopus,,opus_8000bps,4018-103416-0033,15.13,8000.0,15261,8069.266358228684,15277,8077.726371447455,0.009715796430931846,,
opus,libopus,,opus_12000bps,4018-103416-0033,15.13,12000.0,22975,12148.050231328485,22991,12156.510244547257,0.013042520378938055,,
opus,libopus,,opus_16000bps,4018-103416-0033,15.13,16000.0,30430,16089.887640449437,30446,16098.347653668208,0.006146728354263019,,
opus,libopus,,opus_24000bps,4018-103416-0033,15.13,24000.0,45394,24002.11500330469,45410,24010.57501652346,0.0004406256884775151,,
opus,libopus,,opus_6000bps,1737-148989-0006,10.69,6000.0,8707,6515.9962581852205,8723,6527.970065481759,0.08799501091362648,,
opus,libopus,,opus_8000bps,1737-148989-0006,10.69,8000.0,11095,8303.086997193639,11111,8315.060804490178,0.03938260056127228,,
opus,libopus,,opus_12000bps,1737-148989-0006,10.69,12000.0,16828,12593.451824134705,16844,12605.425631431244,0.050452135952603686,,
opus,libopus,,opus_16000bps,1737-148989-0006,10.69,16000.0,22129,16560.523854069223,22145,16572.497661365764,0.03578110383536023,,
opus,libopus,,opus_24000bps,1737-148989-0006,10.69,24000.0,32901,24621.889616463985,32917,24633.863423760526,0.0264109759900219,,
opus,libopus,,opus_6000bps,1455-138263-0040,14.83,6000.0,11517,6212.811867835469,11533,6221.443020903574,0.0369071701505956,,
opus,libopus,,opus_8000bps,1455-138263-0040,14.83,8000.0,14944,8061.496965610249,14960,8070.128118678354,0.008766014834794306,,
opus,libopus,,opus_12000bps,1455-138263-0040,14.83,12000.0,22934,12371.67902899528,22950,12380.310182063386,0.0316925151719488,,
opus,libopus,,opus_16000bps,1455-138263-0040,14.83,16000.0,30198,16290.222521915037,30214,16298.853674983142,0.01867835468644637,,
opus,libopus,,opus_24000bps,1455-138263-0040,14.83,24000.0,44941,24243.290627107213,44957,24251.92178017532,0.010496740840638268,,
opus,libopus,,opus_6000bps,311-124404-0119,6.175,6000.0,4960,6425.9109311740895,4976,6446.63967611336,0.07443994601889335,,
opus,libopus,,opus_8000bps,311-124404-0119,6.175,8000.0,6334,8205.991902834008,6350,8226.72064777328,0.02834008097165997,,
opus,libopus,,opus_12000bps,311-124404-0119,6.175,12000.0,9541,12360.809716599191,9557,12381.538461538463,0.0317948717948719,,
opus,libopus,,opus_16000bps,311-124404-0119,6.175,16000.0,12448,16126.963562753037,12464,16147.692307692309,0.009230769230769284,,
opus,libopus,,opus_24000bps,311-124404-0119,6.175,24000.0,18419,23862.67206477733,18435,23883.4008097166,-0.00485829959514164,,
opus,libopus,,opus_6000bps,4680-16026-0019,2.34,6000.0,1931,6601.709401709402,1947,6656.410256410257,0.10940170940170947,,
opus,libopus,,opus_8000bps,4680-16026-0019,2.34,8000.0,2458,8403.418803418805,2474,8458.119658119658,0.05726495726495728,,
opus,libopus,,opus_12000bps,4680-16026-0019,2.34,12000.0,3737,12776.068376068377,3753,12830.769230769232,0.06923076923076936,,
opus,libopus,,opus_16000bps,4680-16026-0019,2.34,16000.0,4844,16560.68376068376,4860,16615.384615384617,0.03846153846153857,,
opus,libopus,,opus_24000bps,4680-16026-0019,2.34,24000.0,7166,24499.1452991453,7182,24553.846153846156,0.023076923076923172,,
opus,libopus,,opus_6000bps,8098-278278-0035,15.1,6000.0,12275,6503.311258278146,12291,6511.788079470199,0.08529801324503311,,
opus,libopus,,opus_8000bps,8098-278278-0035,15.1,8000.0,15514,8219.337748344371,15530,8227.814569536424,0.028476821192052967,,
opus,libopus,,opus_12000bps,8098-278278-0035,15.1,12000.0,23084,12229.933774834437,23100,12238.41059602649,0.01986754966887414,,
opus,libopus,,opus_16000bps,8098-278278-0035,15.1,16000.0,30113,15953.907284768213,30129,15962.384105960266,-0.0023509933774834052,,
opus,libopus,,opus_24000bps,8098-278278-0035,15.1,24000.0,44011,23317.08609271523,44027,23325.562913907284,-0.02810154525386315,,
