model,sample_id,L,channel,p_drop,p_sub,ideal_bitrate_bps,duration_sec,wave_l1,rmse,mel_l1,si_snr_db,corr,stoi,pesq_wb,rms_ratio_db,recon_peak,clip_ratio,length_samples,actual_p_drop,actual_p_sub,channel_seed,original_path,recon_path
base,8838-298545-0037,1,clean,0.0,0.0,500,13.79,0.03287934884428978,0.05892985314130783,1.3445154428482056,-4.8458560943584255,0.4967808723449707,0.8069498716478557,1.3720451593399048,-4.101597396313743,0.3259144127368927,0.0,220640,0.0,0.0,22120,output\experiments\exp5_ablation_and_diagnosis_20260601_seed42\samples\original\8838-298545-0037.wav,output\experiments\exp5_ablation_and_diagnosis_20260601_seed42\samples\base\clean\L1\8838-298545-0037.wav
lca,8838-298545-0037,1,clean,0.0,0.0,500,13.79,0.031310468912124634,0.057623784989118576,1.3324193954467773,-3.660527835407606,0.5485719442367554,0.7665583272602426,1.355033040046692,-2.6202803209090058,0.33150342106819153,0.0,220640,0.0,0.0,22120,output\experiments\exp5_ablation_and_diagnosis_20260601_seed42\samples\original\8838-298545-0037.wav,output\experiments\exp5_ablation_and_diagnosis_20260601_seed42\samples\lca\clean\L1\8838-298545-0037.wav
base,8838-298545-0037,2,clean,0.0,0.0,1000,13.79,0.025809811428189278,0.04730052128434181,1.0462017059326172,0.36484711569691824,0.7217962145805359,0.861271005276845,1.7829540967941284,-1.4044968377962506,0.4803844690322876,0.0,220640,0.0,0.0,23120,output\experiments\exp5_ablation_and_diagnosis_20260601_seed42\samples\original\8838-298545-0037.wav,output\experiments\exp5_ablation_and_diagnosis_20260601_seed42\samples\base\clean\L2\8838-298545-0037.wav
lca,8838-298545-0037,2,clean,0.0,0.0,1000,13.79,0.02479887194931507,0.04556655511260033,1.1768862009048462,0.9686275650609889,0.745337963104248,0.8387881498926264,1.7152900695800781,-1.2132347726676593,0.41024264693260193,0.0,220640,0.0,0.0,23120,output\experiments\exp5_ablation_and_diagnosis_20260601_seed42\samples\original\8838-298545-0037.wav,output\experiments\exp5_ablation_and_diagnosis_20260601_seed42\samples\lca\clean\L2\8838-298545-0037.wav
base,8838-298545-0037,3,clean,0.0,0.0,1500,13.79,0.023706944659352303,0.043239694088697433,0.9816579818725586,1.8969347528380718,0.7794182896614075,0.8798481667597896,1.872251033782959,-0.6619138911764626,0.45209625363349915,0.0,220640,0.0,0.0,24120,output\experiments\exp5_ablation_and_diagnosis_20260601_seed42\samples\original\8838-298545-0037.wav,output\experiments\exp5_ablation_and_diagnosis_20260601_seed42\samples\base\clean\L3\8838-298545-0037.wav
lca,8838-298545-0037,3,clean,0.0,0.0,1500,13.79,0.021830517798662186,0.03994126245379448,1.1242525577545166,2.851408886921858,0.8114724159240723,0.8686481165221127,1.921010971069336,-0.7211129384056227,0.4346572160720825,0.0,220640,0.0,0.0,24120,output\experiments\exp5_ablation_and_diagnosis_20260601_seed42\samples\original\8838-298545-0037.wav,output\experiments\exp5_ablation_and_diagnosis_20260601_seed42\samples\lca\clean\L3\8838-298545-0037.wav
base,5390-30102-0015,1,clean,0.0,0.0,500,15.26,0.03107987903058529,0.04837138205766678,1.3381139039993286,-3.892163225594187,0.5383598208427429,0.7740162147118261,1.2074334621429443,-3.613279533835172,0.32823967933654785,0.0,244160,0.0,0.0,20089,output\experiments\exp5_ablation_and_diagnosis_20260601_seed42\samples\original\5390-30102-0015.wav,output\experiments\exp5_ablation_and_diagnosis_20260601_seed42\samples\base\clean\L1\5390-30102-0015.wav
lca,5390-30102-0015,1,clean,0.0,0.0,500,15.26,0.028595108538866043,0.045948877930641174,1.2695144414901733,-2.5546158307046967,0.5975306630134583,0.7539368253996087,1.22026789188385,-3.061907170616533,0.3575141727924347,0.0,244160,0.0,0.0,20089,output\experiments\exp5_ablation_and_diagnosis_20260601_seed42\samples\original\5390-30102-0015.wav,output\experiments\exp5_ablation_and_diagnosis_20260601_seed42\samples\lca\clean\L1\5390-30102-0015.wav
base,5390-30102-0015,2,clean,0.0,0.0,1000,15.26,0.025145763531327248,0.039008308202028275,1.0375239849090576,0.8339688533228512,0.7401756644248962,0.8267250979392888,1.426063060760498,-1.1201288961071705,0.4454289972782135,0.0,244160,0.0,0.0,21089,output\experiments\exp5_ablation_and_diagnosis_20260601_seed42\samples\original\5390-30102-0015.wav,output\experiments\exp5_ablation_and_diagnosis_20260601_seed42\samples\base\clean\L2\5390-30102-0015.wav
lca,5390-30102-0015,2,clean,0.0,0.0,1000,15.26,0.023249147459864616,0.03709996119141579,1.1122264862060547,1.439967274481278,0.7629810571670532,0.8256613865439596,1.4592022895812988,-1.3582525480493262,0.4138636291027069,0.0,244160,0.0,0.0,21089,output\experiments\exp5_ablation_and_diagnosis_20260601_seed42\samples\original\5390-30102-0015.wav,output\experiments\exp5_ablation_and_diagnosis_20260601_seed42\samples\lca\clean\L2\5390-30102-0015.wav
base,5390-30102-0015,3,clean,0.0,0.0,1500,15.26,0.022906074300408363,0.03565795347094536,0.9692648649215698,2.3598215878413558,0.7953588962554932,0.8543122991515026,1.6271207332611084,-0.3712543290715171,0.43231818079948425,0.0,244160,0.0,0.0,22089,output\experiments\exp5_ablation_and_diagnosis_20260601_seed42\samples\original\5390-30102-0015.wav,output\experiments\exp5_ablation_and_diagnosis_20260601_seed42\samples\base\clean\L3\5390-30102-0015.wav
lca,5390-30102-0015,3,clean,0.0,0.0,1500,15.26,0.02124970778822899,0.03401206061244011,1.0537124872207642,2.751026828758097,0.808251678943634,0.8497943903567965,1.595571756362915,-0.7621685104099306,0.39159175753593445,0.0,244160,0.0,0.0,22089,output\experiments\exp5_ablation_and_diagnosis_20260601_seed42\samples\original\5390-30102-0015.wav,output\experiments\exp5_ablation_and_diagnosis_20260601_seed42\samples\lca\clean\L3\5390-30102-0015.wav
base,4018-103416-0033,1,clean,0.0,0.0,500,15.13,0.038625940680503845,0.06432586163282394,1.0098466873168945,-0.040351691677598014,0.7054624557495117,0.7832126253703698,1.4076124429702759,-3.802517576688724,0.3749902844429016,0.0,242080,0.0,0.0,52021,output\experiments\exp5_ablation_and_diagnosis_20260601_seed42\samples\original\4018-103416-0033.wav,output\experiments\exp5_ablation_and_diagnosis_20260601_seed42\samples\base\clean\L1\4018-103416-0033.wav
lca,4018-103416-0033,1,clean,0.0,0.0,500,15.13,0.03661447763442993,0.06319005787372589,1.088287115097046,0.22093092751901283,0.7160411477088928,0.7575737109527957,1.424527883529663,-3.273054187272499,0.4121204912662506,0.0,242080,0.0,0.0,52021,output\experiments\exp5_ablation_and_diagnosis_20260601_seed42\samples\original\4018-103416-0033.wav,output\experiments\exp5_ablation_and_diagnosis_20260601_seed42\samples\lca\clean\L1\4018-103416-0033.wav
base,4018-103416-0033,2,clean,0.0,0.0,1000,15.13,0.027028799057006836,0.04594457522034645,0.8454596996307373,4.595315035427048,0.8615851998329163,0.8641982601275472,2.0328855514526367,-1.088588939766955,0.4983604848384857,0.0,242080,0.0,0.0,53021,output\experiments\exp5_ablation_and_diagnosis_20260601_seed42\samples\original\4018-103416-0033.wav,output\experiments\exp5_ablation_and_diagnosis_20260601_seed42\samples\base\clean\L2\4018-103416-0033.wav
lca,4018-103416-0033,2,clean,0.0,0.0,1000,15.13,0.026119757443666458,0.04501112177968025,0.9276803731918335,4.825666951026147,0.867377519607544,0.8458820387690491,1.9042301177978516,-1.2750109863851873,0.4602399170398712,0.0,242080,0.0,0.0,53021,output\experiments\exp5_ablation_and_diagnosis_20260601_seed42\samples\original\4018-103416-0033.wav,output\experiments\exp5_ablation_and_diagnosis_20260601_seed42\samples\lca\clean\L2\4018-103416-0033.wav
base,4018-103416-0033,3,clean,0.0,0.0,1500,15.13,0.023180905729532242,0.03884157910943031,0.794690728187561,6.578545300079909,0.9054095149040222,0.889435816135229,2.403822422027588,-0.2606520107189813,0.553870677947998,0.0,242080,0.0,0.0,54021,output\experiments\exp5_ablation_and_diagnosis_20260601_seed42\samples\original\4018-103416-0033.wav,output\experiments\exp5_ablation_and_diagnosis_20260601_seed42\samples\base\clean\L3\4018-103416-0033.wav
lca,4018-103416-0033,3,clean,0.0,0.0,1500,15.13,0.02217213250696659,0.03793025389313698,0.8737978935241699,6.721389746283954,0.9080612063407898,0.8727862692979136,2.221050262451172,-0.6400235813485,0.46870163083076477,0.0,242080,0.0,0.0,54021,output\experiments\exp5_ablation_and_diagnosis_20260601_seed42\samples\original\4018-103416-0033.wav,output\experiments\exp5_ablation_and_diagnosis_20260601_seed42\samples\lca\clean\L3\4018-103416-0033.wav
base,1737-148989-0006,1,clean,0.0,0.0,500,10.69,0.025542473420500755,0.0450371690094471,1.301960825920105,-17.977611088536094,0.12522394955158234,0.7597048731079195,1.195818305015564,-1.7843299773898516,0.3443892300128937,0.0,171040,0.0,0.0,5108,output\experiments\exp5_ablation_and_diagnosis_20260601_seed42\samples\original\1737-148989-0006.wav,output\experiments\exp5_ablation_and_diagnosis_20260601_seed42\samples\base\clean\L1\1737-148989-0006.wav
lca,1737-148989-0006,1,clean,0.0,0.0,500,10.69,0.023227831348776817,0.0436379536986351,1.2200350761413574,-24.78391431926003,0.05755509436130524,0.7186871973224881,1.137163758277893,-3.4985385587560582,0.3746584355831146,0.0,171040,0.0,0.0,5108,output\experiments\exp5_ablation_and_diagnosis_20260601_seed42\samples\original\1737-148989-0006.wav,output\experiments\exp5_ablation_and_diagnosis_20260601_seed42\samples\lca\clean\L1\1737-148989-0006.wav
base,1737-148989-0006,2,clean,0.0,0.0,1000,10.69,0.022374605759978294,0.043169111013412476,0.9510124325752258,-15.641469571623974,0.16296036541461945,0.8053675796496105,1.4676434993743896,-2.2826034379792817,0.3731744587421417,0.0,171040,0.0,0.0,6108,output\experiments\exp5_ablation_and_diagnosis_20260601_seed42\samples\original\1737-148989-0006.wav,output\experiments\exp5_ablation_and_diagnosis_20260601_seed42\samples\base\clean\L2\1737-148989-0006.wav
lca,1737-148989-0006,2,clean,0.0,0.0,1000,10.69,0.022373555228114128,0.04292963445186615,1.0142927169799805,-19.96570582759291,0.09989343583583832,0.7800863541866435,1.2864130735397339,-3.358358530247021,0.3339759409427643,0.0,171040,0.0,0.0,6108,output\experiments\exp5_ablation_and_diagnosis_20260601_seed42\samples\original\1737-148989-0006.wav,output\experiments\exp5_ablation_and_diagnosis_20260601_seed42\samples\lca\clean\L2\1737-148989-0006.wav
base,1737-148989-0006,3,clean,0.0,0.0,1500,10.69,0.021462585777044296,0.042003706097602844,0.879284679889679,-13.565967914748523,0.20528273284435272,0.830696600367496,1.652954339981079,-2.346524931663062,0.35000649094581604,0.0,171040,0.0,0.0,7108,output\experiments\exp5_ablation_and_diagnosis_20260601_seed42\samples\original\1737-148989-0006.wav,output\experiments\exp5_ablation_and_diagnosis_20260601_seed42\samples\base\clean\L3\1737-148989-0006.wav
lca,1737-148989-0006,3,clean,0.0,0.0,1500,10.69,0.022041236981749535,0.04265393316745758,0.9487363696098328,-18.541950459948747,0.11745884269475937,0.812808122978023,1.42044997215271,-3.28074970555247,0.32456761598587036,0.0,171040,0.0,0.0,7108,output\experiments\exp5_ablation_and_diagnosis_20260601_seed42\samples\original\1737-148989-0006.wav,output\experiments\exp5_ablation_and_diagnosis_20260601_seed42\samples\lca\clean\L3\1737-148989-0006.wav
base,1455-138263-0040,1,clean,0.0,0.0,500,14.83,0.028753384947776794,0.048505932092666626,1.178460955619812,-8.214814126793028,0.36203595995903015,0.7496623329479117,1.202965259552002,-2.9811201459363605,0.4631107449531555,0.0,237280,0.0,0.0,39007,output\experiments\exp5_ablation_and_diagnosis_20260601_seed42\samples\original\1455-138263-0040.wav,output\experiments\exp5_ablation_and_diagnosis_20260601_seed42\samples\base\clean\L1\1455-138263-0040.wav
lca,1455-138263-0040,1,clean,0.0,0.0,500,14.83,0.02753976546227932,0.04735090956091881,1.1549450159072876,-7.374855513140124,0.3933325707912445,0.7469255747099349,1.2039421796798706,-3.0232609425857104,0.4136665463447571,0.0,237280,0.0,0.0,39007,output\experiments\exp5_ablation_and_diagnosis_20260601_seed42\samples\original\1455-138263-0040.wav,output\experiments\exp5_ablation_and_diagnosis_20260601_seed42\samples\lca\clean\L1\1455-138263-0040.wav
base,1455-138263-0040,2,clean,0.0,0.0,1000,14.83,0.024190565571188927,0.04283297061920166,0.9434542655944824,-3.3865031211583267,0.5606862902641296,0.8166732337491991,1.5344619750976562,-1.3702916173227435,0.5201448202133179,0.0,237280,0.0,0.0,40007,output\experiments\exp5_ablation_and_diagnosis_20260601_seed42\samples\original\1455-138263-0040.wav,output\experiments\exp5_ablation_and_diagnosis_20260601_seed42\samples\base\clean\L2\1455-138263-0040.wav
lca,1455-138263-0040,2,clean,0.0,0.0,1000,14.83,0.024074586108326912,0.04278002679347992,0.9977049231529236,-3.5001475127158495,0.555658757686615,0.807887677923643,1.4231016635894775,-1.5566719379452174,0.4396199584007263,0.0,237280,0.0,0.0,40007,output\experiments\exp5_ablation_and_diagnosis_20260601_seed42\samples\original\1455-138263-0040.wav,output\experiments\exp5_ablation_and_diagnosis_20260601_seed42\samples\lca\clean\L2\1455-138263-0040.wav
base,1455-138263-0040,3,clean,0.0,0.0,1500,14.83,0.02260851301252842,0.041276030242443085,0.8692589998245239,-2.259561336551009,0.6105621457099915,0.8459121495854109,1.715861201286316,-0.8233898780311772,0.5675107836723328,0.0,237280,0.0,0.0,41007,output\experiments\exp5_ablation_and_diagnosis_20260601_seed42\samples\original\1455-138263-0040.wav,output\experiments\exp5_ablation_and_diagnosis_20260601_seed42\samples\base\clean\L3\1455-138263-0040.wav
lca,1455-138263-0040,3,clean,0.0,0.0,1500,14.83,0.022334685549139977,0.040795642882585526,0.9414587020874023,-2.078711083192912,0.6185249090194702,0.8271798101383636,1.563549280166626,-0.8581743304498978,0.46563228964805603,0.0,237280,0.0,0.0,41007,output\experiments\exp5_ablation_and_diagnosis_20260601_seed42\samples\original\1455-138263-0040.wav,output\experiments\exp5_ablation_and_diagnosis_20260601_seed42\samples\lca\clean\L3\1455-138263-0040.wav
base,311-124404-0119,1,clean,0.0,0.0,500,6.175,0.019457921385765076,0.03414755314588547,1.1597135066986084,-10.413005475214387,0.28870323300361633,0.7504839009442246,1.1993967294692993,-3.2740188829483063,0.27581915259361267,0.0,98800,0.0,0.0,22294,output\experiments\exp5_ablation_and_diagnosis_20260601_seed42\samples\original\311-124404-0119.wav,output\experiments\exp5_ablation_and_diagnosis_20260601_seed42\samples\base\clean\L1\311-124404-0119.wav
lca,311-124404-0119,1,clean,0.0,0.0,500,6.175,0.018083883449435234,0.032909125089645386,1.129244089126587,-9.725669484763426,0.3102678656578064,0.7679509852403357,1.2071853876113892,-4.191459353389609,0.275748610496521,0.0,98800,0.0,0.0,22294,output\experiments\exp5_ablation_and_diagnosis_20260601_seed42\samples\original\311-124404-0119.wav,output\experiments\exp5_ablation_and_diagnosis_20260601_seed42\samples\lca\clean\L1\311-124404-0119.wav
base,311-124404-0119,2,clean,0.0,0.0,1000,6.175,0.014951261691749096,0.026818985119462013,0.9290744662284851,-1.9707342160401475,0.6232678890228271,0.8234446580032374,1.2910315990447998,-1.4159976790001179,0.4202136695384979,0.0,98800,0.0,0.0,23294,output\experiments\exp5_ablation_and_diagnosis_20260601_seed42\samples\original\311-124404-0119.wav,output\experiments\exp5_ablation_and_diagnosis_20260601_seed42\samples\base\clean\L2\311-124404-0119.wav
lca,311-124404-0119,2,clean,0.0,0.0,1000,6.175,0.015016312710940838,0.02713637426495552,0.9629531502723694,-2.588939986124334,0.5960122346878052,0.8196228689537935,1.329601764678955,-2.160591993529262,0.40098920464515686,0.0,98800,0.0,0.0,23294,output\experiments\exp5_ablation_and_diagnosis_20260601_seed42\samples\original\311-124404-0119.wav,output\experiments\exp5_ablation_and_diagnosis_20260601_seed42\samples\lca\clean\L2\311-124404-0119.wav
base,311-124404-0119,3,clean,0.0,0.0,1500,6.175,0.013260569423437119,0.02375612035393715,0.8641102910041809,0.4303695015885817,0.7243989706039429,0.8520600080450604,1.3955070972442627,-0.5750963633683678,0.3621494472026825,0.0,98800,0.0,0.0,24294,output\experiments\exp5_ablation_and_diagnosis_20260601_seed42\samples\original\311-124404-0119.wav,output\experiments\exp5_ablation_and_diagnosis_20260601_seed42\samples\base\clean\L3\311-124404-0119.wav
lca,311-124404-0119,3,clean,0.0,0.0,1500,6.175,0.014006173238158226,0.025246143341064453,0.9009557366371155,-0.8431228089100797,0.6720251441001892,0.8466278526668924,1.4282280206680298,-1.216623890471276,0.45078685879707336,0.0,98800,0.0,0.0,24294,output\experiments\exp5_ablation_and_diagnosis_20260601_seed42\samples\original\311-124404-0119.wav,output\experiments\exp5_ablation_and_diagnosis_20260601_seed42\samples\lca\clean\L3\311-124404-0119.wav
base,4680-16026-0019,1,clean,0.0,0.0,500,2.34,0.028103182092308998,0.05238576605916023,1.1014035940170288,-0.23030083768950135,0.6976718306541443,0.8730079649642002,1.8172810077667236,-3.592846338372918,0.3433854579925537,0.0,37440,0.0,0.0,57610,output\experiments\exp5_ablation_and_diagnosis_20260601_seed42\samples\original\4680-16026-0019.wav,output\experiments\exp5_ablation_and_diagnosis_20260601_seed42\samples\base\clean\L1\4680-16026-0019.wav
lca,4680-16026-0019,1,clean,0.0,0.0,500,2.34,0.028583010658621788,0.05543673038482666,1.1516746282577515,-1.3345606751512467,0.6509802937507629,0.825862288106104,1.6107933521270752,-3.680772427761063,0.3453079164028168,0.0,37440,0.0,0.0,57610,output\experiments\exp5_ablation_and_diagnosis_20260601_seed42\samples\original\4680-16026-0019.wav,output\experiments\exp5_ablation_and_diagnosis_20260601_seed42\samples\lca\clean\L1\4680-16026-0019.wav
base,4680-16026-0019,2,clean,0.0,0.0,1000,2.34,0.02168429084122181,0.039674852043390274,0.9112644195556641,3.780676840363946,0.8395574688911438,0.9018983199207821,2.552177667617798,-1.4762696349899258,0.45510491728782654,0.0,37440,0.0,0.0,58610,output\experiments\exp5_ablation_and_diagnosis_20260601_seed42\samples\original\4680-16026-0019.wav,output\experiments\exp5_ablation_and_diagnosis_20260601_seed42\samples\base\clean\L2\4680-16026-0019.wav
lca,4680-16026-0019,2,clean,0.0,0.0,1000,2.34,0.02075236290693283,0.03934171423316002,0.9798651337623596,4.014870927039037,0.8461380004882812,0.8788489464052088,2.216047525405884,-2.295501247831608,0.36423832178115845,0.0,37440,0.0,0.0,58610,output\experiments\exp5_ablation_and_diagnosis_20260601_seed42\samples\original\4680-16026-0019.wav,output\experiments\exp5_ablation_and_diagnosis_20260601_seed42\samples\lca\clean\L2\4680-16026-0019.wav
base,4680-16026-0019,3,clean,0.0,0.0,1500,2.34,0.017694570124149323,0.031992264091968536,0.8658151626586914,6.25208338972943,0.8991062045097351,0.9253200860320054,2.8424816131591797,-0.755141948984632,0.5153460502624512,0.0,37440,0.0,0.0,59610,output\experiments\exp5_ablation_and_diagnosis_20260601_seed42\samples\original\4680-16026-0019.wav,output\experiments\exp5_ablation_and_diagnosis_20260601_seed42\samples\base\clean\L3\4680-16026-0019.wav
lca,4680-16026-0019,3,clean,0.0,0.0,1500,2.34,0.01859103888273239,0.0359543040394783,0.9578723907470703,4.986336663321902,0.8713048100471497,0.9011862039959783,2.4608771800994873,-1.5971701276005197,0.45217782258987427,0.0,37440,0.0,0.0,59610,output\experiments\exp5_ablation_and_diagnosis_20260601_seed42\samples\original\4680-16026-0019.wav,output\experiments\exp5_ablation_and_diagnosis_20260601_seed42\samples\lca\clean\L3\4680-16026-0019.wav
base,8098-278278-0035,1,clean,0.0,0.0,500,15.1,0.052503980696201324,0.0867239385843277,1.1833266019821167,-11.84664119981331,0.24769601225852966,0.7960956489968182,1.2618144750595093,-3.8770611282896965,0.35362571477890015,0.0,241600,0.0,0.0,5945,output\experiments\exp5_ablation_and_diagnosis_20260601_seed42\samples\original\8098-278278-0035.wav,output\experiments\exp5_ablation_and_diagnosis_20260601_seed42\samples\base\clean\L1\8098-278278-0035.wav
lca,8098-278278-0035,1,clean,0.0,0.0,500,15.1,0.0416618287563324,0.07107622921466827,1.448458194732666,-3.9646766325386915,0.5351697206497192,0.7625998954118405,1.345384120941162,-3.3836100129082243,0.6039692163467407,0.0,241600,0.0,0.0,5945,output\experiments\exp5_ablation_and_diagnosis_20260601_seed42\samples\original\8098-278278-0035.wav,output\experiments\exp5_ablation_and_diagnosis_20260601_seed42\samples\lca\clean\L1\8098-278278-0035.wav
base,8098-278278-0035,2,clean,0.0,0.0,1000,15.1,0.03552448749542236,0.0622188076376915,0.9752181768417358,-0.14822224890626057,0.7010481357574463,0.8538021976436269,1.5707311630249023,-0.6025181499059572,0.6154283285140991,0.0,241600,0.0,0.0,6945,output\experiments\exp5_ablation_and_diagnosis_20260601_seed42\samples\original\8098-278278-0035.wav,output\experiments\exp5_ablation_and_diagnosis_20260601_seed42\samples\base\clean\L2\8098-278278-0035.wav
lca,8098-278278-0035,2,clean,0.0,0.0,1000,15.1,0.03403104841709137,0.059878185391426086,1.18112051486969,-0.02213641385029319,0.7062051296234131,0.8321746128623143,1.5939781665802002,-1.4543491620208118,0.5753903388977051,0.0,241600,0.0,0.0,6945,output\experiments\exp5_ablation_and_diagnosis_20260601_seed42\samples\original\8098-278278-0035.wav,output\experiments\exp5_ablation_and_diagnosis_20260601_seed42\samples\lca\clean\L2\8098-278278-0035.wav
base,8098-278278-0035,3,clean,0.0,0.0,1500,15.1,0.03301293030381203,0.058744706213474274,0.9089661836624146,1.1380244323505901,0.7517563700675964,0.8802651744007236,1.7887592315673828,0.0819359259253093,0.5535326600074768,0.0,241600,0.0,0.0,7945,output\experiments\exp5_ablation_and_diagnosis_20260601_seed42\samples\original\8098-278278-0035.wav,output\experiments\exp5_ablation_and_diagnosis_20260601_seed42\samples\base\clean\L3\8098-278278-0035.wav
lca,8098-278278-0035,3,clean,0.0,0.0,1500,15.1,0.03093225508928299,0.05465421453118324,1.118615984916687,1.5622252879794905,0.7674449682235718,0.855293411881193,1.745711088180542,-0.738619912011889,0.6218971610069275,0.0,241600,0.0,0.0,7945,output\experiments\exp5_ablation_and_diagnosis_20260601_seed42\samples\original\8098-278278-0035.wav,output\experiments\exp5_ablation_and_diagnosis_20260601_seed42\samples\lca\clean\L3\8098-278278-0035.wav
