run_id,candidate_id,encoder_type,architecture_json,encoder_strides,decoder_strides,decoder_condition,n_filters,compress,lstm,activation,layer_ops_list,layer_se_list,valid_interface,status,semantic_proxy_loss,proxy_recon_l1,proxy_mel_loss,teacher_latent_smooth_l1,teacher_latent_cosine_distance,teacher_temporal_delta_loss,rvq_code_agreement,rvq_code_flip_rate,rvq_quantized_feature_l1,distill_enabled,distill_steps,train_mean_latent_smooth_l1,train_mean_cosine_distance,train_mean_temporal_delta_loss,train_mean_total,train_last_latent_smooth_l1,train_last_cosine_distance,train_last_temporal_delta_loss,train_last_total,encoder_params,encoder_macs,encoder_macs_g,thop_params,encoder_rtf_mean,encoder_rtf_std,evaluated_batches,codes_shape,output_shape,interface_shape_1s,error,stage,stage_rank,stage_score,stage_semantic_penalty,stage_teacher_penalty,stage_rvq_penalty,stage_recon_penalty,stage_mel_penalty,stage_quality_penalty,stage_resource_score,selected_for_next_stage,stage_selection_reason
exp1_nas_distill_run1_seed42,hand_encoder,hand-designed,configs/teacher_model_reference.json,"[8, 5, 4, 2]","[8, 5, 4, 2]",frozen_teacher_decoder,64,2,2,ELU,base_seanet_resnet_block,[],True,completed,0.6928430534899235,0.026160497043747455,1.064426239579916,0.0,0.0,0.0,1.0,0.0,0.0,,,,,,,,,,,67705856,5869363200,5.8693632,67705856,0.009564159999717959,0.00013194145191221764,16,"[3, 1, 50]","[1, 1, 16000]","[1, 1024, 50]",,stage3_refined,,,,,,,,,,False,
exp1_nas_distill_run1_seed42,nas_seed42_000187,nas-candidate,artifacts/candidates/nas_seed42_000187.json,"[4, 4, 5, 4]","[8, 5, 4, 2]",frozen_teacher_decoder,24,2,1,Snake,"[""skip"", ""dil_k3"", ""sep_k7"", ""sep_k3""]","[false, true, true, false]",True,completed,0.692055344581604,0.0296519078547135,2.0213676542043686,2.37738236784935,0.3019835278391838,1.7174811735749245,0.11750000331085175,0.8824999966891482,2.4563576504588127,True,500,2.9814113023281097,0.4892825648784637,2.078014723777771,4.5097012305259705,2.489975929260254,0.30634164810180664,1.893577218055725,3.7431061267852783,8753456,581915184,0.581915184,8751320,0.007067279999318998,0.0001850319471739307,16,"[3, 1, 50]","[1, 1, 16000]","[1, 1024, 50]",,stage3_refined,1,62.98321696548614,0.0,48.24632979145541,14.923195276830358,0.02996576287635748,0.5460282472370354,63.5151214743538,-0.5319045088676562,True,top-k by stage3 refined quality-constrained proxy score
exp1_nas_distill_run1_seed42,nas_seed42_000188,nas-candidate,artifacts/candidates/nas_seed42_000188.json,"[10, 4, 4, 2]","[8, 5, 4, 2]",frozen_teacher_decoder,24,4,1,Snake,"[""dil_k5"", ""dil_k9"", ""dil_k9"", ""skip""]","[true, true, false, false]",True,completed,0.6925316378474236,0.031519100652076304,2.4778409749269485,2.6504443138837814,0.3601251747459173,1.9424284026026726,0.05291666754055768,0.9470833324594423,2.6842988282442093,True,500,3.067444053173065,0.5106797052621841,2.1686890549659728,4.6624682893753056,2.890141010284424,0.3980611562728882,2.221905469894409,4.399155139923096,8485304,590515608,0.590515608,8483672,0.006799799999862443,7.162923900986146e-05,16,"[3, 1, 50]","[1, 1, 16000]","[1, 1024, 50]",,stage3_refined,52,63.45601506990282,0.0,48.46741340075824,15.019231908936495,0.09103302561474953,0.7496415147669704,63.99105003392377,-0.5350349640209525,False,not in top-k
exp1_nas_distill_run1_seed42,nas_seed42_000248,nas-candidate,artifacts/candidates/nas_seed42_000248.json,"[8, 5, 4, 2]","[8, 5, 4, 2]",frozen_teacher_decoder,24,4,1,Snake,"[""dil_k9"", ""dil_k3"", ""sep_k3"", ""skip""]","[false, false, false, false]",True,completed,0.6932238563895226,0.031096569378860295,2.2432949542999268,2.625456392765045,0.35241642594337463,1.8957851082086563,0.060000000637955964,0.939999999362044,2.6470692306756973,True,500,3.0422654037475585,0.49974352478981016,2.1376461944580076,4.610832011222839,2.717695474624634,0.3471165895462036,2.067046880722046,4.0983357429504395,8404808,581875200,0.5818752,8403176,0.006486060000315774,3.2481232347541166e-05,16,"[3, 1, 50]","[1, 1, 16000]","[1, 1024, 50]",,stage3_refined,35,63.34389817720601,0.0,48.44003902712118,15.006582006199233,0.07753679738318438,0.6501996551899969,63.88326290486432,-0.5393647276583093,False,not in top-k
exp1_nas_distill_run1_seed42,nas_seed42_000444,nas-candidate,artifacts/candidates/nas_seed42_000444.json,"[8, 5, 4, 2]","[8, 5, 4, 2]",frozen_teacher_decoder,24,2,1,Snake,"[""dil_k3"", ""sep_k9"", ""dil_k3"", ""std_k5""]","[false, false, true, false]",True,completed,0.6930965632200241,0.03178957663476467,2.1636749655008316,2.630470037460327,0.3582587353885174,1.889722779393196,0.07083333487389609,0.9291666651261039,2.6360634714365005,True,500,3.084438426017761,0.5191732939481736,2.1567612771987914,4.6819923615455625,2.626575469970703,0.3249121904373169,2.0293185710906982,3.966146945953369,8601656,543956448,0.543956448,8599448,0.007025679999787826,7.234205665929349e-05,16,"[3, 1, 50]","[1, 1, 16000]","[1, 1024, 50]",,stage3_refined,33,63.32538858048238,0.0,48.44364809150368,14.995832147685014,0.0995777509178661,0.6140620573042496,63.867664124121966,-0.5422755436395832,False,not in top-k
exp1_nas_distill_run1_seed42,nas_seed42_000516,nas-candidate,artifacts/candidates/nas_seed42_000516.json,"[10, 4, 4, 2]","[8, 5, 4, 2]",frozen_teacher_decoder,24,2,1,Snake,"[""std_k5"", ""dil_k5"", ""std_k3"", ""skip""]","[true, false, false, false]",True,completed,0.6912636384367943,0.031553348642773926,2.327976293861866,2.6355554908514023,0.35290734097361565,1.9138114750385284,0.053750001185107976,0.946249998814892,2.6725401133298874,True,500,3.0625523171424867,0.5080672181844711,2.154983829021454,4.648111448764801,2.718442916870117,0.3470224142074585,2.12058424949646,4.125757694244385,8420504,553574472,0.553574472,8418872,0.00666314000118291,0.00012974828866441199,16,"[3, 1, 50]","[1, 1, 16000]","[1, 1024, 50]",,stage3_refined,40,63.389301006560515,0.0,48.44962342373414,15.016370153848767,0.09211901464629786,0.6872532551547972,63.93361693946356,-0.54431593290305,False,not in top-k
exp1_nas_distill_run1_seed42,nas_seed42_000888,nas-candidate,artifacts/candidates/nas_seed42_000888.json,"[4, 5, 4, 4]","[8, 5, 4, 2]",frozen_teacher_decoder,24,4,1,Snake,"[""skip"", ""std_k5"", ""dil_k3"", ""sep_k9""]","[false, false, false, true]",True,completed,0.6941186487674713,0.02957097184844315,2.1318733915686607,2.5428046360611916,0.33971815556287766,1.8282078877091408,0.09208333509741351,0.9079166649025865,2.564697712659836,True,500,3.0033367402553557,0.492895795583725,2.1061412217617037,4.549303144454956,2.663733959197998,0.3429949879646301,1.9716438055038452,3.992550849914551,8752304,605188800,0.6051888,8750168,0.006827720000001136,0.00011157321261844276,16,"[3, 1, 50]","[1, 1, 16000]","[1, 1024, 50]",,stage3_refined,9,63.18990962212375,0.0,48.37715695568788,14.96510911041563,0.027232492996073374,0.5992550281090285,63.71815857876658,-0.5282489566428237,False,not in top-k
exp1_nas_distill_run1_seed42,nas_seed42_000896,nas-candidate,artifacts/candidates/nas_seed42_000896.json,"[5, 4, 4, 4]","[8, 5, 4, 2]",frozen_teacher_decoder,24,2,1,Snake,"[""skip"", ""std_k7"", ""sep_k9"", ""dil_k5""]","[false, false, false, false]",True,completed,0.6935114748775959,0.03146885987371206,2.0563884899020195,2.527143396437168,0.3398042917251587,1.77657350897789,0.10083333583315834,0.8991666641668417,2.5496744364500046,True,500,2.9790514888763426,0.48595548391342164,2.0786414728164675,4.504327706813812,2.541059732437134,0.3221539258956909,1.9190218448638916,3.8227243423461914,8873360,618393600,0.6183936,8871224,0.00649320000084117,8.613345562977022e-05,16,"[3, 1, 50]","[1, 1, 16000]","[1, 1024, 50]",,stage3_refined,6,63.17670143112729,0.0,48.35546148137623,14.955171638915177,0.08943777507482568,0.5632051923622957,63.70221890075368,-0.5255174696263883,True,top-k by stage3 refined quality-constrained proxy score
exp1_nas_distill_run1_seed42,nas_seed42_000906,nas-candidate,artifacts/candidates/nas_seed42_000906.json,"[8, 5, 4, 2]","[8, 5, 4, 2]",frozen_teacher_decoder,24,2,1,Snake,"[""std_k5"", ""dil_k9"", ""std_k3"", ""sep_k3""]","[true, false, false, false]",True,completed,0.6934539936482906,0.03200729616219178,2.130206674337387,2.5467082262039185,0.3355519138276577,1.844169206917286,0.07000000175321475,0.9299999982467853,2.5937363505363464,True,500,3.022511683225632,0.4961640543937683,2.1224865770339965,4.579919031143189,2.5304510593414307,0.3047711253166199,1.9659883975982666,3.818216323852539,8473112,584044872,0.584044872,8470904,0.007310100001632236,7.774051639379258e-05,16,"[3, 1, 50]","[1, 1, 16000]","[1, 1024, 50]",,stage3_refined,22,63.25823300482609,0.0,48.38126094946851,14.988405187929143,0.10640317552294058,0.5984729136060338,63.792591790875036,-0.5343587860489513,False,not in top-k
exp1_nas_distill_run1_seed42,nas_seed42_001063,nas-candidate,artifacts/candidates/nas_seed42_001063.json,"[10, 4, 4, 2]","[8, 5, 4, 2]",frozen_teacher_decoder,24,2,1,Snake,"[""dil_k9"", ""sep_k9"", ""std_k7"", ""sep_k9""]","[false, false, false, false]",True,completed,0.6933150589466095,0.031064770999364555,2.240778662264347,2.5567146837711334,0.3334576487541199,1.858276106417179,0.07250000088242814,0.9274999991175719,2.5969080328941345,True,500,3.025985713005066,0.4958856817483902,2.1277336270809175,4.585738216400147,2.7925219535827637,0.36600959300994873,2.100658655166626,4.208860874176025,8490872,594604800,0.5946048,8488664,0.007049600001482759,0.00010472023725176675,16,"[3, 1, 50]","[1, 1, 16000]","[1, 1024, 50]",,stage3_refined,28,63.27805480415022,0.0,48.38872976171852,14.987016226970576,0.07651370547184784,0.6490773309309065,63.81110061053075,-0.5330458063805307,False,not in top-k
exp1_nas_distill_run1_seed42,nas_seed42_001307,nas-candidate,artifacts/candidates/nas_seed42_001307.json,"[10, 4, 4, 2]","[8, 5, 4, 2]",frozen_teacher_decoder,24,2,1,Snake,"[""std_k3"", ""dil_k9"", ""sep_k9"", ""std_k5""]","[true, true, false, false]",True,completed,0.6939473748207092,0.03170861047692597,2.1563879996538162,2.685439810156822,0.3749417532235384,1.9272962883114815,0.06541666894918308,0.9345833310508169,2.685927540063858,True,500,3.0857723660469056,0.5218371782302856,2.166197155714035,4.690708125114441,2.827873706817627,0.378959059715271,2.133854627609253,4.2737603187561035,8596760,561370008,0.561370008,8594552,0.007550039998022839,0.00015378971964757036,16,"[3, 1, 50]","[1, 1, 16000]","[1, 1024, 50]",,stage3_refined,39,63.384413676514974,0.0,48.48665195561357,15.00953519332456,0.09702756152186527,0.6106885079755614,63.920816790636586,-0.5364031141216143,False,not in top-k
exp1_nas_distill_run1_seed42,nas_seed42_001540,nas-candidate,artifacts/candidates/nas_seed42_001540.json,"[10, 4, 4, 2]","[8, 5, 4, 2]",frozen_teacher_decoder,24,2,1,Snake,"[""std_k3"", ""std_k3"", ""sep_k9"", ""dil_k3""]","[true, true, false, true]",True,completed,0.6926762536168098,0.031839988892897964,2.21948105096817,2.6432949751615524,0.36155456490814686,1.9134403467178345,0.06625000102212653,0.9337499989778735,2.657733306288719,True,500,3.034559404373169,0.49891766715049746,2.13539577126503,4.601174960136413,2.6863648891448975,0.34277039766311646,2.107879161834717,4.083074569702148,8513816,531902808,0.531902808,8511608,0.007548699998005759,7.165230223611921e-05,16,"[3, 1, 50]","[1, 1, 16000]","[1, 1024, 50]",,stage3_refined,36,63.3613326417677,0.0,48.45736878178728,15.003592276755683,0.10116230577890335,0.6395273161191991,63.905374831681826,-0.5440421899141236,False,not in top-k
exp1_nas_distill_run1_seed42,nas_seed42_001629,nas-candidate,artifacts/candidates/nas_seed42_001629.json,"[10, 4, 4, 2]","[8, 5, 4, 2]",frozen_teacher_decoder,24,2,1,Snake,"[""dil_k3"", ""sep_k7"", ""std_k3"", ""dil_k3""]","[true, false, true, true]",True,completed,0.6924332976341248,0.030845706001855433,2.2107996493577957,2.55547995865345,0.3382528964430094,1.8842655196785927,0.07458333479007706,0.9254166652099229,2.6043463051319122,True,500,3.042327010154724,0.5022045661211014,2.1413778731822966,4.6152205028533935,2.7601029872894287,0.36469221115112305,2.096435308456421,4.173012733459473,8527880,532057320,0.53205732,8525672,0.007633659998828079,8.336571430093734e-05,16,"[3, 1, 50]","[1, 1, 16000]","[1, 1024, 50]",,stage3_refined,23,63.26382532213101,0.0,48.397492157861336,14.986779652823037,0.06943684474047158,0.6356081907592205,63.80729883198419,-0.5434735098531794,False,not in top-k
exp1_nas_distill_run1_seed42,nas_seed42_002338,nas-candidate,artifacts/candidates/nas_seed42_002338.json,"[8, 5, 4, 2]","[8, 5, 4, 2]",frozen_teacher_decoder,24,2,1,Snake,"[""std_k5"", ""sep_k3"", ""sep_k9"", ""dil_k3""]","[false, false, true, false]",True,completed,0.6921135745942593,0.02998655498959124,2.311646617949009,2.5684008598327637,0.33846562542021275,1.8713454008102417,0.0712500013760291,0.9287499986239709,2.6124020516872406,True,500,3.040112997055054,0.5009583973884583,2.1388154363632204,4.610479115962982,2.5511255264282227,0.30148905515670776,1.993052363395691,3.8491408824920654,8511416,547412448,0.547412448,8509208,0.007352160001755692,7.000152927601711e-05,16,"[3, 1, 50]","[1, 1, 16000]","[1, 1024, 50]",,stage3_refined,30,63.282623915510364,0.0,48.4002103890995,14.99099052916676,0.04118840783560494,0.6802140006064639,63.8240423633315,-0.5414184478211377,False,not in top-k
exp1_nas_distill_run1_seed42,nas_seed42_002496,nas-candidate,artifacts/candidates/nas_seed42_002496.json,"[10, 4, 4, 2]","[8, 5, 4, 2]",frozen_teacher_decoder,24,4,1,Snake,"[""skip"", ""std_k7"", ""dil_k5"", ""std_k3""]","[false, true, false, false]",True,completed,0.6935489699244499,0.030155162792652845,2.1531499177217484,2.5341365188360214,0.33731543831527233,1.8365813344717026,0.08958333486225456,0.9104166651377454,2.5578709542751312,True,500,3.0428315353393556,0.5082497651576996,2.128303003787994,4.615232806682586,2.5622928142547607,0.32539641857147217,1.9522228240966797,3.863800525665283,8552336,532992336,0.532992336,8550200,0.006613540000398643,5.738684919591127e-05,16,"[3, 1, 50]","[1, 1, 16000]","[1, 1024, 50]",,stage3_refined,8,63.18628531539509,0.0,48.37414279343865,14.965776427165014,0.046795439061664265,0.6091857563564692,63.73350793785454,-0.5472226224594496,True,top-k by stage3 refined quality-constrained proxy score
exp1_nas_distill_run1_seed42,nas_seed42_002593,nas-candidate,artifacts/candidates/nas_seed42_002593.json,"[8, 5, 4, 2]","[8, 5, 4, 2]",frozen_teacher_decoder,24,2,1,Snake,"[""std_k5"", ""sep_k5"", ""sep_k7"", ""dil_k3""]","[true, true, true, false]",True,completed,0.6934818103909492,0.03224628826137632,2.2400603890419006,2.6708735078573227,0.3623960390686989,1.9069474637508392,0.06416666862787679,0.9358333313721232,2.6665647327899933,True,500,3.062301923751831,0.5094216793775559,2.1510207552909852,4.647233985424042,2.8346147537231445,0.3712523579597473,2.170083999633789,4.2909088134765625,8511656,548008056,0.548008056,8509448,0.007933439998305402,0.0001126868499972864,16,"[3, 1, 50]","[1, 1, 16000]","[1, 1024, 50]",,stage3_refined,41,63.3940204268178,0.0,48.468545189975465,15.006917646698495,0.11384223759153643,0.6487567332837362,63.933022219199124,-0.5390017923813296,False,not in top-k
exp1_nas_distill_run1_seed42,nas_seed42_002632,nas-candidate,artifacts/candidates/nas_seed42_002632.json,"[8, 5, 4, 2]","[8, 5, 4, 2]",frozen_teacher_decoder,24,4,1,Snake,"[""dil_k5"", ""sep_k3"", ""std_k7"", ""sep_k9""]","[true, true, false, false]",True,completed,0.6938812173902988,0.032579498598352075,2.290920339524746,2.695706829428673,0.37045353278517723,1.9640905186533928,0.050833334564231336,0.9491666654357687,2.6915900111198425,True,500,3.0755363955497743,0.5135180870294571,2.1716797358989717,4.674894337177276,2.98398494720459,0.4244524836540222,2.2686972618103027,4.542786121368408,8493224,562426008,0.562426008,8491016,0.007753219998267014,9.280214581783953e-05,16,"[3, 1, 50]","[1, 1, 16000]","[1, 1024, 50]",,stage3_refined,54,63.4610604815624,0.0,48.498442539914905,15.022254851007803,0.12412250683912011,0.6712075402034405,63.99789541914824,-0.5368349375858448,False,not in top-k
exp1_nas_distill_run1_seed42,nas_seed42_002711,nas-candidate,artifacts/candidates/nas_seed42_002711.json,"[10, 4, 4, 2]","[8, 5, 4, 2]",frozen_teacher_decoder,24,4,1,Snake,"[""std_k7"", ""dil_k9"", ""sep_k5"", ""sep_k5""]","[false, false, true, false]",True,completed,0.6948905400931835,0.03198556415736675,2.3924377784132957,2.7744834423065186,0.3981525767594576,2.0123190134763718,0.03916666720760986,0.9608333327923901,2.7519434094429016,True,500,3.1158165278434753,0.5292190104722977,2.1868167598247528,4.738443926811218,3.067521095275879,0.4528983235359192,2.3028018474578857,4.671820163726807,8453384,583009248,0.583009248,8451176,0.007237380000879057,0.00011712902928271907,16,"[3, 1, 50]","[1, 1, 16000]","[1, 1024, 50]",,stage3_refined,60,63.558685110121,0.0,48.55898627687345,15.042675812511268,0.10572397457608683,0.7145667454604743,64.09383652140664,-0.535151411285644,False,not in top-k
exp1_nas_distill_run1_seed42,nas_seed42_002986,nas-candidate,artifacts/candidates/nas_seed42_002986.json,"[8, 5, 4, 2]","[8, 5, 4, 2]",frozen_teacher_decoder,24,4,1,Snake,"[""dil_k5"", ""skip"", ""sep_k3"", ""dil_k9""]","[false, false, false, false]",True,completed,0.6946768686175346,0.03269337257370353,2.3394156619906425,2.680577665567398,0.3689393289387226,1.9705638960003853,0.058750000956933945,0.941249999043066,2.655501291155815,True,500,3.0566757678985597,0.5058566690683365,2.1688234968185425,4.646944185256958,2.6422340869903564,0.3288428783416748,2.1073973178863525,4.024775505065918,8728088,564364800,0.5643648,8726024,0.006422280000697356,5.410957196555798e-05,16,"[3, 1, 50]","[1, 1, 16000]","[1, 1024, 50]",,stage3_refined,51,63.4548104428327,0.0,48.49257690936737,15.0091721908464,0.1276116774190189,0.6921550894735677,63.99360916034932,-0.5387987175166211,False,not in top-k
exp1_nas_distill_run1_seed42,nas_seed42_003135,nas-candidate,artifacts/candidates/nas_seed42_003135.json,"[10, 4, 4, 2]","[8, 5, 4, 2]",frozen_teacher_decoder,24,2,1,Snake,"[""dil_k5"", ""std_k5"", ""pw_bottleneck_k3"", ""sep_k3""]","[false, true, true, true]",True,completed,0.6939273439347744,0.03345559840090573,2.4387670308351517,2.7841849476099014,0.3960994575172663,1.991872563958168,0.037500001199077815,0.9624999988009222,2.7444843500852585,True,500,3.074582809448242,0.5109425786733627,2.167049762010574,4.669050262451172,2.7621898651123047,0.35290586948394775,2.16320538520813,4.196698188781738,8444072,548550384,0.548550384,8441864,0.008011339997756295,0.00014065390810896424,16,"[3, 1, 50]","[1, 1, 16000]","[1, 1024, 50]",,stage3_refined,62,63.59079057240509,0.0,48.557042118885654,15.042652070457297,0.15065843245930954,0.7337465047453275,64.13033715166573,-0.5395465792606396,False,not in top-k
exp1_nas_distill_run1_seed42,nas_seed42_003203,nas-candidate,artifacts/candidates/nas_seed42_003203.json,"[10, 4, 4, 2]","[8, 5, 4, 2]",frozen_teacher_decoder,24,2,1,Snake,"[""std_k3"", ""sep_k7"", ""std_k3"", ""sep_k5""]","[true, false, true, false]",True,completed,0.6958051584661007,0.03062530141323805,2.113379880785942,2.576681226491928,0.3451771829277277,1.850675292313099,0.08708333451068029,0.9129166654893197,2.573467433452606,True,500,2.9946691122055054,0.4882683140039444,2.0995636422634125,4.532719261646271,2.640198230743408,0.3362901210784912,1.9646861553192139,3.958831310272217,8450888,524756520,0.52475652,8448680,0.007540100002370309,0.00010131919644254541,16,"[3, 1, 50]","[1, 1, 16000]","[1, 1024, 50]",,stage3_refined,17,63.21778617117788,0.0,48.40187515002456,14.970815893181635,0.062265804525300464,0.5905424135334346,63.764375974041435,-0.5465898028635611,False,not in top-k
exp1_nas_distill_run1_seed42,nas_seed42_003251,nas-candidate,artifacts/candidates/nas_seed42_003251.json,"[10, 4, 4, 2]","[8, 5, 4, 2]",frozen_teacher_decoder,24,2,1,Snake,"[""dil_k5"", ""std_k3"", ""sep_k7"", ""dil_k5""]","[false, true, false, false]",True,completed,0.6929643452167511,0.032757049426436424,2.4512624368071556,2.6883054673671722,0.3710595816373825,1.9663301333785057,0.045833334675990045,0.95416666532401,2.6907809674739838,True,500,3.0748875150680544,0.5124580489397049,2.1693726327419283,4.672031888008117,2.8317153453826904,0.3781501054763794,2.218853235244751,4.319292068481445,8583848,557222736,0.557222736,8581640,0.007192099998064805,8.46864333899333e-05,16,"[3, 1, 50]","[1, 1, 16000]","[1, 1024, 50]",,stage3_refined,59,63.5042389924882,0.0,48.4960161155253,15.026104537301002,0.12955748222448343,0.7388570805612449,64.04316939049774,-0.53893039800954,False,not in top-k
exp1_nas_distill_run1_seed42,nas_seed42_003333,nas-candidate,artifacts/candidates/nas_seed42_003333.json,"[10, 4, 4, 2]","[8, 5, 4, 2]",frozen_teacher_decoder,24,2,1,Snake,"[""std_k7"", ""sep_k9"", ""dil_k5"", ""sep_k3""]","[true, false, true, false]",True,completed,0.69218735024333,0.02999564865604043,2.1605087965726852,2.4970568493008614,0.32386548072099686,1.8164472132921219,0.0875000020605512,0.9124999979394488,2.542140305042267,True,500,3.0034685487747192,0.48945275497436525,2.1066273584365844,4.546234979629516,2.39709210395813,0.26805025339126587,1.905909538269043,3.6180970668792725,8471336,569108520,0.56910852,8469128,0.00799947999912547,0.00024746867513374365,16,"[3, 1, 50]","[1, 1, 16000]","[1, 1024, 50]",,stage3_refined,5,63.1662409818993,0.0,48.34421792181051,14.96435864940831,0.041491619987415365,0.6125976563129091,63.701030136999016,-0.5347891550997185,True,top-k by stage3 refined quality-constrained proxy score
exp1_nas_distill_run1_seed42,nas_seed42_003379,nas-candidate,artifacts/candidates/nas_seed42_003379.json,"[10, 4, 4, 2]","[8, 5, 4, 2]",frozen_teacher_decoder,24,4,1,Snake,"[""std_k3"", ""dil_k5"", ""sep_k3"", ""sep_k9""]","[false, true, false, false]",True,completed,0.6934112310409546,0.030127596808597445,2.231719210743904,2.5723613649606705,0.3416002318263054,1.8812804818153381,0.07166666787816212,0.9283333321218379,2.610999196767807,True,500,3.0401716430187227,0.502243085026741,2.137148243427277,4.61098884677887,2.692948579788208,0.342024028301239,2.092698335647583,4.081321716308594,8441576,531437136,0.531437136,8439368,0.007160100000328384,3.3111388471377294e-05,16,"[3, 1, 50]","[1, 1, 16000]","[1, 1024, 50]",,stage3_refined,24,63.26445164480362,0.0,48.406274188817946,14.990388624801088,0.04588088285491061,0.6450261433538189,63.811207029344274,-0.5467553845406512,False,not in top-k
exp1_nas_distill_run1_seed42,nas_seed42_003708,nas-candidate,artifacts/candidates/nas_seed42_003708.json,"[8, 5, 4, 2]","[8, 5, 4, 2]",frozen_teacher_decoder,24,2,1,Snake,"[""dil_k5"", ""std_k5"", ""sep_k7"", ""sep_k7""]","[false, false, true, false]",True,completed,0.6957536302506924,0.03299771621823311,2.303961403667927,2.7009000331163406,0.3768182583153248,1.9254601299762726,0.05666666745673865,0.9433333325432613,2.675063356757164,True,500,3.004328760623932,0.4859435695409775,2.1340847516059878,4.557314713954925,2.6865553855895996,0.339582622051239,2.079756498336792,4.06601619720459,8448200,558241248,0.558241248,8445992,0.007211580000875984,4.904774844525495e-05,16,"[3, 1, 50]","[1, 1, 16000]","[1, 1024, 50]",,stage3_refined,53,63.45622629497797,0.0,48.494002280110834,15.014508666514983,0.13687764720750717,0.6768838991995703,63.996767874470066,-0.5405415794921022,False,not in top-k
exp1_nas_distill_run1_seed42,nas_seed42_003733,nas-candidate,artifacts/candidates/nas_seed42_003733.json,"[10, 4, 4, 2]","[8, 5, 4, 2]",frozen_teacher_decoder,24,4,1,Snake,"[""dil_k3"", ""sep_k7"", ""sep_k7"", ""sep_k5""]","[true, false, true, false]",True,completed,0.6929507479071617,0.0307466828962788,2.263003721833229,2.5943245738744736,0.346044834703207,1.882197543978691,0.07541666849283502,0.924583331507165,2.61455637216568,True,500,3.0332900681495665,0.4984236180782318,2.1310959997177124,4.597261679172516,2.701739549636841,0.3453080654144287,2.082282543182373,4.088189125061035,8433320,517652520,0.51765252,8431112,0.007853839999006596,0.00011586657306656355,16,"[3, 1, 50]","[1, 1, 16000]","[1, 1024, 50]",,stage3_refined,31,63.29486067100596,0.0,48.41894245255639,14.988069351152726,0.06622140878596473,0.6589469196822322,63.84211280079003,-0.5472521297840695,False,not in top-k
exp1_nas_distill_run1_seed42,nas_seed42_003813,nas-candidate,artifacts/candidates/nas_seed42_003813.json,"[10, 4, 4, 2]","[8, 5, 4, 2]",frozen_teacher_decoder,24,4,1,Snake,"[""dil_k5"", ""std_k5"", ""std_k7"", ""pw_bottleneck_k3""]","[true, true, true, false]",True,completed,0.6913789547979832,0.0321974364342168,2.4996254667639732,2.754824936389923,0.39150163158774376,2.001325026154518,0.037500000617001206,0.9624999993829988,2.7474710196256638,True,500,3.1001374669075012,0.5217957392930984,2.1855953543186186,4.714730893611908,2.919306516647339,0.4007347822189331,2.2669262886047363,4.45350456237793,8485304,570971256,0.570971256,8483096,0.007759959998656996,7.064164781570149e-05,16,"[3, 1, 50]","[1, 1, 16000]","[1, 1024, 50]",,stage3_refined,61,63.5749059760237,0.0,48.54438882029213,15.043195897235043,0.11232612918073977,0.7583948157430918,64.11001728448147,-0.535111308457773,False,not in top-k
exp1_nas_distill_run1_seed42,nas_seed42_004018,nas-candidate,artifacts/candidates/nas_seed42_004018.json,"[8, 5, 4, 2]","[8, 5, 4, 2]",frozen_teacher_decoder,24,4,1,Snake,"[""std_k7"", ""std_k5"", ""std_k3"", ""skip""]","[true, false, true, false]",True,completed,0.6920205429196358,0.030096023459918797,2.113532565534115,2.5451546162366867,0.3352213017642498,1.8505318611860275,0.07875000237254426,0.9212499976274557,2.594291403889656,True,500,3.0128977632522584,0.4930273356437683,2.110236770629883,4.561043487071991,2.670508861541748,0.3378881812095642,2.0626180171966553,4.039706230163574,8427416,580340520,0.58034052,8425784,0.006664639998052735,3.117535014247924e-05,16,"[3, 1, 50]","[1, 1, 16000]","[1, 1024, 50]",,stage3_refined,12,63.20632137676508,0.0,48.38208546876447,14.981512174786427,0.04483234570518106,0.5906146576360405,63.74486584555564,-0.538544468790554,False,not in top-k
exp1_nas_distill_run1_seed42,nas_seed42_004215,nas-candidate,artifacts/candidates/nas_seed42_004215.json,"[4, 4, 5, 4]","[8, 5, 4, 2]",frozen_teacher_decoder,24,4,1,Snake,"[""dil_k5"", ""pw_bottleneck_k3"", ""sep_k9"", ""dil_k3""]","[false, true, false, false]",True,completed,0.6939688697457314,0.030790944816544652,2.3591329157352448,2.7032655477523804,0.3804384879767895,1.9139342904090881,0.058333335269708186,0.9416666647302918,2.689572975039482,True,500,3.0869116716384886,0.5196515661478043,2.1599354009628295,4.686530944824219,2.750272274017334,0.35769563913345337,2.1029462814331055,4.159440994262695,8822984,621408336,0.621408336,8820776,0.007296099998347927,0.00014216031935803034,16,"[3, 1, 50]","[1, 1, 16000]","[1, 1024, 50]",,stage3_refined,50,63.448546183491665,0.0,48.49386092130223,15.01588001768329,0.0676599409343044,0.7005480513261665,63.97066573434181,-0.5221195508501404,False,not in top-k
exp1_nas_distill_run1_seed42,nas_seed42_004236,nas-candidate,artifacts/candidates/nas_seed42_004236.json,"[4, 5, 4, 4]","[8, 5, 4, 2]",frozen_teacher_decoder,24,2,1,Snake,"[""skip"", ""dil_k3"", ""sep_k5"", ""sep_k5""]","[false, false, true, false]",True,completed,0.69156738743186,0.029299649118911475,2.253146469593048,2.5192544162273407,0.3343595117330551,1.802157275378704,0.08875000255648047,0.9112499974435195,2.580201104283333,True,500,3.007492796421051,0.49396239054203034,2.096114171743393,4.549512272834778,2.591899871826172,0.3184821605682373,1.949817419052124,3.8852906227111816,8725712,572276448,0.572276448,8723576,0.006827940000221133,9.306278659024602e-05,16,"[3, 1, 50]","[1, 1, 16000]","[1, 1024, 50]",,stage3_refined,10,63.19515980350877,0.0,48.35613615348748,14.97078913766314,0.018014834131469343,0.6545815786391586,63.730483138813,-0.5353233353042274,False,not in top-k
exp1_nas_distill_run1_seed42,nas_seed42_004350,nas-candidate,artifacts/candidates/nas_seed42_004350.json,"[10, 4, 4, 2]","[8, 5, 4, 2]",frozen_teacher_decoder,24,2,1,Snake,"[""std_k3"", ""sep_k9"", ""sep_k3"", ""sep_k9""]","[false, false, false, true]",True,completed,0.694707740098238,0.030952734989114106,2.214757114648819,2.5834247320890427,0.3417236991226673,1.8870237097144127,0.07500000129221007,0.9249999987077899,2.602379694581032,True,500,3.029078719139099,0.4958419266939163,2.1332517976760865,4.591546554565429,2.7477104663848877,0.35409122705459595,2.111614227294922,4.157608985900879,8437208,517329600,0.5173296,8435000,0.00743580000125803,7.199486161561e-05,16,"[3, 1, 50]","[1, 1, 16000]","[1, 1024, 50]",,stage3_refined,27,63.27634438343163,0.0,48.413009977591244,14.98606861381455,0.07290065685461182,0.637396651084967,63.82525697616954,-0.5489125927379118,False,not in top-k
exp1_nas_distill_run1_seed42,nas_seed42_004404,nas-candidate,artifacts/candidates/nas_seed42_004404.json,"[10, 4, 4, 2]","[8, 5, 4, 2]",frozen_teacher_decoder,24,4,1,Snake,"[""std_k3"", ""dil_k9"", ""sep_k3"", ""sep_k7""]","[false, true, false, false]",True,completed,0.6929915063083172,0.028962917916942388,2.2815341502428055,2.5908560305833817,0.34590422362089157,1.8688013181090355,0.07333333563292399,0.926666664367076,2.6316810846328735,True,500,3.070393470287323,0.5146655822992325,2.1458433747291563,4.6579807372093205,2.7047805786132812,0.3458077907562256,2.037205219268799,4.069190979003906,8450408,546144336,0.546144336,8448200,0.007508920000691433,0.00012886984681788216,16,"[3, 1, 50]","[1, 1, 16000]","[1, 1024, 50]",,stage3_refined,26,63.268903035664074,0.0,48.41369531452035,14.993000218390284,0.006455612886313272,0.6671019979888599,63.81083009943574,-0.5419270637716693,False,not in top-k
exp1_nas_distill_run1_seed42,nas_seed42_004435,nas-candidate,artifacts/candidates/nas_seed42_004435.json,"[8, 5, 4, 2]","[8, 5, 4, 2]",frozen_teacher_decoder,24,4,1,Snake,"[""dil_k9"", ""sep_k9"", ""sep_k5"", ""dil_k3""]","[true, false, false, false]",True,completed,0.6928164251148701,0.030083571677096188,2.3395902439951897,2.5885877311229706,0.3431532382965088,1.866687387228012,0.0733333348762244,0.9266666651237756,2.610469102859497,True,500,3.0571774158477782,0.5091672761440277,2.1417202448844908,4.637204812049866,2.670841693878174,0.3324629068374634,2.0599119663238525,4.033260345458984,8512520,585043272,0.585043272,8510312,0.007407220000459347,8.332602049376796e-05,16,"[3, 1, 50]","[1, 1, 16000]","[1, 1024, 50]",,stage3_refined,32,63.308444507494144,0.0,48.41070285453734,14.988953769201602,0.04441852494178265,0.6922297130188831,63.84164556651534,-0.5332010590211921,False,not in top-k
exp1_nas_distill_run1_seed42,nas_seed42_004730,nas-candidate,artifacts/candidates/nas_seed42_004730.json,"[8, 5, 4, 2]","[8, 5, 4, 2]",frozen_teacher_decoder,24,4,1,Snake,"[""dil_k5"", ""skip"", ""sep_k7"", ""sep_k9""]","[false, false, true, true]",True,completed,0.6930285543203354,0.032469724596012384,2.322537660598755,2.6237888038158417,0.3501530662178993,1.9398350939154625,0.05750000133411959,0.9424999986658804,2.6511140018701553,True,500,3.044178342819214,0.5001621013879776,2.1617375066280364,4.62520921754837,2.8002867698669434,0.36850476264953613,2.183212995529175,4.260397911071777,8441432,535263648,0.535263648,8439368,0.007188860001042486,2.5704675973301483e-05,16,"[3, 1, 50]","[1, 1, 16000]","[1, 1024, 50]",,stage3_refined,42,63.39659609492685,0.0,48.44962986547345,15.009345431858934,0.12074739792450835,0.6849143155039251,63.94237232538944,-0.5457762304625946,False,not in top-k
exp1_nas_distill_run1_seed42,nas_seed42_004827,nas-candidate,artifacts/candidates/nas_seed42_004827.json,"[8, 5, 4, 2]","[8, 5, 4, 2]",frozen_teacher_decoder,24,2,1,Snake,"[""std_k5"", ""dil_k5"", ""sep_k7"", ""skip""]","[false, false, false, false]",True,completed,0.6935269758105278,0.03196323674637824,2.3141783624887466,2.669800266623497,0.362363837659359,1.953215442597866,0.04500000079860911,0.9549999992013909,2.706263780593872,True,500,3.0439269976615906,0.4990389246940613,2.1583248224258424,4.62212834072113,2.84740948677063,0.37844401597976685,2.207876682281494,4.329792022705078,8407496,554380800,0.5543808,8405864,0.006520659998932388,9.277727286188736e-05,16,"[3, 1, 50]","[1, 1, 16000]","[1, 1024, 50]",,stage3_refined,45,63.43649868775579,0.0,48.48003338570832,15.029639969869224,0.10502568433200955,0.6813086139146778,63.98147393452555,-0.5449752467697676,False,not in top-k
exp1_nas_distill_run1_seed42,nas_seed42_004917,nas-candidate,artifacts/candidates/nas_seed42_004917.json,"[8, 5, 4, 2]","[8, 5, 4, 2]",frozen_teacher_decoder,24,2,1,Snake,"[""std_k7"", ""pw_bottleneck_k3"", ""std_k5"", ""std_k3""]","[false, true, true, false]",True,completed,0.6936066634953022,0.03059270279482007,2.179758407175541,2.5871331095695496,0.34371615946292877,1.8830064311623573,0.07125000149244443,0.9287499985075556,2.609523296356201,True,500,3.072150691986084,0.5136444617509842,2.1537516913414003,4.662671008586884,2.7923424243927,0.3658297061920166,2.1614038944244385,4.2388739585876465,8547752,578612784,0.578612784,8545544,0.0076220600007218305,8.864002830735447e-05,16,"[3, 1, 50]","[1, 1, 16000]","[1, 1024, 50]",,stage3_refined,29,63.281528474931584,0.0,48.41466192982945,14.99043924665751,0.06120080340607491,0.6214679566496812,63.81470243252041,-0.5331739575888291,False,not in top-k
exp1_nas_distill_run1_seed42,nas_seed42_005314,nas-candidate,artifacts/candidates/nas_seed42_005314.json,"[8, 5, 4, 2]","[8, 5, 4, 2]",frozen_teacher_decoder,24,4,1,Snake,"[""std_k7"", ""sep_k5"", ""std_k3"", ""sep_k5""]","[true, true, false, false]",True,completed,0.6933922283351421,0.03021684638224542,2.19468155503273,2.5569101125001907,0.3368760161101818,1.8254399299621582,0.07750000094529241,0.9224999990547076,2.6086061000823975,True,500,3.0405922622680666,0.504100634098053,2.11936896443367,4.604377374649048,2.73468279838562,0.35554713010787964,2.0177886486053467,4.099124431610107,8456840,566227608,0.566227608,8454632,0.007634859999234323,0.00018672869753837436,16,"[3, 1, 50]","[1, 1, 16000]","[1, 1024, 50]",,stage3_refined,18,63.236154656283716,0.0,48.38161655784464,14.985263476006864,0.04883888972364815,0.6282908669550298,63.77315788785871,-0.5370032315749915,False,not in top-k
exp1_nas_distill_run1_seed42,nas_seed42_005500,nas-candidate,artifacts/candidates/nas_seed42_005500.json,"[10, 4, 4, 2]","[8, 5, 4, 2]",frozen_teacher_decoder,24,4,1,Snake,"[""dil_k5"", ""dil_k5"", ""sep_k3"", ""sep_k9""]","[true, false, false, true]",True,completed,0.6944789215922356,0.03209543664706871,2.350999489426613,2.6828479915857315,0.37029560282826424,1.9308516681194305,0.04958333383547142,0.9504166661645286,2.671930506825447,True,500,3.0397926898002625,0.5000657761096954,2.135662766933441,4.60768986082077,2.75398588180542,0.3581286668777466,2.072425365447998,4.148326873779297,8447096,550200072,0.550200072,8444888,0.00762481999990996,3.88241349141325e-05,16,"[3, 1, 50]","[1, 1, 16000]","[1, 1024, 50]",,stage3_refined,49,63.446802923957264,0.0,48.484091681467795,15.019589424699523,0.10915315314667644,0.6970944607715317,63.987429674518246,-0.5406267505609798,False,not in top-k
exp1_nas_distill_run1_seed42,nas_seed42_005582,nas-candidate,artifacts/candidates/nas_seed42_005582.json,"[10, 4, 4, 2]","[8, 5, 4, 2]",frozen_teacher_decoder,24,2,1,Snake,"[""dil_k5"", ""sep_k7"", ""std_k5"", ""sep_k3""]","[false, false, false, true]",True,completed,0.6913524903357029,0.03158090356737375,2.493351638317108,2.6831463426351547,0.3723306767642498,1.9361829683184624,0.05041666777106002,0.94958333222894,2.7145797461271286,True,500,3.0519688324928285,0.5039728137254715,2.1512262976169585,4.631554786682129,2.8047707080841064,0.3731951117515564,2.1750717163085938,4.265501976013184,8473496,550123200,0.5501232,8471288,0.007344739996187855,0.00023598382081828765,16,"[3, 1, 50]","[1, 1, 16000]","[1, 1024, 50]",,stage3_refined,57,63.48139443197526,0.0,48.4866213134338,15.026840709727587,0.09299191407520814,0.7558817532488395,64.02278622355581,-0.5413917915805528,False,not in top-k
exp1_nas_distill_run1_seed42,nas_seed42_005687,nas-candidate,artifacts/candidates/nas_seed42_005687.json,"[8, 5, 4, 2]","[8, 5, 4, 2]",frozen_teacher_decoder,24,2,1,Snake,"[""skip"", ""std_k7"", ""dil_k3"", ""sep_k7""]","[false, true, false, true]",True,completed,0.693240262567997,0.03037954296451062,2.144058547914028,2.534354716539383,0.33071640133857727,1.8712358102202415,0.07791666919365525,0.9220833308063447,2.5856416821479797,True,500,3.0661431450843812,0.5157586842775345,2.1518654098510743,4.657834519863129,2.6403310298919678,0.3316044211387634,2.0415618419647217,3.9927163124084473,8471120,528561936,0.528561936,8468984,0.006961999999475665,8.018361547126311e-05,16,"[3, 1, 50]","[1, 1, 16000]","[1, 1024, 50]",,stage3_refined,13,63.208471261174104,0.0,48.38029319485915,14.980508987754662,0.054208746738899125,0.6049544590179063,63.75630010606789,-0.5478288448937862,False,not in top-k
exp1_nas_distill_run1_seed42,nas_seed42_005722,nas-candidate,artifacts/candidates/nas_seed42_005722.json,"[8, 5, 4, 2]","[8, 5, 4, 2]",frozen_teacher_decoder,24,4,1,Snake,"[""std_k5"", ""std_k5"", ""skip"", ""std_k5""]","[false, false, false, true]",True,completed,0.691160574555397,0.032087850267998874,2.2898466363549232,2.6629114001989365,0.3688374534249306,1.945890873670578,0.06291666824836284,0.9370833317516372,2.6763220876455307,True,500,3.040238924741745,0.499552694439888,2.154695369005203,4.617139313220978,2.8180248737335205,0.3700595498085022,2.17617130279541,4.276169776916504,8586824,568881600,0.5688816,8584904,0.006514700001571327,0.0001266178025515849,16,"[3, 1, 50]","[1, 1, 16000]","[1, 1024, 50]",,stage3_refined,43,63.4164569114859,0.0,48.47829131332101,15.009743881775709,0.10891675580806072,0.6707387526859181,63.95582850019311,-0.5393715887072028,False,not in top-k
exp1_nas_distill_run1_seed42,nas_seed42_005738,nas-candidate,artifacts/candidates/nas_seed42_005738.json,"[8, 5, 4, 2]","[8, 5, 4, 2]",frozen_teacher_decoder,24,4,1,Snake,"[""std_k7"", ""sep_k5"", ""dil_k5"", ""sep_k7""]","[true, false, true, true]",True,completed,0.6922177858650684,0.030227979412302375,2.2325237095355988,2.552068307995796,0.3337496519088745,1.8701135888695717,0.07708333426853642,0.9229166657314636,2.584519386291504,True,500,3.016059736728668,0.4919658739566803,2.1285549829006194,4.572303103923797,2.6072909832000732,0.315595805644989,2.0538628101348877,3.9498181343078613,8481128,573606120,0.57360612,8478920,0.007947780001268256,9.376032256786227e-05,16,"[3, 1, 50]","[1, 1, 16000]","[1, 1024, 50]",,stage3_refined,20,63.25368241264169,0.0,48.38986796112842,14.980958583951876,0.049207259721791116,0.645386562271324,63.78758283827616,-0.5339004256344716,False,not in top-k
exp1_nas_distill_run1_seed42,nas_seed42_005912,nas-candidate,artifacts/candidates/nas_seed42_005912.json,"[8, 5, 4, 2]","[8, 5, 4, 2]",frozen_teacher_decoder,24,4,1,Snake,"[""std_k7"", ""skip"", ""dil_k5"", ""std_k3""]","[true, false, false, true]",True,completed,0.6925759389996529,0.03134171821875498,2.2267721965909004,2.6069212406873703,0.3471050262451172,1.8809479176998138,0.06500000128289685,0.9349999987171032,2.640510320663452,True,500,3.0358883547782898,0.5008330085277557,2.1250444033145905,4.5992435660362245,2.6760575771331787,0.3341977000236511,2.102179765701294,4.061345100402832,8549096,575716872,0.575716872,8547032,0.00715349999954924,0.0001597413924173135,16,"[3, 1, 50]","[1, 1, 16000]","[1, 1024, 50]",,stage3_refined,34,63.32755178662278,0.0,48.42495294373578,15.001341567915375,0.08538935417282022,0.6428069998224278,63.863212324048305,-0.5356605374255258,False,not in top-k
exp1_nas_distill_run1_seed42,nas_seed42_005944,nas-candidate,artifacts/candidates/nas_seed42_005944.json,"[10, 4, 4, 2]","[8, 5, 4, 2]",frozen_teacher_decoder,24,2,1,Snake,"[""std_k7"", ""sep_k9"", ""dil_k3"", ""sep_k7""]","[true, true, false, false]",True,completed,0.6938227452337742,0.02983072167262435,2.1250888779759407,2.503691554069519,0.3211739808320999,1.8050685077905655,0.08166666788747534,0.9183333321125247,2.5367095917463303,True,500,2.991349230289459,0.4860830918550491,2.096142987728119,4.525503807067871,2.6106505393981934,0.31827837228775024,1.9899762868881226,3.923917055130005,8452808,561850008,0.561850008,8450600,0.007608239998808131,0.00022728629179183393,16,"[3, 1, 50]","[1, 1, 16000]","[1, 1024, 50]",,stage3_refined,3,63.15200119489229,0.0,48.342914371828755,14.96795603620569,0.03597808472488555,0.5960675348180765,63.69009777976022,-0.5380965848679304,True,top-k by stage3 refined quality-constrained proxy score
exp1_nas_distill_run1_seed42,nas_seed42_005951,nas-candidate,artifacts/candidates/nas_seed42_005951.json,"[10, 4, 4, 2]","[8, 5, 4, 2]",frozen_teacher_decoder,24,2,1,Snake,"[""dil_k5"", ""dil_k5"", ""std_k7"", ""dil_k5""]","[false, false, false, false]",True,completed,0.694978516548872,0.031973058357834816,2.2940127477049828,2.7013460844755173,0.37941185384988785,1.9432799443602562,0.060000001394655555,0.9399999986053444,2.6666791886091232,True,500,3.0513325033187866,0.5053838850259781,2.149024823188782,4.631228796482086,2.7425928115844727,0.3585975766181946,2.093069553375244,4.1477251052856445,8642600,586368000,0.586368,8640392,0.006943259999388829,0.00019642925218606923,16,"[3, 1, 50]","[1, 1, 16000]","[1, 1024, 50]",,stage3_refined,47,63.44405914892463,0.0,48.50010337584974,15.01027244131095,0.10533291550697262,0.6725564840551076,63.977109456897935,-0.5330503079733055,False,not in top-k
exp1_nas_distill_run1_seed42,nas_seed42_006041,nas-candidate,artifacts/candidates/nas_seed42_006041.json,"[8, 5, 4, 2]","[8, 5, 4, 2]",frozen_teacher_decoder,24,4,1,Snake,"[""std_k5"", ""pw_bottleneck_k3"", ""std_k5"", ""dil_k5""]","[false, false, false, true]",True,completed,0.6963571012020111,0.03322114248294383,2.7657598853111267,2.9512623101472855,0.46938619762659073,2.0125840455293655,0.032500000204890966,0.967499999795109,2.918459862470627,True,500,3.0668101544380186,0.5093766024112701,2.1641017479896547,4.6582376217842105,2.950467348098755,0.4182656407356262,2.265967845916748,4.501716613769531,8623496,567441600,0.5674416,8621288,0.007522820000303909,8.322469545251045e-05,16,"[3, 1, 50]","[1, 1, 16000]","[1, 1024, 50]",,stage3_refined,64,63.81324363282323,0.0,48.668791012507896,15.077383484284754,0.14362578865684383,0.8595693285012164,64.3480915670875,-0.5348479342642617,False,not in top-k
exp1_nas_distill_run1_seed42,nas_seed42_006081,nas-candidate,artifacts/candidates/nas_seed42_006081.json,"[8, 5, 4, 2]","[8, 5, 4, 2]",frozen_teacher_decoder,24,4,1,Snake,"[""dil_k5"", ""skip"", ""sep_k9"", ""pw_bottleneck_k3""]","[false, false, true, false]",True,completed,0.6914143525063992,0.03312646347330883,2.544019564986229,2.7696181535720825,0.39651666581630707,2.020806349813938,0.03750000090803951,0.9624999990919605,2.752292200922966,True,500,3.0948045830726625,0.519167338013649,2.187516984462738,4.707730409145356,2.7310404777526855,0.34724903106689453,2.1938889026641846,4.175233840942383,8423576,533991648,0.533991648,8421512,0.0066818599982070735,0.0006926305410672646,16,"[3, 1, 50]","[1, 1, 16000]","[1, 1024, 50]",,stage3_refined,63,63.60379177149265,0.0,48.558166583738966,15.044072513383485,0.14077175730069497,0.7759992444740238,64.15230169818729,-0.5485099266946317,False,not in top-k
exp1_nas_distill_run1_seed42,nas_seed42_006085,nas-candidate,artifacts/candidates/nas_seed42_006085.json,"[8, 5, 4, 2]","[8, 5, 4, 2]",frozen_teacher_decoder,24,4,1,Snake,"[""std_k5"", ""dil_k3"", ""pw_bottleneck_k3"", ""dil_k3""]","[false, false, false, true]",True,completed,0.6935646794736385,0.03244319814257324,2.420093782246113,2.6744979918003082,0.3698568418622017,1.948470339179039,0.05166666756849736,0.9483333324315026,2.686592161655426,True,500,3.0545989260673525,0.504529261469841,2.156286820888519,4.637271594047546,2.8809971809387207,0.39539021253585815,2.207582473754883,4.380178451538086,8515400,554827200,0.5548272,8513192,0.00712558000232093,0.0003516365710202567,16,"[3, 1, 50]","[1, 1, 16000]","[1, 1024, 50]",,stage3_refined,55,63.47223956346023,0.0,48.4846733593328,15.020658902043385,0.11993010442433592,0.7260602007984586,64.01292644450986,-0.5406868810496324,False,not in top-k
exp1_nas_distill_run1_seed42,nas_seed42_006096,nas-candidate,artifacts/candidates/nas_seed42_006096.json,"[10, 4, 4, 2]","[8, 5, 4, 2]",frozen_teacher_decoder,24,4,1,Snake,"[""std_k3"", ""sep_k7"", ""sep_k5"", ""std_k7""]","[true, false, true, true]",True,completed,0.6937121897935867,0.03048670687712729,2.1637651547789574,2.585007518529892,0.3433268591761589,1.888351634144783,0.07291666831588373,0.9270833316841163,2.620994985103607,True,500,3.014386570930481,0.4919157178401947,2.120297865629196,4.566451215744019,2.7893569469451904,0.369262158870697,2.0806703567504883,4.1989545822143555,8657576,539622120,0.53962212,8655368,0.004746899999736343,0.00019422616655211718,16,"[3, 1, 50]","[1, 1, 16000]","[1, 1024, 50]",,stage3_refined,21,63.255077322617694,0.0,48.414898269413406,14.99129913890297,0.05773004215720516,0.6141037398119825,63.809297677497895,-0.5542203548802038,False,not in top-k
exp1_nas_distill_run1_seed42,nas_seed42_006101,nas-candidate,artifacts/candidates/nas_seed42_006101.json,"[8, 5, 4, 2]","[8, 5, 4, 2]",frozen_teacher_decoder,24,2,1,Snake,"[""dil_k3"", ""sep_k3"", ""sep_k3"", ""dil_k5""]","[false, false, false, false]",True,completed,0.6926721297204494,0.029959014267660677,2.150613598525524,2.5692354142665863,0.3418181389570236,1.8562698289752007,0.0858333352371119,0.9141666647628881,2.5903747230768204,True,500,3.0574298248291014,0.5108560770750046,2.136918492794037,4.636745146751403,2.7850701808929443,0.3732289671897888,2.1052489280700684,4.210923671722412,8582264,536083200,0.5360832,8580056,0.00693223999987822,5.5889517937563545e-05,16,"[3, 1, 50]","[1, 1, 16000]","[1, 1024, 50]",,stage3_refined,16,63.21759061910231,0.0,48.398232184344764,14.975090072857842,0.040269550138213,0.6080071044717758,63.762288249968606,-0.5446976308662939,False,not in top-k
exp1_nas_distill_run1_seed42,nas_seed42_006144,nas-candidate,artifacts/candidates/nas_seed42_006144.json,"[10, 4, 4, 2]","[8, 5, 4, 2]",frozen_teacher_decoder,24,2,1,Snake,"[""dil_k5"", ""sep_k9"", ""std_k7"", ""std_k3""]","[true, false, false, true]",True,completed,0.6933294050395489,0.0307211127365008,2.430440068244934,2.7325854301452637,0.39136433228850365,1.9337997063994408,0.054583334480412304,0.9454166655195877,2.7175691425800323,True,500,3.0655143337249755,0.5093100544214249,2.148024703741074,4.648836723804473,2.970703125,0.42232733964920044,2.2104525566101074,4.498256683349609,8564840,565348872,0.565348872,8562632,0.007354440000199247,4.652756596376229e-05,16,"[3, 1, 50]","[1, 1, 16000]","[1, 1024, 50]",,stage3_refined,58,63.482129678475296,0.0,48.51743201722768,15.024057692048412,0.0653894231587029,0.7303262473858485,64.01891911160281,-0.5367894331275196,False,not in top-k
exp1_nas_distill_run1_seed42,nas_seed42_006303,nas-candidate,artifacts/candidates/nas_seed42_006303.json,"[8, 5, 4, 2]","[8, 5, 4, 2]",frozen_teacher_decoder,24,2,1,Snake,"[""skip"", ""dil_k5"", ""sep_k9"", ""std_k5""]","[false, true, false, true]",True,completed,0.694561280310154,0.02986278897151351,2.121740497648716,2.509663075208664,0.3267620578408241,1.8527107909321785,0.09041666815755889,0.9095833318424411,2.5531552359461784,True,500,3.0124026210308075,0.4944738976955414,2.1227976937294004,4.568275372028351,2.575469970703125,0.31122565269470215,1.9984065294265747,3.8858988285064697,8594864,526929936,0.526929936,8592728,0.006875620000937488,0.0001320668535130663,16,"[3, 1, 50]","[1, 1, 16000]","[1, 1024, 50]",,stage3_refined,4,63.157871515442146,0.0,48.36159276320677,14.964187104394446,0.037052482984522864,0.5944906496998402,63.70470574721184,-0.5468342317696963,True,top-k by stage3 refined quality-constrained proxy score
exp1_nas_distill_run1_seed42,nas_seed42_006530,nas-candidate,artifacts/candidates/nas_seed42_006530.json,"[10, 4, 4, 2]","[8, 5, 4, 2]",frozen_teacher_decoder,24,4,1,Snake,"[""std_k5"", ""std_k3"", ""sep_k3"", ""dil_k5""]","[true, false, true, false]",True,completed,0.6916129179298878,0.03082329675089568,2.4276321828365326,2.657486692070961,0.3638809509575367,1.9501765444874763,0.058750000956933945,0.941249999043066,2.670293554663658,True,500,3.067960087776184,0.5115982036590576,2.1677707035541536,4.663443646430969,2.713399648666382,0.3447577953338623,2.159950017929077,4.138132572174072,8584376,557415720,0.55741572,8582168,0.007662639999762177,0.00017568760468319287,16,"[3, 1, 50]","[1, 1, 16000]","[1, 1024, 50]",,stage3_refined,44,63.428163636908074,0.0,48.47446600718696,15.011949673264313,0.06871008572230018,0.7291702803372119,63.96514390008698,-0.536980263178903,False,not in top-k
exp1_nas_distill_run1_seed42,nas_seed42_006679,nas-candidate,artifacts/candidates/nas_seed42_006679.json,"[8, 5, 4, 2]","[8, 5, 4, 2]",frozen_teacher_decoder,24,2,1,Snake,"[""std_k5"", ""sep_k7"", ""sep_k5"", ""sep_k7""]","[false, true, false, true]",True,completed,0.6927457302808762,0.03221808804664761,2.3476850241422653,2.691860243678093,0.3717725984752178,1.9480523392558098,0.051666667975950986,0.948333332024049,2.685169503092766,True,500,3.040369559288025,0.4988622187376022,2.147761293411255,4.613112417221069,2.788715362548828,0.3680335283279419,2.158069133758545,4.235783576965332,8442968,540485136,0.540485136,8440760,0.005410960000881459,0.0012417382409672794,16,"[3, 1, 50]","[1, 1, 16000]","[1, 1024, 50]",,stage3_refined,48,63.44576091867382,0.0,48.49328892119183,15.020394061487213,0.1129673290562294,0.6956836549068144,63.99887357305687,-0.553112654383047,False,not in top-k
exp1_nas_distill_run1_seed42,nas_seed42_006833,nas-candidate,artifacts/candidates/nas_seed42_006833.json,"[10, 4, 4, 2]","[8, 5, 4, 2]",frozen_teacher_decoder,24,2,1,Snake,"[""std_k7"", ""pw_bottleneck_k3"", ""std_k3"", ""sep_k5""]","[true, false, false, false]",True,completed,0.6934708058834076,0.029907774704042822,2.240253232419491,2.583633705973625,0.34983140230178833,1.843886524438858,0.07708333607297391,0.9229166639270261,2.6171457171440125,True,500,3.0447999987602232,0.5077013130187988,2.1205817861557006,4.612792211055756,2.6038687229156494,0.32862305641174316,1.9940135478973389,3.9294986724853516,8450936,559891272,0.559891272,8448728,0.004417100000136997,0.00020354129041207675,16,"[3, 1, 50]","[1, 1, 16000]","[1, 1024, 50]",,stage3_refined,19,63.250414874019505,0.0,48.40559827078268,14.98723095069637,0.0385577637868864,0.6488428180510102,63.80526957058179,-0.554854696562285,False,not in top-k
exp1_nas_distill_run1_seed42,nas_seed42_006958,nas-candidate,artifacts/candidates/nas_seed42_006958.json,"[10, 4, 4, 2]","[8, 5, 4, 2]",frozen_teacher_decoder,24,2,1,Snake,"[""std_k3"", ""sep_k5"", ""std_k5"", ""std_k5""]","[true, false, true, true]",True,completed,0.6935552395880222,0.03050900175003335,2.136570192873478,2.5506001114845276,0.3357890248298645,1.86479040235281,0.08250000252155587,0.9174999974784441,2.5865979343652725,True,500,3.0227112498283386,0.49640731859207154,2.123058626174927,4.580647882461548,2.673271417617798,0.3351467251777649,2.05387020111084,4.035353183746338,8619944,546649320,0.54664932,8617736,0.005054799999925308,0.0009525619792019355,16,"[3, 1, 50]","[1, 1, 16000]","[1, 1024, 50]",,stage3_refined,15,63.21044403142227,0.0,48.38877183800122,14.977027202748856,0.05846107305759894,0.6014557380903133,63.761749127438826,-0.5513050960165528,False,not in top-k
exp1_nas_distill_run1_seed42,nas_seed42_007347,nas-candidate,artifacts/candidates/nas_seed42_007347.json,"[8, 5, 4, 2]","[8, 5, 4, 2]",frozen_teacher_decoder,24,2,1,Snake,"[""std_k3"", ""dil_k3"", ""sep_k9"", ""sep_k9""]","[true, false, false, true]",True,completed,0.6924280375242233,0.029747570515610278,2.2317099049687386,2.5216956436634064,0.32944078743457794,1.843229241669178,0.07666666887234896,0.923333331127651,2.591257765889168,True,500,3.0297473425865173,0.49975347566604617,2.1223475351333616,4.590674583911896,2.5332119464874268,0.30430179834365845,1.9395723342895508,3.807299852371216,8446520,531076872,0.531076872,8444312,0.0073545799983548935,5.703442455184202e-05,16,"[3, 1, 50]","[1, 1, 16000]","[1, 1024, 50]",,stage3_refined,14,63.20966291455338,0.0,48.366106372792984,14.98259382382911,0.03318675896010183,0.6450219735664539,63.75562543613803,-0.5459625215846542,False,not in top-k
exp1_nas_distill_run1_seed42,nas_seed42_007401,nas-candidate,artifacts/candidates/nas_seed42_007401.json,"[10, 4, 4, 2]","[8, 5, 4, 2]",frozen_teacher_decoder,24,4,1,Snake,"[""dil_k5"", ""dil_k5"", ""dil_k3"", ""pw_bottleneck_k3""]","[false, true, false, false]",True,completed,0.691669262945652,0.032012434443458915,2.415603131055832,2.6563181281089783,0.36252396926283836,1.9402146264910698,0.05541666713543236,0.9445833328645676,2.673733666539192,True,500,3.055251925945282,0.504765985250473,2.1562033894062043,4.638119611263275,2.670111656188965,0.33610838651657104,2.1002485752105713,4.056344509124756,8447240,555801936,0.555801936,8445032,0.007287360000191256,4.94652039309774e-05,16,"[3, 1, 50]","[1, 1, 16000]","[1, 1024, 50]",,stage3_refined,46,63.44365198777121,0.0,48.47069907753565,15.015260070641052,0.10656369732550237,0.7242029080186663,63.984419111383204,-0.5407671236119915,False,not in top-k
exp1_nas_distill_run1_seed42,nas_seed42_007573,nas-candidate,artifacts/candidates/nas_seed42_007573.json,"[10, 4, 4, 2]","[8, 5, 4, 2]",frozen_teacher_decoder,24,4,1,Snake,"[""std_k5"", ""pw_bottleneck_k3"", ""dil_k5"", ""sep_k7""]","[false, false, false, true]",True,completed,0.6919303052127361,0.032909938134253025,2.358622185885906,2.693563386797905,0.374816358089447,1.9834239408373833,0.05666666745673865,0.9433333325432613,2.69603668153286,True,500,3.0610368995666506,0.5078741147518158,2.173069171190262,4.655445595741272,2.8807404041290283,0.39368903636932373,2.271097421646118,4.409977912902832,8473160,548510400,0.5485104,8470952,0.005447060002188664,0.0008506156278514696,16,"[3, 1, 50]","[1, 1, 16000]","[1, 1024, 50]",,stage3_refined,56,63.47299179148768,0.0,48.50456707293574,15.018413533530378,0.13421397675094865,0.700331537395141,64.02370791495377,-0.5507161234660939,False,not in top-k
exp1_nas_distill_run1_seed42,nas_seed42_007792,nas-candidate,artifacts/candidates/nas_seed42_007792.json,"[10, 4, 4, 2]","[8, 5, 4, 2]",frozen_teacher_decoder,24,2,1,Snake,"[""std_k7"", ""std_k5"", ""dil_k3"", ""sep_k9""]","[true, true, false, true]",True,completed,0.6916904486715794,0.03035255882423371,2.157073885202408,2.5089602023363113,0.3248426429927349,1.834203265607357,0.07958333514397964,0.9204166648560204,2.571817636489868,True,500,2.9969401788711547,0.48510732579231264,2.111981536626816,4.538038278102875,2.7397029399871826,0.35453104972839355,2.1000263690948486,4.144247055053711,8466488,575966808,0.575966808,8464280,0.007542580000881571,0.00020363880321034117,16,"[3, 1, 50]","[1, 1, 16000]","[1, 1024, 50]",,stage3_refined,11,63.19518358920676,0.0,48.355277099032755,14.976495250184472,0.053320118113910506,0.6110065288936459,63.73036833742176,-0.5351847482149985,False,not in top-k
exp1_nas_distill_run1_seed42,nas_seed42_007812,nas-candidate,artifacts/candidates/nas_seed42_007812.json,"[4, 5, 4, 4]","[8, 5, 4, 2]",frozen_teacher_decoder,24,2,1,Snake,"[""dil_k5"", ""pw_bottleneck_k3"", ""sep_k3"", ""sep_k5""]","[false, false, true, false]",True,completed,0.6907283514738083,0.029719398356974125,2.277155250310898,2.568225547671318,0.34658241644501686,1.8385967314243317,0.07041666901204735,0.9295833309879526,2.6208836138248444,True,500,3.0256075892448426,0.4971403837203979,2.1170091371536257,4.581252530097961,2.478318214416504,0.29549694061279297,1.927411437034607,3.737520933151245,8723240,596890848,0.596890848,8721032,0.004884279998077545,0.0007406501833925471,16,"[3, 1, 50]","[1, 1, 16000]","[1, 1024, 50]",,stage3_refined,25,63.266735430424625,0.0,48.39535937145357,14.993277891902293,0.03223926957976665,0.6651808750985188,63.80708935016284,-0.5403539197382179,False,not in top-k
exp1_nas_distill_run1_seed42,nas_seed42_007851,nas-candidate,artifacts/candidates/nas_seed42_007851.json,"[8, 5, 4, 2]","[8, 5, 4, 2]",frozen_teacher_decoder,24,4,1,Snake,"[""dil_k3"", ""dil_k3"", ""sep_k9"", ""dil_k3""]","[true, false, false, true]",True,completed,0.6921651177108288,0.029813242377713323,2.2037590071558952,2.516852840781212,0.32833854109048843,1.832902915775776,0.07750000187661499,0.922499998123385,2.5800869315862656,True,500,3.0027043557167055,0.49052417171001433,2.111711153268814,4.549084112167359,2.602883815765381,0.32277750968933105,2.0089893341064453,3.9301559925079346,8518136,538276872,0.538276872,8515928,0.004704320001474116,0.00018444613809567544,16,"[3, 1, 50]","[1, 1, 16000]","[1, 1024, 50]",,stage3_refined,7,63.18415405616147,0.0,48.36043946134447,14.9797670129504,0.035391963540965785,0.6324184503030311,63.740892722601274,-0.5567386664398041,True,top-k by stage3 refined quality-constrained proxy score
exp1_nas_distill_run1_seed42,nas_seed42_007861,nas-candidate,artifacts/candidates/nas_seed42_007861.json,"[10, 4, 4, 2]","[8, 5, 4, 2]",frozen_teacher_decoder,24,2,1,Snake,"[""dil_k5"", ""sep_k7"", ""std_k5"", ""sep_k9""]","[true, false, false, false]",True,completed,0.6936025768518448,0.030494992504827678,2.074497304856777,2.4661168307065964,0.3151415139436722,1.7977342009544373,0.09666666795965284,0.9033333320403472,2.505038768053055,True,500,2.9768236455917356,0.477748862862587,2.096818358898163,4.502981695175171,2.5686182975769043,0.3172563314437866,1.984771728515625,3.878260612487793,8470088,550598472,0.550598472,8467880,0.007280400001036469,0.0001242742296773936,16,"[3, 1, 50]","[1, 1, 16000]","[1, 1024, 50]",,stage3_refined,2,63.10577520809604,0.0,48.31971663201678,14.949674239037268,0.05800178360866855,0.571972769999163,63.64737560321875,-0.5416003951227034,True,top-k by stage3 refined quality-constrained proxy score
exp1_nas_distill_run1_seed42,nas_seed42_007901,nas-candidate,artifacts/candidates/nas_seed42_007901.json,"[8, 5, 4, 2]","[8, 5, 4, 2]",frozen_teacher_decoder,24,4,1,Snake,"[""dil_k9"", ""sep_k9"", ""pw_bottleneck_k3"", ""dil_k5""]","[false, false, false, false]",True,completed,0.6937053054571152,0.0319357099942863,2.248896300792694,2.6262097507715225,0.3539780415594578,1.9020487815141678,0.06333333457587287,0.9366666654241271,2.644372880458832,True,500,3.04510298204422,0.503043981552124,2.134831710577011,4.615562820434571,2.8789916038513184,0.3982478380203247,2.1631836891174316,4.358831405639648,8582744,590688000,0.590688,8580536,0.006164459999126848,0.0011891132530868604,16,"[3, 1, 50]","[1, 1, 16000]","[1, 1024, 50]",,stage3_refined,37,63.36376115325641,0.0,48.442813394611775,15.003405770883242,0.10416411289151499,0.6526934712711222,63.900333715992595,-0.5365725627361818,False,not in top-k
exp1_nas_distill_run1_seed42,nas_seed42_008080,nas-candidate,artifacts/candidates/nas_seed42_008080.json,"[10, 4, 4, 2]","[8, 5, 4, 2]",frozen_teacher_decoder,24,2,1,Snake,"[""dil_k9"", ""dil_k3"", ""sep_k9"", ""sep_k7""]","[true, true, false, false]",True,completed,0.6928500048816204,0.03096933849155903,2.3040402829647064,2.639520972967148,0.3582739867269993,1.9401741921901703,0.05750000098487362,0.9424999990151264,2.6770202070474625,True,500,3.0799894380569457,0.5167665935754776,2.1721247646808624,4.6828184084892275,2.8633203506469727,0.39082223176956177,2.195035696029663,4.351660251617432,8440664,579936408,0.579936408,8438456,0.004639980000501964,0.00017175144142420965,16,"[3, 1, 50]","[1, 1, 16000]","[1, 1024, 50]",,stage3_refined,38,63.37606932547976,0.0,48.46095140546395,15.014207623725465,0.07343692774831868,0.6769181349929364,63.92537206683417,-0.5493027413544075,False,not in top-k
