model,sample_id,L,cer_vs_gt,cer_vs_original_whisper,gt_len,hyp_len
base,BAC009S0764W0472,1,1.0,1.0,19,19
base,BAC009S0764W0472,2,0.9473684210526315,0.95,19,19
base,BAC009S0764W0472,3,0.5263157894736842,0.6,19,19
lca,BAC009S0764W0472,1,0.9473684210526315,0.95,19,19
lca,BAC009S0764W0472,2,0.7368421052631579,0.75,19,19
lca,BAC009S0764W0472,3,0.5789473684210527,0.7,19,19
base,BAC009S0765W0221,1,1.7692307692307692,1.7692307692307692,13,23
base,BAC009S0765W0221,2,0.8461538461538461,0.8461538461538461,13,15
base,BAC009S0765W0221,3,0.6153846153846154,0.6153846153846154,13,13
lca,BAC009S0765W0221,1,1.2307692307692308,1.2307692307692308,13,16
lca,BAC009S0765W0221,2,1.0,1.0,13,3
lca,BAC009S0765W0221,3,0.07692307692307693,0.07692307692307693,13,13
base,BAC009S0766W0412,1,1.0,1.0,11,9
base,BAC009S0766W0412,2,0.8181818181818182,0.7272727272727273,11,11
base,BAC009S0766W0412,3,0.6363636363636364,0.18181818181818182,11,11
lca,BAC009S0766W0412,1,1.0,1.0,11,1
lca,BAC009S0766W0412,2,0.45454545454545453,0.45454545454545453,11,11
lca,BAC009S0766W0412,3,0.6363636363636364,0.2727272727272727,11,11
base,BAC009S0767W0461,1,1.0,1.0,20,21
base,BAC009S0767W0461,2,0.6,0.3,20,19
base,BAC009S0767W0461,3,0.55,0.15,20,20
lca,BAC009S0767W0461,1,1.55,1.55,20,31
lca,BAC009S0767W0461,2,0.55,0.3,20,22
lca,BAC009S0767W0461,3,0.65,0.4,20,22
base,BAC009S0768W0264,1,1.4666666666666666,1.3529411764705883,15,23
base,BAC009S0768W0264,2,0.3333333333333333,0.17647058823529413,15,17
base,BAC009S0768W0264,3,0.3333333333333333,0.11764705882352941,15,17
lca,BAC009S0768W0264,1,1.3333333333333333,1.1764705882352942,15,20
lca,BAC009S0768W0264,2,0.4,0.23529411764705882,15,18
lca,BAC009S0768W0264,3,0.5333333333333333,0.29411764705882354,15,17
base,BAC009S0769W0122,1,1.0,1.0,14,2
base,BAC009S0769W0122,2,2.9285714285714284,2.9285714285714284,14,41
base,BAC009S0769W0122,3,0.21428571428571427,0.21428571428571427,14,14
lca,BAC009S0769W0122,1,1.0,1.0,14,4
lca,BAC009S0769W0122,2,0.07142857142857142,0.07142857142857142,14,14
lca,BAC009S0769W0122,3,0.07142857142857142,0.07142857142857142,14,14
base,BAC009S0770W0122,1,1.2,1.2,10,12
base,BAC009S0770W0122,2,0.7,0.7,10,10
base,BAC009S0770W0122,3,0.1,0.1,10,10
lca,BAC009S0770W0122,1,1.0,1.0,10,2
lca,BAC009S0770W0122,2,0.5,0.5,10,10
lca,BAC009S0770W0122,3,0.5,0.5,10,10
base,BAC009S0901W0435,1,0.6111111111111112,0.5555555555555556,18,19
base,BAC009S0901W0435,2,0.4444444444444444,0.6666666666666666,18,21
base,BAC009S0901W0435,3,0.16666666666666666,0.4444444444444444,18,18
lca,BAC009S0901W0435,1,0.4444444444444444,0.2777777777777778,18,18
lca,BAC009S0901W0435,2,0.16666666666666666,0.4444444444444444,18,18
lca,BAC009S0901W0435,3,0.1111111111111111,0.3333333333333333,18,18
base,BAC009S0902W0426,1,1.5555555555555556,1.5555555555555556,9,14
base,BAC009S0902W0426,2,0.4444444444444444,0.0,9,9
base,BAC009S0902W0426,3,0.4444444444444444,0.0,9,9
lca,BAC009S0902W0426,1,1.0,1.0,9,3
lca,BAC009S0902W0426,2,0.2222222222222222,0.4444444444444444,9,9
lca,BAC009S0902W0426,3,0.4444444444444444,0.0,9,9
base,BAC009S0903W0256,1,1.1176470588235294,1.1176470588235294,17,19
base,BAC009S0903W0256,2,0.5294117647058824,0.5294117647058824,17,19
base,BAC009S0903W0256,3,0.47058823529411764,0.47058823529411764,17,20
lca,BAC009S0903W0256,1,1.411764705882353,1.411764705882353,17,24
lca,BAC009S0903W0256,2,0.47058823529411764,0.47058823529411764,17,17
lca,BAC009S0903W0256,3,0.5294117647058824,0.5294117647058824,17,18
base,BAC009S0904W0409,1,1.6666666666666667,1.6666666666666667,12,20
base,BAC009S0904W0409,2,1.0,1.0,12,7
base,BAC009S0904W0409,3,1.0,1.0,12,11
lca,BAC009S0904W0409,1,1.0,1.0,12,11
lca,BAC009S0904W0409,2,1.0,1.0,12,11
lca,BAC009S0904W0409,3,0.9166666666666666,0.9166666666666666,12,11
base,BAC009S0905W0304,1,1.3636363636363635,1.3636363636363635,11,16
base,BAC009S0905W0304,2,0.45454545454545453,0.45454545454545453,11,10
base,BAC009S0905W0304,3,1.0,1.0,11,12
lca,BAC009S0905W0304,1,0.6363636363636364,0.6363636363636364,11,9
lca,BAC009S0905W0304,2,0.5454545454545454,0.5454545454545454,11,9
lca,BAC009S0905W0304,3,0.45454545454545453,0.45454545454545453,11,11
base,BAC009S0906W0340,1,1.0,1.0,16,9
base,BAC009S0906W0340,2,1.0,1.0,16,14
base,BAC009S0906W0340,3,1.5625,1.5625,16,26
lca,BAC009S0906W0340,1,1.0,1.0,16,11
lca,BAC009S0906W0340,2,1.0,1.0,16,11
lca,BAC009S0906W0340,3,0.625,0.625,16,18
base,BAC009S0907W0481,1,1.9411764705882353,1.9411764705882353,17,33
base,BAC009S0907W0481,2,0.8235294117647058,0.7647058823529411,17,20
base,BAC009S0907W0481,3,0.7647058823529411,0.8235294117647058,17,19
lca,BAC009S0907W0481,1,1.6470588235294117,1.6470588235294117,17,28
lca,BAC009S0907W0481,2,0.5882352941176471,0.5294117647058824,17,16
lca,BAC009S0907W0481,3,0.35294117647058826,0.29411764705882354,17,17
base,BAC009S0908W0433,1,1.0,1.0,20,6
base,BAC009S0908W0433,2,0.6,0.5263157894736842,20,19
base,BAC009S0908W0433,3,0.5,0.47368421052631576,20,19
lca,BAC009S0908W0433,1,2.15,2.263157894736842,20,43
lca,BAC009S0908W0433,2,0.9,0.5789473684210527,20,20
lca,BAC009S0908W0433,3,0.6,0.21052631578947367,20,19
base,BAC009S0912W0134,1,1.0,1.0,15,6
base,BAC009S0912W0134,2,0.4666666666666667,0.26666666666666666,15,17
base,BAC009S0912W0134,3,0.3333333333333333,0.0,15,15
lca,BAC009S0912W0134,1,1.2,1.2,15,18
lca,BAC009S0912W0134,2,0.4666666666666667,0.3333333333333333,15,16
lca,BAC009S0912W0134,3,0.2,0.4666666666666667,15,16
base,BAC009S0913W0143,1,1.1875,1.1875,16,21
base,BAC009S0913W0143,2,0.4375,0.125,16,16
base,BAC009S0913W0143,3,0.4375,0.125,16,16
lca,BAC009S0913W0143,1,1.0625,1.0625,16,20
lca,BAC009S0913W0143,2,0.375,0.0625,16,16
lca,BAC009S0913W0143,3,0.375,0.0625,16,16
base,BAC009S0914W0221,1,1.6666666666666667,1.6666666666666667,12,20
base,BAC009S0914W0221,2,0.8333333333333334,0.8333333333333334,12,13
base,BAC009S0914W0221,3,0.6666666666666666,0.6666666666666666,12,14
lca,BAC009S0914W0221,1,3.8333333333333335,3.8333333333333335,12,46
lca,BAC009S0914W0221,2,0.9166666666666666,0.9166666666666666,12,14
lca,BAC009S0914W0221,3,0.8333333333333334,0.8333333333333334,12,12
base,BAC009S0915W0171,1,1.0,1.0,14,9
base,BAC009S0915W0171,2,0.5,0.35294117647058826,14,16
base,BAC009S0915W0171,3,0.07142857142857142,0.11764705882352941,14,15
lca,BAC009S0915W0171,1,1.4285714285714286,1.1764705882352942,14,20
lca,BAC009S0915W0171,2,0.14285714285714285,0.11764705882352941,14,16
lca,BAC009S0915W0171,3,0.0,0.17647058823529413,14,14
base,BAC009S0916W0131,1,1.25,1.25,8,10
base,BAC009S0916W0131,2,0.25,0.125,8,8
base,BAC009S0916W0131,3,0.25,0.25,8,7
lca,BAC009S0916W0131,1,1.0,1.0,8,6
lca,BAC009S0916W0131,2,0.25,0.125,8,8
lca,BAC009S0916W0131,3,0.25,0.25,8,7
base,BAC009S0764W0450,1,4.666666666666667,4.666666666666667,9,42
base,BAC009S0764W0450,2,0.1111111111111111,0.0,9,9
base,BAC009S0764W0450,3,0.1111111111111111,0.0,9,9
lca,BAC009S0764W0450,1,1.7777777777777777,1.7777777777777777,9,16
lca,BAC009S0764W0450,2,0.1111111111111111,0.0,9,9
lca,BAC009S0764W0450,3,0.1111111111111111,0.0,9,9
base,BAC009S0765W0353,1,1.0833333333333333,1.0833333333333333,12,13
base,BAC009S0765W0353,2,2.5,2.5,12,30
base,BAC009S0765W0353,3,0.16666666666666666,0.16666666666666666,12,12
lca,BAC009S0765W0353,1,1.1666666666666667,1.1666666666666667,12,14
lca,BAC009S0765W0353,2,1.0833333333333333,1.0833333333333333,12,14
lca,BAC009S0765W0353,3,0.4166666666666667,0.4166666666666667,12,12
base,BAC009S0766W0409,1,2.5714285714285716,2.5714285714285716,14,36
base,BAC009S0766W0409,2,1.1428571428571428,1.1428571428571428,14,16
base,BAC009S0766W0409,3,0.35714285714285715,0.35714285714285715,14,14
lca,BAC009S0766W0409,1,1.0,1.0,14,14
lca,BAC009S0766W0409,2,0.42857142857142855,0.42857142857142855,14,13
lca,BAC009S0766W0409,3,0.21428571428571427,0.21428571428571427,14,14
base,BAC009S0767W0184,1,1.6666666666666667,1.6666666666666667,15,26
base,BAC009S0767W0184,2,0.5333333333333333,0.5333333333333333,15,17
base,BAC009S0767W0184,3,0.4666666666666667,0.4666666666666667,15,17
lca,BAC009S0767W0184,1,1.0,1.0,15,16
lca,BAC009S0767W0184,2,0.8,0.8,15,17
lca,BAC009S0767W0184,3,0.26666666666666666,0.26666666666666666,15,17
base,BAC009S0768W0280,1,1.25,1.1538461538461537,24,31
base,BAC009S0768W0280,2,0.16666666666666666,0.23076923076923078,24,24
base,BAC009S0768W0280,3,0.125,0.19230769230769232,24,24
lca,BAC009S0768W0280,1,0.875,0.7307692307692307,24,27
lca,BAC009S0768W0280,2,0.08333333333333333,0.15384615384615385,24,24
lca,BAC009S0768W0280,3,0.041666666666666664,0.07692307692307693,24,24
base,BAC009S0769W0251,1,1.0,1.0,16,9
base,BAC009S0769W0251,2,0.3125,0.35294117647058826,16,16
base,BAC009S0769W0251,3,0.3125,0.35294117647058826,16,15
lca,BAC009S0769W0251,1,0.9375,0.9411764705882353,16,16
lca,BAC009S0769W0251,2,0.0625,0.11764705882352941,16,16
lca,BAC009S0769W0251,3,0.375,0.4117647058823529,16,15
base,BAC009S0770W0128,1,2.5,2.5,8,20
base,BAC009S0770W0128,2,0.625,0.625,8,7
base,BAC009S0770W0128,3,0.0,0.125,8,8
lca,BAC009S0770W0128,1,3.25,3.25,8,26
lca,BAC009S0770W0128,2,0.5,0.625,8,8
lca,BAC009S0770W0128,3,0.375,0.375,8,8
base,BAC009S0901W0264,1,1.0,1.0,9,9
base,BAC009S0901W0264,2,0.3333333333333333,0.3333333333333333,9,9
base,BAC009S0901W0264,3,0.0,0.0,9,9
lca,BAC009S0901W0264,1,0.6666666666666666,0.6666666666666666,9,6
lca,BAC009S0901W0264,2,0.0,0.0,9,9
lca,BAC009S0901W0264,3,0.3333333333333333,0.3333333333333333,9,9
base,BAC009S0902W0339,1,1.0,1.0,12,12
base,BAC009S0902W0339,2,0.5,0.25,12,13
base,BAC009S0902W0339,3,0.5833333333333334,0.5,12,12
lca,BAC009S0902W0339,1,2.0833333333333335,2.0833333333333335,12,25
lca,BAC009S0902W0339,2,0.5,0.3333333333333333,12,12
lca,BAC009S0902W0339,3,0.4166666666666667,0.16666666666666666,12,12
base,BAC009S0903W0231,1,2.933333333333333,2.75,15,44
base,BAC009S0903W0231,2,0.8,0.8125,15,13
base,BAC009S0903W0231,3,0.5333333333333333,0.3125,15,17
lca,BAC009S0903W0231,1,4.266666666666667,4.0,15,64
lca,BAC009S0903W0231,2,3.6,3.3125,15,54
lca,BAC009S0903W0231,3,0.6666666666666666,0.5,15,17
base,BAC009S0904W0366,1,1.85,1.85,20,38
base,BAC009S0904W0366,2,0.15,0.15,20,20
base,BAC009S0904W0366,3,0.3,0.3,20,21
lca,BAC009S0904W0366,1,2.05,2.05,20,41
lca,BAC009S0904W0366,2,0.5,0.55,20,21
lca,BAC009S0904W0366,3,0.5,0.55,20,21
base,BAC009S0905W0157,1,2.3,2.3,10,23
base,BAC009S0905W0157,2,1.3,1.3,10,13
base,BAC009S0905W0157,3,1.7,1.7,10,18
lca,BAC009S0905W0157,1,2.3,2.3,10,23
lca,BAC009S0905W0157,2,1.4,1.4,10,14
lca,BAC009S0905W0157,3,3.1,3.1,10,31
base,BAC009S0906W0362,1,2.5555555555555554,2.5555555555555554,9,23
base,BAC009S0906W0362,2,3.4444444444444446,3.4444444444444446,9,31
base,BAC009S0906W0362,3,0.7777777777777778,0.6666666666666666,9,9
lca,BAC009S0906W0362,1,1.6666666666666667,1.6666666666666667,9,15
lca,BAC009S0906W0362,2,1.2222222222222223,1.2222222222222223,9,11
lca,BAC009S0906W0362,3,1.0,0.8888888888888888,9,9
base,BAC009S0907W0325,1,1.9411764705882353,1.9411764705882353,17,34
base,BAC009S0907W0325,2,0.058823529411764705,0.058823529411764705,17,17
base,BAC009S0907W0325,3,0.058823529411764705,0.058823529411764705,17,17
lca,BAC009S0907W0325,1,1.0,1.0,17,9
lca,BAC009S0907W0325,2,0.0,0.0,17,17
lca,BAC009S0907W0325,3,0.0,0.0,17,17
base,BAC009S0908W0443,1,0.85,0.8095238095238095,20,20
base,BAC009S0908W0443,2,0.6,0.6190476190476191,20,19
base,BAC009S0908W0443,3,0.3,0.23809523809523808,20,20
lca,BAC009S0908W0443,1,1.5,1.4285714285714286,20,30
lca,BAC009S0908W0443,2,0.6,0.6190476190476191,20,17
lca,BAC009S0908W0443,3,0.55,0.5714285714285714,20,20
base,BAC009S0912W0431,1,1.2380952380952381,1.2380952380952381,21,26
base,BAC009S0912W0431,2,0.7142857142857143,0.7142857142857143,21,24
base,BAC009S0912W0431,3,0.14285714285714285,0.09523809523809523,21,21
lca,BAC009S0912W0431,1,2.4285714285714284,2.4285714285714284,21,52
lca,BAC009S0912W0431,2,0.2857142857142857,0.38095238095238093,21,22
lca,BAC009S0912W0431,3,0.38095238095238093,0.3333333333333333,21,21
base,BAC009S0913W0271,1,1.0,1.0,11,9
base,BAC009S0913W0271,2,1.4545454545454546,1.4545454545454546,11,16
base,BAC009S0913W0271,3,0.8181818181818182,0.8181818181818182,11,13
lca,BAC009S0913W0271,1,4.454545454545454,4.454545454545454,11,49
lca,BAC009S0913W0271,2,1.0909090909090908,1.0909090909090908,11,13
lca,BAC009S0913W0271,3,0.18181818181818182,0.18181818181818182,11,11
base,BAC009S0914W0355,1,2.1538461538461537,2.0,13,28
base,BAC009S0914W0355,2,1.1538461538461537,1.0714285714285714,13,15
base,BAC009S0914W0355,3,0.8461538461538461,0.8571428571428571,13,13
lca,BAC009S0914W0355,1,2.3846153846153846,2.2142857142857144,13,31
lca,BAC009S0914W0355,2,1.5384615384615385,1.4285714285714286,13,20
lca,BAC009S0914W0355,3,0.8461538461538461,0.8571428571428571,13,13
base,BAC009S0915W0248,1,0.7692307692307693,0.46153846153846156,13,12
base,BAC009S0915W0248,2,0.3076923076923077,0.7692307692307693,13,13
base,BAC009S0915W0248,3,0.3076923076923077,0.7692307692307693,13,13
lca,BAC009S0915W0248,1,0.7692307692307693,0.8461538461538461,13,12
lca,BAC009S0915W0248,2,0.23076923076923078,0.6153846153846154,13,12
lca,BAC009S0915W0248,3,0.15384615384615385,0.46153846153846156,13,13
base,BAC009S0916W0190,1,1.0,1.0,13,7
base,BAC009S0916W0190,2,1.5384615384615385,1.5384615384615385,13,20
base,BAC009S0916W0190,3,0.3076923076923077,0.3076923076923077,13,14
lca,BAC009S0916W0190,1,1.0769230769230769,1.0769230769230769,13,14
lca,BAC009S0916W0190,2,1.3846153846153846,1.3846153846153846,13,18
lca,BAC009S0916W0190,3,0.5384615384615384,0.5384615384615384,13,14
base,BAC009S0764W0484,1,1.3529411764705883,1.2105263157894737,17,23
base,BAC009S0764W0484,2,0.7058823529411765,0.42105263157894735,17,18
base,BAC009S0764W0484,3,0.47058823529411764,0.47368421052631576,17,19
lca,BAC009S0764W0484,1,1.2941176470588236,1.1578947368421053,17,22
lca,BAC009S0764W0484,2,0.6470588235294118,0.47368421052631576,17,18
lca,BAC009S0764W0484,3,0.5882352941176471,0.42105263157894735,17,18
base,BAC009S0765W0390,1,1.0,1.0,20,2
base,BAC009S0765W0390,2,0.3,0.391304347826087,20,21
base,BAC009S0765W0390,3,0.3,0.391304347826087,20,21
lca,BAC009S0765W0390,1,2.85,2.4782608695652173,20,59
lca,BAC009S0765W0390,2,0.15,0.08695652173913043,20,22
lca,BAC009S0765W0390,3,0.2,0.043478260869565216,20,23
base,BAC009S0766W0186,1,2.0714285714285716,2.0714285714285716,14,29
base,BAC009S0766W0186,2,1.2142857142857142,1.0714285714285714,14,18
base,BAC009S0766W0186,3,0.5714285714285714,0.5714285714285714,14,14
lca,BAC009S0766W0186,1,1.1428571428571428,1.1428571428571428,14,16
lca,BAC009S0766W0186,2,1.2142857142857142,1.1428571428571428,14,17
lca,BAC009S0766W0186,3,0.7142857142857143,0.7142857142857143,14,14
base,BAC009S0767W0409,1,2.8333333333333335,2.8333333333333335,6,17
base,BAC009S0767W0409,2,1.0,1.0,6,6
base,BAC009S0767W0409,3,0.8333333333333334,0.6666666666666666,6,7
lca,BAC009S0767W0409,1,4.0,4.0,6,24
lca,BAC009S0767W0409,2,3.5,3.5,6,21
lca,BAC009S0767W0409,3,1.0,0.8333333333333334,6,7
base,BAC009S0768W0214,1,0.75,0.6470588235294118,16,17
base,BAC009S0768W0214,2,0.25,0.29411764705882354,16,16
base,BAC009S0768W0214,3,0.125,0.17647058823529413,16,16
lca,BAC009S0768W0214,1,0.75,0.7647058823529411,16,9
lca,BAC009S0768W0214,2,0.125,0.17647058823529413,16,16
lca,BAC009S0768W0214,3,0.0625,0.11764705882352941,16,16
base,BAC009S0769W0422,1,1.0,1.0,14,6
base,BAC009S0769W0422,2,1.4285714285714286,1.4285714285714286,14,21
base,BAC009S0769W0422,3,1.0714285714285714,1.0714285714285714,14,19
lca,BAC009S0769W0422,1,3.5,3.5,14,50
lca,BAC009S0769W0422,2,1.0,1.0,14,13
lca,BAC009S0769W0422,3,0.42857142857142855,0.42857142857142855,14,14
base,BAC009S0770W0487,1,1.0,1.0,20,10
base,BAC009S0770W0487,2,0.85,0.6086956521739131,20,22
base,BAC009S0770W0487,3,0.7,0.5652173913043478,20,22
lca,BAC009S0770W0487,1,1.0,0.7391304347826086,20,23
lca,BAC009S0770W0487,2,0.75,0.5217391304347826,20,23
lca,BAC009S0770W0487,3,0.75,0.5217391304347826,20,23
base,BAC009S0901W0278,1,1.0,1.0,13,6
base,BAC009S0901W0278,2,0.46153846153846156,0.46153846153846156,13,13
base,BAC009S0901W0278,3,0.38461538461538464,0.38461538461538464,13,13
lca,BAC009S0901W0278,1,1.0,1.0,13,9
lca,BAC009S0901W0278,2,0.3076923076923077,0.3076923076923077,13,13
lca,BAC009S0901W0278,3,0.5384615384615384,0.5384615384615384,13,14
base,BAC009S0902W0281,1,0.75,0.7894736842105263,20,23
base,BAC009S0902W0281,2,0.9,0.5789473684210527,20,26
base,BAC009S0902W0281,3,0.35,0.0,20,19
lca,BAC009S0902W0281,1,0.95,1.0,20,14
lca,BAC009S0902W0281,2,0.6,0.2631578947368421,20,19
lca,BAC009S0902W0281,3,0.45,0.10526315789473684,20,19
base,BAC009S0903W0380,1,1.5333333333333334,1.5333333333333334,15,24
base,BAC009S0903W0380,2,2.533333333333333,2.533333333333333,15,41
base,BAC009S0903W0380,3,0.5333333333333333,0.5333333333333333,15,16
lca,BAC009S0903W0380,1,1.0666666666666667,1.0666666666666667,15,17
lca,BAC009S0903W0380,2,0.8666666666666667,0.8666666666666667,15,12
lca,BAC009S0903W0380,3,0.3333333333333333,0.3333333333333333,15,14
base,BAC009S0904W0279,1,1.0,0.9615384615384616,24,25
base,BAC009S0904W0279,2,1.7083333333333333,1.5769230769230769,24,42
base,BAC009S0904W0279,3,0.4583333333333333,0.5,24,23
lca,BAC009S0904W0279,1,1.0,1.0,24,9
lca,BAC009S0904W0279,2,0.9166666666666666,0.8846153846153846,24,27
lca,BAC009S0904W0279,3,0.5833333333333334,0.6153846153846154,24,24
base,BAC009S0905W0445,1,2.55,2.4285714285714284,20,52
base,BAC009S0905W0445,2,0.95,0.9523809523809523,20,22
base,BAC009S0905W0445,3,0.75,0.7619047619047619,20,20
lca,BAC009S0905W0445,1,1.0,1.0,20,11
lca,BAC009S0905W0445,2,0.5,0.5238095238095238,20,19
lca,BAC009S0905W0445,3,0.45,0.47619047619047616,20,19
base,BAC009S0906W0318,1,1.1111111111111112,1.1111111111111112,18,22
base,BAC009S0906W0318,2,0.5,0.5,18,20
base,BAC009S0906W0318,3,0.6111111111111112,0.6111111111111112,18,20
lca,BAC009S0906W0318,1,9.38888888888889,9.38888888888889,18,171
lca,BAC009S0906W0318,2,0.4444444444444444,0.4444444444444444,18,20
lca,BAC009S0906W0318,3,0.4444444444444444,0.4444444444444444,18,19
base,BAC009S0907W0485,1,1.4615384615384615,1.3571428571428572,13,19
base,BAC009S0907W0485,2,0.7692307692307693,0.6428571428571429,13,14
base,BAC009S0907W0485,3,0.6923076923076923,0.7142857142857143,13,15
lca,BAC009S0907W0485,1,2.5384615384615383,2.4285714285714284,13,34
lca,BAC009S0907W0485,2,0.8461538461538461,0.7142857142857143,13,14
lca,BAC009S0907W0485,3,0.6153846153846154,0.42857142857142855,13,15
base,BAC009S0908W0146,1,1.4444444444444444,1.5555555555555556,9,14
base,BAC009S0908W0146,2,0.5555555555555556,1.0,9,10
base,BAC009S0908W0146,3,0.5555555555555556,1.0,9,8
lca,BAC009S0908W0146,1,2.888888888888889,2.888888888888889,9,26
lca,BAC009S0908W0146,2,0.6666666666666666,0.5555555555555556,9,9
lca,BAC009S0908W0146,3,0.8888888888888888,1.0,9,9
base,BAC009S0912W0193,1,1.45,1.2608695652173914,20,29
base,BAC009S0912W0193,2,0.55,0.4782608695652174,20,22
base,BAC009S0912W0193,3,0.3,0.34782608695652173,20,22
lca,BAC009S0912W0193,1,0.9,0.7391304347826086,20,23
lca,BAC009S0912W0193,2,0.85,0.6956521739130435,20,23
lca,BAC009S0912W0193,3,0.35,0.4782608695652174,20,20
base,BAC009S0913W0348,1,1.0,1.0,22,0
base,BAC009S0913W0348,2,0.3181818181818182,0.18181818181818182,22,23
base,BAC009S0913W0348,3,0.3181818181818182,0.22727272727272727,22,23
lca,BAC009S0913W0348,1,1.0,0.9545454545454546,22,24
lca,BAC009S0913W0348,2,0.6818181818181818,0.5909090909090909,22,23
lca,BAC009S0913W0348,3,0.6363636363636364,0.5454545454545454,22,22
base,BAC009S0914W0197,1,3.909090909090909,3.909090909090909,11,43
base,BAC009S0914W0197,2,1.2727272727272727,1.2727272727272727,11,14
base,BAC009S0914W0197,3,0.2727272727272727,0.2727272727272727,11,10
lca,BAC009S0914W0197,1,1.0,1.0,11,0
lca,BAC009S0914W0197,2,1.0,1.0,11,0
lca,BAC009S0914W0197,3,0.5454545454545454,0.5454545454545454,11,11
base,BAC009S0915W0172,1,1.2666666666666666,1.2666666666666666,15,19
base,BAC009S0915W0172,2,0.5333333333333333,0.4,15,17
base,BAC009S0915W0172,3,0.13333333333333333,0.0,15,15
lca,BAC009S0915W0172,1,1.0,1.0,15,4
lca,BAC009S0915W0172,2,0.9333333333333333,0.9333333333333333,15,21
lca,BAC009S0915W0172,3,0.13333333333333333,0.0,15,15
base,BAC009S0916W0142,1,2.6923076923076925,2.6923076923076925,13,35
base,BAC009S0916W0142,2,0.0,0.0,13,13
base,BAC009S0916W0142,3,0.0,0.0,13,13
lca,BAC009S0916W0142,1,0.8461538461538461,0.8461538461538461,13,12
lca,BAC009S0916W0142,2,0.46153846153846156,0.46153846153846156,13,13
lca,BAC009S0916W0142,3,0.0,0.0,13,13
base,BAC009S0764W0392,1,1.3571428571428572,1.3571428571428572,14,20
base,BAC009S0764W0392,2,0.5714285714285714,0.5714285714285714,14,13
base,BAC009S0764W0392,3,0.7142857142857143,0.7142857142857143,14,14
lca,BAC009S0764W0392,1,1.7142857142857142,1.7142857142857142,14,24
lca,BAC009S0764W0392,2,0.6428571428571429,0.6428571428571429,14,14
lca,BAC009S0764W0392,3,0.2857142857142857,0.2857142857142857,14,14
base,BAC009S0765W0450,1,1.6153846153846154,1.6153846153846154,13,21
base,BAC009S0765W0450,2,0.5384615384615384,0.3076923076923077,13,13
base,BAC009S0765W0450,3,0.8461538461538461,0.5384615384615384,13,14
lca,BAC009S0765W0450,1,1.0,1.0,13,4
lca,BAC009S0765W0450,2,0.6923076923076923,0.38461538461538464,13,13
lca,BAC009S0765W0450,3,0.6923076923076923,0.15384615384615385,13,13
base,BAC009S0766W0454,1,1.6666666666666667,1.6666666666666667,9,15
base,BAC009S0766W0454,2,1.1111111111111112,1.1111111111111112,9,10
base,BAC009S0766W0454,3,0.0,0.0,9,9
lca,BAC009S0766W0454,1,1.3333333333333333,1.3333333333333333,9,12
lca,BAC009S0766W0454,2,2.0,2.0,9,18
lca,BAC009S0766W0454,3,0.7777777777777778,0.7777777777777778,9,9
base,BAC009S0767W0236,1,2.0,1.8,9,18
base,BAC009S0767W0236,2,1.2222222222222223,1.1,9,11
base,BAC009S0767W0236,3,0.4444444444444444,0.5,9,9
lca,BAC009S0767W0236,1,1.0,1.0,9,5
lca,BAC009S0767W0236,2,0.7777777777777778,0.8,9,9
lca,BAC009S0767W0236,3,0.4444444444444444,0.5,9,9
base,BAC009S0768W0355,1,1.0,1.0,10,9
base,BAC009S0768W0355,2,0.2,0.1,10,10
base,BAC009S0768W0355,3,0.1,0.0,10,10
lca,BAC009S0768W0355,1,7.2,7.3,10,74
lca,BAC009S0768W0355,2,0.2,0.1,10,10
lca,BAC009S0768W0355,3,0.4,0.3,10,10
base,BAC009S0769W0175,1,2.3333333333333335,2.3333333333333335,12,28
base,BAC009S0769W0175,2,0.5,0.5,12,13
base,BAC009S0769W0175,3,0.4166666666666667,0.4166666666666667,12,12
lca,BAC009S0769W0175,1,3.0,3.0,12,36
lca,BAC009S0769W0175,2,0.6666666666666666,0.6666666666666666,12,12
lca,BAC009S0769W0175,3,0.5,0.5,12,12
base,BAC009S0770W0230,1,1.2666666666666666,1.1875,15,20
base,BAC009S0770W0230,2,0.0,0.0625,15,15
base,BAC009S0770W0230,3,0.0,0.0625,15,15
lca,BAC009S0770W0230,1,1.0,1.0,15,9
lca,BAC009S0770W0230,2,0.0,0.0625,15,15
lca,BAC009S0770W0230,3,0.26666666666666666,0.3125,15,15
base,BAC009S0901W0170,1,1.0,1.0,11,12
base,BAC009S0901W0170,2,0.9090909090909091,0.9090909090909091,11,13
base,BAC009S0901W0170,3,0.5454545454545454,0.5454545454545454,11,13
lca,BAC009S0901W0170,1,2.090909090909091,2.090909090909091,11,23
lca,BAC009S0901W0170,2,0.8181818181818182,0.8181818181818182,11,13
lca,BAC009S0901W0170,3,0.45454545454545453,0.45454545454545453,11,11
base,BAC009S0902W0145,1,1.2272727272727273,1.2272727272727273,22,27
base,BAC009S0902W0145,2,0.7272727272727273,0.5909090909090909,22,23
base,BAC009S0902W0145,3,0.22727272727272727,0.2727272727272727,22,23
lca,BAC009S0902W0145,1,0.5909090909090909,0.5909090909090909,22,23
lca,BAC009S0902W0145,2,0.5909090909090909,0.5454545454545454,22,23
lca,BAC009S0902W0145,3,0.5454545454545454,0.4090909090909091,22,23
base,BAC009S0903W0183,1,0.8571428571428571,0.8571428571428571,14,6
base,BAC009S0903W0183,2,0.35714285714285715,0.35714285714285715,14,14
base,BAC009S0903W0183,3,0.21428571428571427,0.21428571428571427,14,14
lca,BAC009S0903W0183,1,1.0,1.0,14,7
lca,BAC009S0903W0183,2,0.5,0.5,14,16
lca,BAC009S0903W0183,3,0.35714285714285715,0.35714285714285715,14,14
base,BAC009S0904W0395,1,1.0588235294117647,1.0588235294117647,17,18
base,BAC009S0904W0395,2,1.1176470588235294,1.1176470588235294,17,19
base,BAC009S0904W0395,3,0.7058823529411765,0.8823529411764706,17,15
lca,BAC009S0904W0395,1,0.8823529411764706,0.7647058823529411,17,19
lca,BAC009S0904W0395,2,0.7647058823529411,0.7058823529411765,17,17
lca,BAC009S0904W0395,3,0.7058823529411765,0.5882352941176471,17,17
base,BAC009S0905W0140,1,1.25,1.25,12,15
base,BAC009S0905W0140,2,7.416666666666667,7.416666666666667,12,89
base,BAC009S0905W0140,3,1.3333333333333333,1.3333333333333333,12,16
lca,BAC009S0905W0140,1,1.0,1.0,12,9
lca,BAC009S0905W0140,2,1.6666666666666667,1.6666666666666667,12,20
lca,BAC009S0905W0140,3,1.0,1.0,12,6
base,BAC009S0906W0312,1,1.7916666666666667,1.72,24,45
base,BAC009S0906W0312,2,0.125,0.24,24,24
base,BAC009S0906W0312,3,0.20833333333333334,0.16,24,24
lca,BAC009S0906W0312,1,1.0,1.0,24,0
lca,BAC009S0906W0312,2,0.4583333333333333,0.56,24,25
lca,BAC009S0906W0312,3,0.16666666666666666,0.28,24,24
base,BAC009S0907W0206,1,1.25,1.25,20,27
base,BAC009S0907W0206,2,0.15,0.4,20,20
base,BAC009S0907W0206,3,0.15,0.45,20,20
lca,BAC009S0907W0206,1,0.75,0.75,20,21
lca,BAC009S0907W0206,2,0.35,0.1,20,20
lca,BAC009S0907W0206,3,0.35,0.0,20,20
base,BAC009S0908W0204,1,1.7058823529411764,1.5263157894736843,17,29
base,BAC009S0908W0204,2,0.8235294117647058,0.7894736842105263,17,18
base,BAC009S0908W0204,3,0.6470588235294118,0.6842105263157895,17,18
lca,BAC009S0908W0204,1,1.0,1.0,17,0
lca,BAC009S0908W0204,2,0.8823529411764706,0.8947368421052632,17,19
lca,BAC009S0908W0204,3,0.7058823529411765,0.7368421052631579,17,18
base,BAC009S0912W0367,1,1.0,1.0,18,17
base,BAC009S0912W0367,2,0.3888888888888889,0.10526315789473684,18,20
base,BAC009S0912W0367,3,0.2777777777777778,0.0,18,19
lca,BAC009S0912W0367,1,0.7777777777777778,0.631578947368421,18,19
lca,BAC009S0912W0367,2,0.5,0.21052631578947367,18,19
lca,BAC009S0912W0367,3,0.2222222222222222,0.05263157894736842,18,18
base,BAC009S0913W0127,1,2.0,2.3076923076923075,15,30
base,BAC009S0913W0127,2,1.0,1.2307692307692308,15,17
base,BAC009S0913W0127,3,0.6,0.8461538461538461,15,16
lca,BAC009S0913W0127,1,1.0,1.0,15,3
lca,BAC009S0913W0127,2,1.0,1.0769230769230769,15,16
lca,BAC009S0913W0127,3,0.6666666666666666,0.9230769230769231,15,18
base,BAC009S0914W0379,1,1.0,1.0,15,13
base,BAC009S0914W0379,2,1.0,1.0,15,15
base,BAC009S0914W0379,3,1.0,1.0,15,6
lca,BAC009S0914W0379,1,1.9333333333333333,1.7058823529411764,15,29
lca,BAC009S0914W0379,2,0.9333333333333333,1.0,15,6
lca,BAC009S0914W0379,3,0.6666666666666666,0.5294117647058824,15,18
base,BAC009S0915W0365,1,0.9375,0.9375,16,6
base,BAC009S0915W0365,2,0.5,0.5,16,14
base,BAC009S0915W0365,3,0.5625,0.5625,16,15
lca,BAC009S0915W0365,1,1.0,1.0,16,15
lca,BAC009S0915W0365,2,0.6875,0.6875,16,17
lca,BAC009S0915W0365,3,0.5625,0.5625,16,15
base,BAC009S0916W0433,1,1.0,1.0,15,8
base,BAC009S0916W0433,2,0.5333333333333333,0.5333333333333333,15,14
base,BAC009S0916W0433,3,0.13333333333333333,0.13333333333333333,15,14
lca,BAC009S0916W0433,1,1.4666666666666666,1.4666666666666666,15,23
lca,BAC009S0916W0433,2,0.6,0.6,15,12
lca,BAC009S0916W0433,3,0.2,0.2,15,14
base,BAC009S0764W0322,1,1.0,1.0,20,0
base,BAC009S0764W0322,2,0.95,0.7391304347826086,20,22
base,BAC009S0764W0322,3,0.35,0.6086956521739131,20,21
lca,BAC009S0764W0322,1,2.15,1.8695652173913044,20,43
lca,BAC009S0764W0322,2,0.6,0.4782608695652174,20,21
lca,BAC009S0764W0322,3,0.7,0.17391304347826086,20,23
base,BAC009S0765W0154,1,1.3,1.25,20,26
base,BAC009S0765W0154,2,0.7,0.45,20,21
base,BAC009S0765W0154,3,0.55,0.2,20,20
lca,BAC009S0765W0154,1,1.05,1.05,20,21
lca,BAC009S0765W0154,2,2.1,2.1,20,42
lca,BAC009S0765W0154,3,0.55,0.3,20,20
base,BAC009S0766W0418,1,1.9375,1.9375,16,31
base,BAC009S0766W0418,2,0.9375,0.9375,16,19
base,BAC009S0766W0418,3,0.5,0.5,16,16
lca,BAC009S0766W0418,1,1.0625,1.0625,16,18
lca,BAC009S0766W0418,2,0.875,0.875,16,18
lca,BAC009S0766W0418,3,0.25,0.3125,16,16
base,BAC009S0767W0450,1,1.15,0.95,20,25
base,BAC009S0767W0450,2,0.6,0.25,20,19
base,BAC009S0767W0450,3,0.65,0.25,20,21
lca,BAC009S0767W0450,1,0.8,0.7,20,20
lca,BAC009S0767W0450,2,0.45,0.75,20,20
lca,BAC009S0767W0450,3,0.7,0.4,20,20
base,BAC009S0768W0205,1,1.375,1.2692307692307692,24,33
base,BAC009S0768W0205,2,0.4166666666666667,0.38461538461538464,24,24
base,BAC009S0768W0205,3,0.20833333333333334,0.07692307692307693,24,27
lca,BAC009S0768W0205,1,2.0416666666666665,1.8846153846153846,24,49
lca,BAC009S0768W0205,2,0.2916666666666667,0.15384615384615385,24,27
lca,BAC009S0768W0205,3,0.25,0.07692307692307693,24,26
base,BAC009S0769W0401,1,1.0,1.0,20,10
base,BAC009S0769W0401,2,1.2,1.2,20,24
base,BAC009S0769W0401,3,0.55,0.55,20,19
lca,BAC009S0769W0401,1,1.0,1.0,20,5
lca,BAC009S0769W0401,2,0.8,0.8,20,19
lca,BAC009S0769W0401,3,0.55,0.55,20,22
base,BAC009S0770W0342,1,1.4615384615384615,1.3571428571428572,13,20
base,BAC009S0770W0342,2,0.46153846153846156,0.42857142857142855,13,13
base,BAC009S0770W0342,3,0.23076923076923078,0.14285714285714285,13,14
lca,BAC009S0770W0342,1,6.076923076923077,5.642857142857143,13,79
lca,BAC009S0770W0342,2,0.3076923076923077,0.21428571428571427,13,14
lca,BAC009S0770W0342,3,0.46153846153846156,0.5,13,13
base,BAC009S0901W0268,1,1.0769230769230769,1.0769230769230769,13,14
base,BAC009S0901W0268,2,0.8461538461538461,0.8461538461538461,13,13
base,BAC009S0901W0268,3,0.6153846153846154,0.6153846153846154,13,13
lca,BAC009S0901W0268,1,1.3076923076923077,1.3076923076923077,13,18
lca,BAC009S0901W0268,2,0.6153846153846154,0.6153846153846154,13,13
lca,BAC009S0901W0268,3,0.46153846153846156,0.46153846153846156,13,13
base,BAC009S0902W0447,1,0.36363636363636365,0.5833333333333334,11,11
base,BAC009S0902W0447,2,0.2727272727272727,0.16666666666666666,11,11
base,BAC009S0902W0447,3,0.18181818181818182,0.08333333333333333,11,11
lca,BAC009S0902W0447,1,0.36363636363636365,0.5833333333333334,11,11
lca,BAC009S0902W0447,2,0.2727272727272727,0.16666666666666666,11,11
lca,BAC009S0902W0447,3,0.2727272727272727,0.16666666666666666,11,11
base,BAC009S0903W0278,1,1.3571428571428572,1.3571428571428572,14,19
base,BAC009S0903W0278,2,0.5,0.2857142857142857,14,15
base,BAC009S0903W0278,3,0.2857142857142857,0.0,14,14
lca,BAC009S0903W0278,1,2.9285714285714284,2.9285714285714284,14,42
lca,BAC009S0903W0278,2,2.9285714285714284,2.9285714285714284,14,41
lca,BAC009S0903W0278,3,0.07142857142857142,0.35714285714285715,14,15
base,BAC009S0904W0129,1,1.6153846153846154,1.6153846153846154,13,21
base,BAC009S0904W0129,2,0.7692307692307693,0.7692307692307693,13,12
base,BAC009S0904W0129,3,0.9230769230769231,0.9230769230769231,13,14
lca,BAC009S0904W0129,1,1.0,1.0,13,7
lca,BAC009S0904W0129,2,0.6923076923076923,0.6923076923076923,13,13
lca,BAC009S0904W0129,3,0.8461538461538461,0.8461538461538461,13,14
base,BAC009S0905W0388,1,1.0454545454545454,1.0454545454545454,22,23
base,BAC009S0905W0388,2,0.36363636363636365,0.36363636363636365,22,22
base,BAC009S0905W0388,3,0.2727272727272727,0.2727272727272727,22,22
lca,BAC009S0905W0388,1,1.5909090909090908,1.5909090909090908,22,35
lca,BAC009S0905W0388,2,0.0,0.0,22,22
lca,BAC009S0905W0388,3,0.0,0.0,22,22
base,BAC009S0906W0472,1,1.0,1.0,13,9
base,BAC009S0906W0472,2,1.0,1.0,13,3
base,BAC009S0906W0472,3,1.8461538461538463,1.8461538461538463,13,24
lca,BAC009S0906W0472,1,2.8461538461538463,2.8461538461538463,13,37
lca,BAC009S0906W0472,2,2.3846153846153846,2.3846153846153846,13,31
lca,BAC009S0906W0472,3,1.1538461538461537,0.8461538461538461,13,17
base,BAC009S0907W0160,1,1.1764705882352942,1.1111111111111112,17,20
base,BAC009S0907W0160,2,0.5882352941176471,0.6111111111111112,17,17
base,BAC009S0907W0160,3,0.35294117647058826,0.3888888888888889,17,17
lca,BAC009S0907W0160,1,0.6470588235294118,0.6666666666666666,17,17
lca,BAC009S0907W0160,2,0.4117647058823529,0.4444444444444444,17,17
lca,BAC009S0907W0160,3,0.35294117647058826,0.3888888888888889,17,17
base,BAC009S0908W0364,1,0.9285714285714286,0.8571428571428571,14,16
base,BAC009S0908W0364,2,1.2142857142857142,1.2142857142857142,14,17
base,BAC009S0908W0364,3,0.7142857142857143,0.6428571428571429,14,18
lca,BAC009S0908W0364,1,1.7142857142857142,1.7142857142857142,14,24
lca,BAC009S0908W0364,2,2.857142857142857,2.857142857142857,14,40
lca,BAC009S0908W0364,3,0.14285714285714285,0.21428571428571427,14,14
base,BAC009S0912W0158,1,1.0,1.0,11,5
base,BAC009S0912W0158,2,0.7272727272727273,0.09090909090909091,11,11
base,BAC009S0912W0158,3,0.8181818181818182,0.2727272727272727,11,11
lca,BAC009S0912W0158,1,1.0,1.0,11,8
lca,BAC009S0912W0158,2,0.7272727272727273,0.5454545454545454,11,11
lca,BAC009S0912W0158,3,0.8181818181818182,0.6363636363636364,11,11
base,BAC009S0913W0464,1,1.0,1.0,10,0
base,BAC009S0913W0464,2,0.7,0.5454545454545454,10,13
base,BAC009S0913W0464,3,0.5,0.5454545454545454,10,11
lca,BAC009S0913W0464,1,1.0,1.0,10,8
lca,BAC009S0913W0464,2,0.4,0.36363636363636365,10,8
lca,BAC009S0913W0464,3,0.3,0.45454545454545453,10,9
base,BAC009S0914W0370,1,1.75,1.75,20,35
base,BAC009S0914W0370,2,1.95,1.95,20,39
base,BAC009S0914W0370,3,0.65,0.65,20,19
lca,BAC009S0914W0370,1,2.25,2.25,20,46
lca,BAC009S0914W0370,2,3.25,3.25,20,66
lca,BAC009S0914W0370,3,1.05,1.05,20,23
base,BAC009S0915W0253,1,2.4545454545454546,2.4545454545454546,11,27
base,BAC009S0915W0253,2,0.8181818181818182,0.5454545454545454,11,8
base,BAC009S0915W0253,3,0.36363636363636365,0.18181818181818182,11,11
lca,BAC009S0915W0253,1,1.0909090909090908,1.0909090909090908,11,12
lca,BAC009S0915W0253,2,0.45454545454545453,0.18181818181818182,11,11
lca,BAC009S0915W0253,3,0.45454545454545453,0.18181818181818182,11,11
base,BAC009S0916W0156,1,1.0,1.0,13,11
base,BAC009S0916W0156,2,0.15384615384615385,0.15384615384615385,13,13
base,BAC009S0916W0156,3,0.0,0.0,13,13
lca,BAC009S0916W0156,1,2.6153846153846154,2.6153846153846154,13,34
lca,BAC009S0916W0156,2,0.6923076923076923,0.6923076923076923,13,14
lca,BAC009S0916W0156,3,0.0,0.0,13,13
base,BAC009S0764W0485,1,1.0,1.0,13,10
base,BAC009S0764W0485,2,3.3846153846153846,3.3846153846153846,13,44
base,BAC009S0764W0485,3,0.6923076923076923,0.6923076923076923,13,13
lca,BAC009S0764W0485,1,2.6153846153846154,2.6153846153846154,13,34
lca,BAC009S0764W0485,2,0.15384615384615385,0.15384615384615385,13,13
lca,BAC009S0764W0485,3,0.15384615384615385,0.15384615384615385,13,13
base,BAC009S0765W0479,1,1.1,1.1,10,12
base,BAC009S0765W0479,2,0.4,0.4,10,11
base,BAC009S0765W0479,3,0.1,0.1,10,10
lca,BAC009S0765W0479,1,1.4,1.4,10,14
lca,BAC009S0765W0479,2,0.2,0.2,10,10
lca,BAC009S0765W0479,3,0.0,0.0,10,10
base,BAC009S0766W0158,1,1.0,1.0,14,5
base,BAC009S0766W0158,2,0.14285714285714285,0.14285714285714285,14,14
base,BAC009S0766W0158,3,0.14285714285714285,0.14285714285714285,14,14
lca,BAC009S0766W0158,1,1.0,1.0,14,14
lca,BAC009S0766W0158,2,0.2857142857142857,0.2857142857142857,14,14
lca,BAC009S0766W0158,3,0.14285714285714285,0.14285714285714285,14,14
base,BAC009S0767W0220,1,3.5,3.5,24,87
base,BAC009S0767W0220,2,0.2916666666666667,0.5,24,25
base,BAC009S0767W0220,3,0.2916666666666667,0.5,24,25
lca,BAC009S0767W0220,1,1.0,1.0,24,11
lca,BAC009S0767W0220,2,0.4166666666666667,0.20833333333333334,24,25
lca,BAC009S0767W0220,3,0.375,0.16666666666666666,24,24
base,BAC009S0768W0411,1,1.25,1.1538461538461537,12,15
base,BAC009S0768W0411,2,9.333333333333334,8.615384615384615,12,112
base,BAC009S0768W0411,3,0.8333333333333334,0.8461538461538461,12,6
lca,BAC009S0768W0411,1,1.0,1.0,12,10
lca,BAC009S0768W0411,2,1.0,1.0,12,10
lca,BAC009S0768W0411,3,0.25,0.23076923076923078,12,12
base,BAC009S0769W0237,1,2.0,2.0,10,20
base,BAC009S0769W0237,2,0.7,0.6,10,10
base,BAC009S0769W0237,3,1.0,1.0,10,12
lca,BAC009S0769W0237,1,1.0,1.0,10,8
lca,BAC009S0769W0237,2,1.0,1.1,10,14
lca,BAC009S0769W0237,3,0.6,0.4,10,10
base,BAC009S0770W0209,1,2.5555555555555554,2.5555555555555554,9,23
base,BAC009S0770W0209,2,0.4444444444444444,0.4444444444444444,9,9
base,BAC009S0770W0209,3,0.4444444444444444,0.4444444444444444,9,9
lca,BAC009S0770W0209,1,1.0,1.0,9,8
lca,BAC009S0770W0209,2,0.5555555555555556,0.5555555555555556,9,10
lca,BAC009S0770W0209,3,0.2222222222222222,0.2222222222222222,9,9
base,BAC009S0901W0128,1,3.5833333333333335,3.5833333333333335,12,43
base,BAC009S0901W0128,2,1.0833333333333333,1.0833333333333333,12,13
base,BAC009S0901W0128,3,0.5833333333333334,0.5,12,14
lca,BAC009S0901W0128,1,1.4166666666666667,1.4166666666666667,12,17
lca,BAC009S0901W0128,2,1.0,1.0,12,8
lca,BAC009S0901W0128,3,0.3333333333333333,0.25,12,12
base,BAC009S0902W0373,1,0.8,0.8,10,10
base,BAC009S0902W0373,2,0.4,0.5,10,10
base,BAC009S0902W0373,3,0.1,0.3,10,10
lca,BAC009S0902W0373,1,1.1,1.1,10,11
lca,BAC009S0902W0373,2,0.5,0.6,10,12
lca,BAC009S0902W0373,3,0.0,0.2,10,10
base,BAC009S0903W0494,1,1.8,1.8,10,18
base,BAC009S0903W0494,2,0.7,0.5,10,10
base,BAC009S0903W0494,3,0.6,0.4,10,10
lca,BAC009S0903W0494,1,1.1,1.1,10,11
lca,BAC009S0903W0494,2,0.8,0.6,10,11
lca,BAC009S0903W0494,3,0.4,0.6,10,10
base,BAC009S0904W0167,1,1.0,1.0,13,8
base,BAC009S0904W0167,2,0.7692307692307693,0.7692307692307693,13,13
base,BAC009S0904W0167,3,3.923076923076923,3.923076923076923,13,51
lca,BAC009S0904W0167,1,1.0,1.0,13,4
lca,BAC009S0904W0167,2,0.8461538461538461,0.8461538461538461,13,14
lca,BAC009S0904W0167,3,0.6923076923076923,0.6923076923076923,13,14
base,BAC009S0905W0212,1,1.7142857142857142,1.7142857142857142,14,26
base,BAC009S0905W0212,2,0.2857142857142857,0.2857142857142857,14,14
base,BAC009S0905W0212,3,0.0,0.0,14,14
lca,BAC009S0905W0212,1,0.6428571428571429,0.6428571428571429,14,17
lca,BAC009S0905W0212,2,0.35714285714285715,0.35714285714285715,14,14
lca,BAC009S0905W0212,3,0.14285714285714285,0.14285714285714285,14,14
base,BAC009S0906W0432,1,1.4761904761904763,1.2916666666666667,21,31
base,BAC009S0906W0432,2,0.5238095238095238,0.5416666666666666,21,22
base,BAC009S0906W0432,3,0.38095238095238093,0.5,21,21
lca,BAC009S0906W0432,1,1.0,1.0,21,20
lca,BAC009S0906W0432,2,1.0,1.0,21,21
lca,BAC009S0906W0432,3,0.5714285714285714,0.4166666666666667,21,25
base,BAC009S0907W0291,1,0.7777777777777778,0.7777777777777778,9,9
base,BAC009S0907W0291,2,0.2222222222222222,0.2222222222222222,9,9
base,BAC009S0907W0291,3,0.5555555555555556,0.5555555555555556,9,9
lca,BAC009S0907W0291,1,1.1111111111111112,1.1111111111111112,9,10
lca,BAC009S0907W0291,2,0.0,0.0,9,9
lca,BAC009S0907W0291,3,0.0,0.0,9,9
base,BAC009S0908W0477,1,1.0,1.0,15,0
base,BAC009S0908W0477,2,0.6666666666666666,0.4,15,14
base,BAC009S0908W0477,3,0.7333333333333333,0.5333333333333333,15,16
lca,BAC009S0908W0477,1,2.8,2.8,15,42
lca,BAC009S0908W0477,2,0.8,0.6,15,15
lca,BAC009S0908W0477,3,0.6666666666666666,0.4666666666666667,15,15
base,BAC009S0912W0403,1,0.7894736842105263,0.6818181818181818,19,21
base,BAC009S0912W0403,2,0.47368421052631576,0.45454545454545453,19,20
base,BAC009S0912W0403,3,0.42105263157894735,0.22727272727272727,19,19
lca,BAC009S0912W0403,1,5.105263157894737,4.409090909090909,19,98
lca,BAC009S0912W0403,2,0.5263157894736842,0.45454545454545453,19,21
lca,BAC009S0912W0403,3,0.21052631578947367,0.4090909090909091,19,19
base,BAC009S0913W0207,1,2.0869565217391304,2.0,23,48
base,BAC009S0913W0207,2,0.9130434782608695,0.875,23,26
base,BAC009S0913W0207,3,0.5217391304347826,0.5416666666666666,23,23
lca,BAC009S0913W0207,1,1.0,1.0,23,14
lca,BAC009S0913W0207,2,0.4782608695652174,0.5,23,23
lca,BAC009S0913W0207,3,0.391304347826087,0.4166666666666667,23,23
base,BAC009S0914W0486,1,1.0,1.1428571428571428,16,16
base,BAC009S0914W0486,2,1.0,1.0,16,4
base,BAC009S0914W0486,3,1.5,1.7142857142857142,16,24
lca,BAC009S0914W0486,1,1.0,1.0,16,11
lca,BAC009S0914W0486,2,1.0,1.0,16,2
lca,BAC009S0914W0486,3,2.625,3.0,16,42
base,BAC009S0915W0277,1,1.7916666666666667,1.6153846153846154,24,45
base,BAC009S0915W0277,2,0.25,0.3076923076923077,24,24
base,BAC009S0915W0277,3,0.08333333333333333,0.15384615384615385,24,24
lca,BAC009S0915W0277,1,1.0,1.0,24,10
lca,BAC009S0915W0277,2,0.5416666666666666,0.4230769230769231,24,27
lca,BAC009S0915W0277,3,0.25,0.15384615384615385,24,26
base,BAC009S0916W0348,1,6.5,6.5,12,78
base,BAC009S0916W0348,2,1.0,1.0,12,11
base,BAC009S0916W0348,3,0.3333333333333333,0.3333333333333333,12,11
lca,BAC009S0916W0348,1,1.75,1.75,12,22
lca,BAC009S0916W0348,2,0.5,0.5,12,11
lca,BAC009S0916W0348,3,0.08333333333333333,0.08333333333333333,12,11
base,BAC009S0764W0467,1,2.210526315789474,2.210526315789474,19,42
base,BAC009S0764W0467,2,0.631578947368421,0.631578947368421,19,20
base,BAC009S0764W0467,3,0.631578947368421,0.631578947368421,19,19
lca,BAC009S0764W0467,1,1.736842105263158,1.736842105263158,19,33
lca,BAC009S0764W0467,2,0.5263157894736842,0.5263157894736842,19,19
lca,BAC009S0764W0467,3,0.5263157894736842,0.42105263157894735,19,19
base,BAC009S0765W0395,1,0.9583333333333334,0.9583333333333334,24,14
base,BAC009S0765W0395,2,0.3333333333333333,0.16666666666666666,24,24
base,BAC009S0765W0395,3,0.20833333333333334,0.041666666666666664,24,24
lca,BAC009S0765W0395,1,1.0,1.0,24,21
lca,BAC009S0765W0395,2,0.25,0.08333333333333333,24,24
lca,BAC009S0765W0395,3,0.16666666666666666,0.0,24,24
base,BAC009S0766W0316,1,3.5384615384615383,3.5384615384615383,13,46
base,BAC009S0766W0316,2,1.1538461538461537,1.1538461538461537,13,15
base,BAC009S0766W0316,3,0.7692307692307693,0.7692307692307693,13,13
lca,BAC009S0766W0316,1,1.2307692307692308,1.2307692307692308,13,16
lca,BAC009S0766W0316,2,1.0769230769230769,1.0769230769230769,13,14
lca,BAC009S0766W0316,3,0.5384615384615384,0.5384615384615384,13,13
base,BAC009S0767W0138,1,1.1538461538461537,1.0714285714285714,13,15
base,BAC009S0767W0138,2,0.46153846153846156,0.35714285714285715,13,15
base,BAC009S0767W0138,3,0.3076923076923077,0.35714285714285715,13,13
lca,BAC009S0767W0138,1,2.1538461538461537,2.0714285714285716,13,29
lca,BAC009S0767W0138,2,0.6923076923076923,0.5714285714285714,13,14
lca,BAC009S0767W0138,3,0.3076923076923077,0.35714285714285715,13,13
base,BAC009S0768W0172,1,2.0,1.6363636363636365,9,18
base,BAC009S0768W0172,2,2.2222222222222223,1.7272727272727273,9,20
base,BAC009S0768W0172,3,0.7777777777777778,0.9090909090909091,9,9
lca,BAC009S0768W0172,1,1.0,1.0,9,9
lca,BAC009S0768W0172,2,0.4444444444444444,0.7272727272727273,9,9
lca,BAC009S0768W0172,3,0.7777777777777778,0.2727272727272727,9,11
base,BAC009S0769W0176,1,0.9090909090909091,0.9090909090909091,11,11
base,BAC009S0769W0176,2,0.36363636363636365,0.36363636363636365,11,11
base,BAC009S0769W0176,3,0.18181818181818182,0.18181818181818182,11,11
lca,BAC009S0769W0176,1,2.909090909090909,2.909090909090909,11,32
lca,BAC009S0769W0176,2,0.5454545454545454,0.5454545454545454,11,11
lca,BAC009S0769W0176,3,0.0,0.0,11,11
base,BAC009S0770W0305,1,1.2941176470588236,1.2222222222222223,17,23
base,BAC009S0770W0305,2,0.23529411764705882,0.2777777777777778,17,17
base,BAC009S0770W0305,3,0.17647058823529413,0.2222222222222222,17,17
lca,BAC009S0770W0305,1,0.8235294117647058,0.7222222222222222,17,19
lca,BAC009S0770W0305,2,0.47058823529411764,0.5,17,17
lca,BAC009S0770W0305,3,0.47058823529411764,0.5,17,17
base,BAC009S0901W0383,1,1.0,1.0,11,10
base,BAC009S0901W0383,2,0.09090909090909091,0.09090909090909091,11,12
base,BAC009S0901W0383,3,0.09090909090909091,0.09090909090909091,11,11
lca,BAC009S0901W0383,1,3.3636363636363638,3.3636363636363638,11,37
lca,BAC009S0901W0383,2,0.45454545454545453,0.45454545454545453,11,11
lca,BAC009S0901W0383,3,0.5454545454545454,0.5454545454545454,11,12
base,BAC009S0902W0249,1,1.0,1.0,11,3
base,BAC009S0902W0249,2,0.6363636363636364,0.6363636363636364,11,10
base,BAC009S0902W0249,3,0.45454545454545453,0.45454545454545453,11,11
lca,BAC009S0902W0249,1,1.0,1.0,11,2
lca,BAC009S0902W0249,2,0.45454545454545453,0.45454545454545453,11,11
lca,BAC009S0902W0249,3,0.5454545454545454,0.5454545454545454,11,11
base,BAC009S0903W0342,1,1.0,1.0,9,0
base,BAC009S0903W0342,2,0.7777777777777778,0.7777777777777778,9,9
base,BAC009S0903W0342,3,1.1111111111111112,1.1111111111111112,9,12
lca,BAC009S0903W0342,1,1.0,1.0,9,9
lca,BAC009S0903W0342,2,1.0,1.0,9,9
lca,BAC009S0903W0342,3,0.8888888888888888,0.8888888888888888,9,6
base,BAC009S0904W0465,1,1.0,1.0,10,0
base,BAC009S0904W0465,2,1.0,1.0,10,2
base,BAC009S0904W0465,3,0.7,0.7,10,11
lca,BAC009S0904W0465,1,0.9,0.9,10,11
lca,BAC009S0904W0465,2,0.5,0.5,10,10
lca,BAC009S0904W0465,3,0.4,0.4,10,9
base,BAC009S0905W0135,1,2.466666666666667,2.176470588235294,15,37
base,BAC009S0905W0135,2,1.6,1.411764705882353,15,28
base,BAC009S0905W0135,3,0.3333333333333333,0.4117647058823529,15,15
lca,BAC009S0905W0135,1,2.4,2.1176470588235294,15,36
lca,BAC009S0905W0135,2,0.4666666666666667,0.5294117647058824,15,16
lca,BAC009S0905W0135,3,0.4,0.35294117647058826,15,16
base,BAC009S0906W0265,1,1.0,1.0,10,6
base,BAC009S0906W0265,2,1.0,1.0,10,9
base,BAC009S0906W0265,3,1.4,1.4,10,14
lca,BAC009S0906W0265,1,1.6,1.6,10,16
lca,BAC009S0906W0265,2,0.4,0.4,10,11
lca,BAC009S0906W0265,3,1.4,1.4,10,14
base,BAC009S0907W0204,1,1.0,1.0,12,10
base,BAC009S0907W0204,2,1.3333333333333333,1.3333333333333333,12,16
base,BAC009S0907W0204,3,0.5,0.3333333333333333,12,12
lca,BAC009S0907W0204,1,0.9166666666666666,0.9166666666666666,12,11
lca,BAC009S0907W0204,2,0.9166666666666666,0.5,12,13
lca,BAC009S0907W0204,3,0.25,0.6666666666666666,12,12
base,BAC009S0908W0168,1,1.5,1.3125,14,21
base,BAC009S0908W0168,2,0.42857142857142855,0.5,14,14
base,BAC009S0908W0168,3,0.21428571428571427,0.3125,14,14
lca,BAC009S0908W0168,1,1.0,1.0,14,9
lca,BAC009S0908W0168,2,0.6428571428571429,0.6875,14,14
lca,BAC009S0908W0168,3,0.14285714285714285,0.25,14,14
base,BAC009S0912W0372,1,1.2777777777777777,1.2777777777777777,18,24
base,BAC009S0912W0372,2,0.05555555555555555,0.05555555555555555,18,18
base,BAC009S0912W0372,3,0.0,0.0,18,18
lca,BAC009S0912W0372,1,0.7777777777777778,0.7777777777777778,18,18
lca,BAC009S0912W0372,2,0.6111111111111112,0.6111111111111112,18,20
lca,BAC009S0912W0372,3,0.0,0.0,18,18
base,BAC009S0913W0444,1,1.0909090909090908,1.0909090909090908,11,13
base,BAC009S0913W0444,2,0.8181818181818182,0.8181818181818182,11,11
base,BAC009S0913W0444,3,0.7272727272727273,0.7272727272727273,11,11
lca,BAC009S0913W0444,1,2.090909090909091,2.090909090909091,11,23
lca,BAC009S0913W0444,2,0.8181818181818182,0.8181818181818182,11,12
lca,BAC009S0913W0444,3,0.6363636363636364,0.6363636363636364,11,11
base,BAC009S0914W0290,1,1.0,1.0,13,0
base,BAC009S0914W0290,2,2.3846153846153846,2.3846153846153846,13,31
base,BAC009S0914W0290,3,3.0,3.0,13,39
lca,BAC009S0914W0290,1,1.3076923076923077,1.3076923076923077,13,17
lca,BAC009S0914W0290,2,1.0,1.0,13,2
lca,BAC009S0914W0290,3,0.6153846153846154,0.6153846153846154,13,15
base,BAC009S0915W0439,1,0.9523809523809523,1.0,21,23
base,BAC009S0915W0439,2,1.0952380952380953,0.9523809523809523,21,25
base,BAC009S0915W0439,3,0.5238095238095238,0.6190476190476191,21,24
lca,BAC009S0915W0439,1,1.0,1.0,21,12
lca,BAC009S0915W0439,2,0.8095238095238095,0.5714285714285714,21,25
lca,BAC009S0915W0439,3,0.2857142857142857,0.5714285714285714,21,21
base,BAC009S0916W0333,1,1.0,1.0,17,17
base,BAC009S0916W0333,2,0.23529411764705882,0.23529411764705882,17,17
base,BAC009S0916W0333,3,0.17647058823529413,0.11764705882352941,17,17
lca,BAC009S0916W0333,1,1.7647058823529411,1.7647058823529411,17,30
lca,BAC009S0916W0333,2,0.23529411764705882,0.23529411764705882,17,17
lca,BAC009S0916W0333,3,0.058823529411764705,0.0,17,17
base,BAC009S0764W0293,1,1.0,1.0,11,9
base,BAC009S0764W0293,2,0.7272727272727273,0.7272727272727273,11,12
base,BAC009S0764W0293,3,0.6363636363636364,0.6363636363636364,11,11
lca,BAC009S0764W0293,1,1.0,1.0,11,6
lca,BAC009S0764W0293,2,0.6363636363636364,0.6363636363636364,11,12
lca,BAC009S0764W0293,3,0.2727272727272727,0.2727272727272727,11,11
base,BAC009S0765W0185,1,1.0,1.0,7,7
base,BAC009S0765W0185,2,0.14285714285714285,0.14285714285714285,7,7
base,BAC009S0765W0185,3,0.14285714285714285,0.14285714285714285,7,7
lca,BAC009S0765W0185,1,1.0,1.0,7,5
lca,BAC009S0765W0185,2,0.0,0.0,7,7
lca,BAC009S0765W0185,3,0.2857142857142857,0.2857142857142857,7,7
base,BAC009S0766W0209,1,1.0,1.0,13,12
base,BAC009S0766W0209,2,0.8461538461538461,0.8666666666666667,13,14
base,BAC009S0766W0209,3,0.6923076923076923,0.3333333333333333,13,17
lca,BAC009S0766W0209,1,1.0769230769230769,1.0,13,14
lca,BAC009S0766W0209,2,0.6153846153846154,0.6666666666666666,13,13
lca,BAC009S0766W0209,3,0.8461538461538461,0.8,13,15
base,BAC009S0767W0329,1,1.0,0.96,24,19
base,BAC009S0767W0329,2,0.3333333333333333,0.44,24,24
base,BAC009S0767W0329,3,0.16666666666666666,0.28,24,26
lca,BAC009S0767W0329,1,0.7916666666666666,0.76,24,27
lca,BAC009S0767W0329,2,0.4583333333333333,0.6,24,23
lca,BAC009S0767W0329,3,0.3333333333333333,0.16,24,24
base,BAC009S0768W0358,1,1.0,1.0,12,0
base,BAC009S0768W0358,2,0.25,0.3076923076923077,12,13
base,BAC009S0768W0358,3,0.08333333333333333,0.15384615384615385,12,12
lca,BAC009S0768W0358,1,0.5,0.5384615384615384,12,13
lca,BAC009S0768W0358,2,0.3333333333333333,0.38461538461538464,12,12
lca,BAC009S0768W0358,3,0.3333333333333333,0.38461538461538464,12,12
base,BAC009S0769W0257,1,1.0,1.0,13,8
base,BAC009S0769W0257,2,0.6923076923076923,0.6923076923076923,13,15
base,BAC009S0769W0257,3,0.07692307692307693,0.07692307692307693,13,13
lca,BAC009S0769W0257,1,1.0769230769230769,1.0769230769230769,13,14
lca,BAC009S0769W0257,2,1.1538461538461537,1.1538461538461537,13,15
lca,BAC009S0769W0257,3,0.6923076923076923,0.6923076923076923,13,15
base,BAC009S0770W0161,1,1.1428571428571428,1.1428571428571428,14,16
base,BAC009S0770W0161,2,0.6428571428571429,0.6428571428571429,14,13
base,BAC009S0770W0161,3,0.42857142857142855,0.42857142857142855,14,14
lca,BAC009S0770W0161,1,3.642857142857143,3.642857142857143,14,51
lca,BAC009S0770W0161,2,0.14285714285714285,0.14285714285714285,14,14
lca,BAC009S0770W0161,3,0.5714285714285714,0.5714285714285714,14,14
base,BAC009S0901W0130,1,1.4,1.3333333333333333,15,21
base,BAC009S0901W0130,2,0.5333333333333333,0.5333333333333333,15,17
base,BAC009S0901W0130,3,0.2,0.13333333333333333,15,15
lca,BAC009S0901W0130,1,1.0,1.0,15,4
lca,BAC009S0901W0130,2,0.2,0.13333333333333333,15,15
lca,BAC009S0901W0130,3,0.06666666666666667,0.0,15,15
base,BAC009S0902W0417,1,1.0,1.0,9,9
base,BAC009S0902W0417,2,4.555555555555555,4.555555555555555,9,42
base,BAC009S0902W0417,3,0.3333333333333333,0.3333333333333333,9,9
lca,BAC009S0902W0417,1,1.2222222222222223,1.2222222222222223,9,11
lca,BAC009S0902W0417,2,1.3333333333333333,1.3333333333333333,9,12
lca,BAC009S0902W0417,3,3.888888888888889,3.888888888888889,9,35
base,BAC009S0903W0182,1,4.5,4.5,8,36
base,BAC009S0903W0182,2,1.0,1.0,8,8
base,BAC009S0903W0182,3,1.0,1.0,8,7
lca,BAC009S0903W0182,1,1.0,1.0,8,8
lca,BAC009S0903W0182,2,1.0,1.0,8,3
lca,BAC009S0903W0182,3,1.25,1.25,8,10
base,BAC009S0904W0134,1,4.071428571428571,4.071428571428571,14,57
base,BAC009S0904W0134,2,1.9285714285714286,1.9285714285714286,14,27
base,BAC009S0904W0134,3,0.9285714285714286,0.9285714285714286,14,16
lca,BAC009S0904W0134,1,1.0,1.0,14,0
lca,BAC009S0904W0134,2,0.7142857142857143,0.6428571428571429,14,17
lca,BAC009S0904W0134,3,0.5,0.42857142857142855,14,14
base,BAC009S0905W0184,1,2.5,2.5,18,45
base,BAC009S0905W0184,2,0.9444444444444444,0.9444444444444444,18,25
base,BAC009S0905W0184,3,0.3888888888888889,0.3888888888888889,18,18
lca,BAC009S0905W0184,1,1.4444444444444444,1.4444444444444444,18,26
lca,BAC009S0905W0184,2,0.4444444444444444,0.4444444444444444,18,18
lca,BAC009S0905W0184,3,0.4444444444444444,0.4444444444444444,18,18
base,BAC009S0906W0205,1,1.0,1.0,15,0
base,BAC009S0906W0205,2,0.5333333333333333,0.3333333333333333,15,15
base,BAC009S0906W0205,3,0.4666666666666667,0.0,15,15
lca,BAC009S0906W0205,1,1.5333333333333334,1.5333333333333334,15,23
lca,BAC009S0906W0205,2,0.8,0.9333333333333333,15,17
lca,BAC009S0906W0205,3,0.5333333333333333,0.13333333333333333,15,15
base,BAC009S0907W0478,1,1.1111111111111112,1.1111111111111112,9,10
base,BAC009S0907W0478,2,0.4444444444444444,0.2222222222222222,9,9
base,BAC009S0907W0478,3,0.1111111111111111,0.4444444444444444,9,9
lca,BAC009S0907W0478,1,1.1111111111111112,1.1111111111111112,9,10
lca,BAC009S0907W0478,2,0.4444444444444444,0.5555555555555556,9,9
lca,BAC009S0907W0478,3,0.4444444444444444,0.2222222222222222,9,9
base,BAC009S0908W0341,1,1.0,1.0,13,0
base,BAC009S0908W0341,2,1.1538461538461537,1.1538461538461537,13,15
base,BAC009S0908W0341,3,0.38461538461538464,0.23076923076923078,13,13
lca,BAC009S0908W0341,1,3.6153846153846154,3.6153846153846154,13,47
lca,BAC009S0908W0341,2,0.6153846153846154,0.6153846153846154,13,13
lca,BAC009S0908W0341,3,0.38461538461538464,0.15384615384615385,13,13
base,BAC009S0912W0312,1,0.9444444444444444,0.9444444444444444,18,21
base,BAC009S0912W0312,2,0.3888888888888889,0.3888888888888889,18,18
base,BAC009S0912W0312,3,0.5,0.5,18,18
lca,BAC009S0912W0312,1,1.2222222222222223,1.2222222222222223,18,22
lca,BAC009S0912W0312,2,0.3888888888888889,0.3888888888888889,18,18
lca,BAC009S0912W0312,3,0.05555555555555555,0.05555555555555555,18,18
base,BAC009S0913W0323,1,1.0,1.0,18,15
base,BAC009S0913W0323,2,0.6666666666666666,0.6111111111111112,18,19
base,BAC009S0913W0323,3,0.3888888888888889,0.3888888888888889,18,18
lca,BAC009S0913W0323,1,1.0,1.0,18,0
lca,BAC009S0913W0323,2,0.5555555555555556,0.5,18,16
lca,BAC009S0913W0323,3,0.6111111111111112,0.6111111111111112,18,17
base,BAC009S0914W0424,1,1.2916666666666667,1.2916666666666667,24,31
base,BAC009S0914W0424,2,0.8333333333333334,0.8333333333333334,24,23
base,BAC009S0914W0424,3,0.6666666666666666,0.625,24,24
lca,BAC009S0914W0424,1,1.0,1.0,24,17
lca,BAC009S0914W0424,2,0.8333333333333334,0.8333333333333334,24,25
lca,BAC009S0914W0424,3,0.625,0.6666666666666666,24,25
base,BAC009S0915W0321,1,1.0,1.0,10,5
base,BAC009S0915W0321,2,0.5,0.36363636363636365,10,11
base,BAC009S0915W0321,3,0.7,0.5454545454545454,10,12
lca,BAC009S0915W0321,1,1.9,1.7272727272727273,10,19
lca,BAC009S0915W0321,2,0.7,0.5454545454545454,10,11
lca,BAC009S0915W0321,3,0.6,0.6363636363636364,10,11
base,BAC009S0916W0398,1,2.5714285714285716,2.5714285714285716,7,19
base,BAC009S0916W0398,2,0.5714285714285714,0.5714285714285714,7,7
base,BAC009S0916W0398,3,0.0,0.0,7,7
lca,BAC009S0916W0398,1,4.0,4.0,7,28
lca,BAC009S0916W0398,2,0.2857142857142857,0.2857142857142857,7,7
lca,BAC009S0916W0398,3,0.0,0.0,7,7
base,BAC009S0764W0174,1,1.0,1.0,12,8
base,BAC009S0764W0174,2,0.25,0.25,12,12
base,BAC009S0764W0174,3,0.25,0.25,12,12
lca,BAC009S0764W0174,1,1.0,1.0,12,8
lca,BAC009S0764W0174,2,1.0,1.0,12,13
lca,BAC009S0764W0174,3,0.3333333333333333,0.4166666666666667,12,11
base,BAC009S0765W0366,1,1.6,1.6,15,24
base,BAC009S0765W0366,2,0.3333333333333333,0.3333333333333333,15,16
base,BAC009S0765W0366,3,0.2,0.2,15,15
lca,BAC009S0765W0366,1,1.0,1.0,15,14
lca,BAC009S0765W0366,2,0.2,0.2,15,14
lca,BAC009S0765W0366,3,0.2,0.2,15,15
base,BAC009S0766W0478,1,1.6,1.6,15,24
base,BAC009S0766W0478,2,0.6,0.6,15,14
base,BAC009S0766W0478,3,0.6666666666666666,0.6666666666666666,15,15
lca,BAC009S0766W0478,1,1.5333333333333334,1.5333333333333334,15,23
lca,BAC009S0766W0478,2,1.0,1.0,15,4
lca,BAC009S0766W0478,3,0.6,0.6,15,13
base,BAC009S0767W0328,1,0.8333333333333334,0.8421052631578947,18,18
base,BAC009S0767W0328,2,0.05555555555555555,0.0,18,19
base,BAC009S0767W0328,3,0.05555555555555555,0.0,18,19
lca,BAC009S0767W0328,1,0.8888888888888888,0.8947368421052632,18,15
lca,BAC009S0767W0328,2,0.2222222222222222,0.2631578947368421,18,18
lca,BAC009S0767W0328,3,0.0,0.05263157894736842,18,18
base,BAC009S0768W0121,1,1.0,1.0,16,4
base,BAC009S0768W0121,2,0.625,0.625,16,18
base,BAC009S0768W0121,3,0.375,0.375,16,16
lca,BAC009S0768W0121,1,1.4375,1.4375,16,24
lca,BAC009S0768W0121,2,0.375,0.375,16,16
lca,BAC009S0768W0121,3,0.0,0.0625,16,16
base,BAC009S0769W0453,1,1.0,1.0,15,0
base,BAC009S0769W0453,2,0.8,0.8235294117647058,15,15
base,BAC009S0769W0453,3,0.5333333333333333,0.5294117647058824,15,15
lca,BAC009S0769W0453,1,1.5333333333333334,1.3529411764705883,15,24
lca,BAC009S0769W0453,2,0.4666666666666667,0.5882352941176471,15,15
lca,BAC009S0769W0453,3,0.8,0.7647058823529411,15,16
base,BAC009S0770W0180,1,1.0,1.0,9,8
base,BAC009S0770W0180,2,0.5555555555555556,0.5555555555555556,9,9
base,BAC009S0770W0180,3,0.5555555555555556,0.5555555555555556,9,9
lca,BAC009S0770W0180,1,1.5555555555555556,1.5555555555555556,9,16
lca,BAC009S0770W0180,2,0.4444444444444444,0.4444444444444444,9,9
lca,BAC009S0770W0180,3,0.4444444444444444,0.4444444444444444,9,9
base,BAC009S0901W0244,1,2.5833333333333335,2.5833333333333335,12,31
base,BAC009S0901W0244,2,0.9166666666666666,0.9166666666666666,12,14
base,BAC009S0901W0244,3,0.5833333333333334,0.5833333333333334,12,12
lca,BAC009S0901W0244,1,0.9166666666666666,0.9166666666666666,12,7
lca,BAC009S0901W0244,2,3.0,3.0,12,36
lca,BAC009S0901W0244,3,0.08333333333333333,0.08333333333333333,12,12
base,BAC009S0902W0153,1,0.4166666666666667,0.4166666666666667,24,26
base,BAC009S0902W0153,2,0.20833333333333334,0.20833333333333334,24,26
base,BAC009S0902W0153,3,0.16666666666666666,0.16666666666666666,24,26
lca,BAC009S0902W0153,1,0.6666666666666666,0.6666666666666666,24,26
lca,BAC009S0902W0153,2,0.041666666666666664,0.041666666666666664,24,24
lca,BAC009S0902W0153,3,0.041666666666666664,0.041666666666666664,24,24
base,BAC009S0903W0166,1,1.4,1.4,10,15
base,BAC009S0903W0166,2,2.7,2.7,10,27
base,BAC009S0903W0166,3,0.6,0.7,10,10
lca,BAC009S0903W0166,1,3.3,3.3,10,33
lca,BAC009S0903W0166,2,1.1,1.0,10,13
lca,BAC009S0903W0166,3,0.6,0.4,10,10
base,BAC009S0904W0179,1,1.0,1.0,16,9
base,BAC009S0904W0179,2,1.0,1.0,16,14
base,BAC009S0904W0179,3,0.8125,0.8125,16,17
lca,BAC009S0904W0179,1,2.4375,2.4375,16,39
lca,BAC009S0904W0179,2,0.875,0.875,16,17
lca,BAC009S0904W0179,3,0.75,0.75,16,19
base,BAC009S0905W0182,1,1.5384615384615385,1.5384615384615385,13,20
base,BAC009S0905W0182,2,0.5384615384615384,0.6923076923076923,13,13
base,BAC009S0905W0182,3,0.6923076923076923,0.7692307692307693,13,14
lca,BAC009S0905W0182,1,1.7692307692307692,1.7692307692307692,13,23
lca,BAC009S0905W0182,2,0.6153846153846154,0.3076923076923077,13,13
lca,BAC009S0905W0182,3,0.46153846153846156,0.15384615384615385,13,13
base,BAC009S0906W0248,1,1.75,1.6666666666666667,20,35
base,BAC009S0906W0248,2,0.65,0.5714285714285714,20,20
base,BAC009S0906W0248,3,0.5,0.42857142857142855,20,21
lca,BAC009S0906W0248,1,1.0,1.0,20,13
lca,BAC009S0906W0248,2,0.5,0.5238095238095238,20,20
lca,BAC009S0906W0248,3,0.45,0.47619047619047616,20,20
base,BAC009S0907W0417,1,1.0,1.0,6,5
base,BAC009S0907W0417,2,0.16666666666666666,0.16666666666666666,6,6
base,BAC009S0907W0417,3,0.8333333333333334,0.8333333333333334,6,7
lca,BAC009S0907W0417,1,4.0,4.0,6,24
lca,BAC009S0907W0417,2,0.6666666666666666,0.6666666666666666,6,6
lca,BAC009S0907W0417,3,0.16666666666666666,0.16666666666666666,6,6
base,BAC009S0908W0162,1,1.4,1.4,10,14
base,BAC009S0908W0162,2,0.5,0.5,10,10
base,BAC009S0908W0162,3,0.2,0.2,10,10
lca,BAC009S0908W0162,1,3.3,3.3,10,33
lca,BAC009S0908W0162,2,0.5,0.5,10,10
lca,BAC009S0908W0162,3,0.5,0.5,10,10
base,BAC009S0912W0142,1,1.0,1.1,23,22
base,BAC009S0912W0142,2,0.4782608695652174,0.15,23,21
base,BAC009S0912W0142,3,0.4782608695652174,0.15,23,21
lca,BAC009S0912W0142,1,1.0,1.15,23,23
lca,BAC009S0912W0142,2,0.4782608695652174,0.1,23,20
lca,BAC009S0912W0142,3,0.6956521739130435,0.35,23,20
base,BAC009S0913W0214,1,1.0,1.0,12,13
base,BAC009S0913W0214,2,0.0,0.08333333333333333,12,12
base,BAC009S0913W0214,3,0.25,0.16666666666666666,12,12
lca,BAC009S0913W0214,1,0.75,0.75,12,14
lca,BAC009S0913W0214,2,0.08333333333333333,0.08333333333333333,12,12
lca,BAC009S0913W0214,3,0.08333333333333333,0.0,12,12
base,BAC009S0914W0383,1,1.0,1.0,13,0
base,BAC009S0914W0383,2,1.0,1.0,13,0
base,BAC009S0914W0383,3,1.0,1.0,13,0
lca,BAC009S0914W0383,1,1.0769230769230769,1.0769230769230769,13,15
lca,BAC009S0914W0383,2,1.1538461538461537,1.1538461538461537,13,15
lca,BAC009S0914W0383,3,0.9230769230769231,0.8461538461538461,13,13
base,BAC009S0915W0348,1,2.0,2.0,11,22
base,BAC009S0915W0348,2,0.2727272727272727,0.2727272727272727,11,11
base,BAC009S0915W0348,3,0.2727272727272727,0.2727272727272727,11,11
lca,BAC009S0915W0348,1,3.5454545454545454,3.5454545454545454,11,39
lca,BAC009S0915W0348,2,0.36363636363636365,0.36363636363636365,11,11
lca,BAC009S0915W0348,3,0.2727272727272727,0.2727272727272727,11,11
base,BAC009S0916W0473,1,1.0,1.0,7,9
base,BAC009S0916W0473,2,0.42857142857142855,0.42857142857142855,7,6
base,BAC009S0916W0473,3,0.2857142857142857,0.0,7,7
lca,BAC009S0916W0473,1,2.2857142857142856,2.2857142857142856,7,16
lca,BAC009S0916W0473,2,0.5714285714285714,0.2857142857142857,7,7
lca,BAC009S0916W0473,3,0.2857142857142857,0.0,7,7
base,BAC009S0764W0428,1,0.65,0.65,20,19
base,BAC009S0764W0428,2,0.7,0.7,20,21
base,BAC009S0764W0428,3,0.5,0.5,20,20
lca,BAC009S0764W0428,1,1.8,1.8,20,36
lca,BAC009S0764W0428,2,0.6,0.6,20,20
lca,BAC009S0764W0428,3,0.55,0.5,20,21
base,BAC009S0765W0146,1,3.6363636363636362,3.727272727272727,11,42
base,BAC009S0765W0146,2,0.2727272727272727,0.2727272727272727,11,11
base,BAC009S0765W0146,3,0.45454545454545453,0.45454545454545453,11,11
lca,BAC009S0765W0146,1,1.7272727272727273,1.7272727272727273,11,19
lca,BAC009S0765W0146,2,0.6363636363636364,0.6363636363636364,11,11
lca,BAC009S0765W0146,3,0.36363636363636365,0.36363636363636365,11,11
base,BAC009S0766W0484,1,1.263157894736842,1.1428571428571428,19,24
base,BAC009S0766W0484,2,0.8421052631578947,0.8571428571428571,19,19
base,BAC009S0766W0484,3,0.5789473684210527,0.47619047619047616,19,19
lca,BAC009S0766W0484,1,1.0,1.0,19,15
lca,BAC009S0766W0484,2,0.8421052631578947,0.7142857142857143,19,20
lca,BAC009S0766W0484,3,0.5789473684210527,0.38095238095238093,19,19
base,BAC009S0767W0429,1,1.1,1.2222222222222223,10,11
base,BAC009S0767W0429,2,0.9,1.0,10,11
base,BAC009S0767W0429,3,0.7,0.6666666666666666,10,8
lca,BAC009S0767W0429,1,1.8,2.0,10,18
lca,BAC009S0767W0429,2,0.5,0.5555555555555556,10,10
lca,BAC009S0767W0429,3,0.3,0.3333333333333333,10,10
base,BAC009S0768W0294,1,2.066666666666667,2.066666666666667,15,32
base,BAC009S0768W0294,2,0.7333333333333333,0.7333333333333333,15,15
base,BAC009S0768W0294,3,0.4,0.4,15,14
lca,BAC009S0768W0294,1,1.6666666666666667,1.6666666666666667,15,25
lca,BAC009S0768W0294,2,0.8,0.8,15,16
lca,BAC009S0768W0294,3,0.6666666666666666,0.6,15,15
base,BAC009S0769W0383,1,2.5,2.5,10,25
base,BAC009S0769W0383,2,1.2,1.1,10,13
base,BAC009S0769W0383,3,1.1,1.1,10,12
lca,BAC009S0769W0383,1,4.6,4.6,10,46
lca,BAC009S0769W0383,2,2.6,2.6,10,27
lca,BAC009S0769W0383,3,0.6,0.2,10,10
base,BAC009S0770W0160,1,1.0,1.0,15,0
base,BAC009S0770W0160,2,0.3333333333333333,0.65,15,15
base,BAC009S0770W0160,3,0.6666666666666666,0.15,15,19
lca,BAC009S0770W0160,1,1.2666666666666666,1.0,15,19
lca,BAC009S0770W0160,2,0.4666666666666667,0.35,15,17
lca,BAC009S0770W0160,3,0.5333333333333333,0.15,15,17
base,BAC009S0901W0252,1,3.9,3.9,10,39
base,BAC009S0901W0252,2,0.6,0.6,10,10
base,BAC009S0901W0252,3,0.4,0.4,10,12
lca,BAC009S0901W0252,1,1.1,1.1,10,11
lca,BAC009S0901W0252,2,0.0,0.0,10,10
lca,BAC009S0901W0252,3,0.0,0.0,10,10
base,BAC009S0902W0177,1,1.0416666666666667,1.0416666666666667,24,29
base,BAC009S0902W0177,2,0.25,0.25,24,24
base,BAC009S0902W0177,3,0.25,0.25,24,24
lca,BAC009S0902W0177,1,1.0,1.0,24,24
lca,BAC009S0902W0177,2,0.08333333333333333,0.08333333333333333,24,24
lca,BAC009S0902W0177,3,0.4166666666666667,0.4166666666666667,24,24
base,BAC009S0903W0141,1,1.7692307692307692,1.9166666666666667,13,23
base,BAC009S0903W0141,2,0.6923076923076923,0.8333333333333334,13,14
base,BAC009S0903W0141,3,2.3846153846153846,2.5833333333333335,13,31
lca,BAC009S0903W0141,1,1.6923076923076923,1.8333333333333333,13,22
lca,BAC009S0903W0141,2,0.6923076923076923,0.8333333333333334,13,14
lca,BAC009S0903W0141,3,0.5384615384615384,0.5833333333333334,13,12
base,BAC009S0904W0220,1,1.6666666666666667,1.4285714285714286,12,20
base,BAC009S0904W0220,2,1.0833333333333333,1.0,12,13
base,BAC009S0904W0220,3,1.6666666666666667,1.4285714285714286,12,20
lca,BAC009S0904W0220,1,1.6666666666666667,1.4285714285714286,12,20
lca,BAC009S0904W0220,2,0.8333333333333334,0.7142857142857143,12,12
lca,BAC009S0904W0220,3,0.8333333333333334,0.5714285714285714,12,12
base,BAC009S0905W0167,1,1.4705882352941178,1.3157894736842106,17,25
base,BAC009S0905W0167,2,0.6470588235294118,0.3684210526315789,17,19
base,BAC009S0905W0167,3,0.17647058823529413,0.3684210526315789,17,17
lca,BAC009S0905W0167,1,1.1764705882352942,1.105263157894737,17,21
lca,BAC009S0905W0167,2,0.4117647058823529,0.5789473684210527,17,17
lca,BAC009S0905W0167,3,0.29411764705882354,0.47368421052631576,17,17
base,BAC009S0906W0353,1,3.6363636363636362,4.0,11,40
base,BAC009S0906W0353,2,0.9090909090909091,1.0,11,11
base,BAC009S0906W0353,3,0.8181818181818182,0.5,11,10
lca,BAC009S0906W0353,1,2.8181818181818183,3.1,11,31
lca,BAC009S0906W0353,2,2.8181818181818183,3.1,11,31
lca,BAC009S0906W0353,3,0.6363636363636364,0.3,11,10
base,BAC009S0907W0336,1,1.6666666666666667,1.411764705882353,15,25
base,BAC009S0907W0336,2,0.5333333333333333,0.5882352941176471,15,15
base,BAC009S0907W0336,3,0.6,0.35294117647058826,15,17
lca,BAC009S0907W0336,1,3.933333333333333,3.4705882352941178,15,61
lca,BAC009S0907W0336,2,0.8666666666666667,0.6470588235294118,15,18
lca,BAC009S0907W0336,3,0.6666666666666666,0.47058823529411764,15,16
base,BAC009S0908W0317,1,1.0,1.0,13,0
base,BAC009S0908W0317,2,0.5384615384615384,0.46153846153846156,13,13
base,BAC009S0908W0317,3,0.07692307692307693,0.0,13,13
lca,BAC009S0908W0317,1,0.6153846153846154,0.6923076923076923,13,13
lca,BAC009S0908W0317,2,0.23076923076923078,0.15384615384615385,13,13
lca,BAC009S0908W0317,3,0.46153846153846156,0.38461538461538464,13,13
base,BAC009S0912W0385,1,1.0,1.0,18,17
base,BAC009S0912W0385,2,0.16666666666666666,0.16666666666666666,18,18
base,BAC009S0912W0385,3,0.0,0.1111111111111111,18,18
lca,BAC009S0912W0385,1,2.611111111111111,2.611111111111111,18,47
lca,BAC009S0912W0385,2,0.16666666666666666,0.16666666666666666,18,18
lca,BAC009S0912W0385,3,0.0,0.1111111111111111,18,18
base,BAC009S0913W0439,1,1.0,1.0,9,3
base,BAC009S0913W0439,2,7.0,7.0,9,63
base,BAC009S0913W0439,3,1.2222222222222223,1.2222222222222223,9,11
lca,BAC009S0913W0439,1,1.0,1.0,9,0
lca,BAC009S0913W0439,2,2.0,2.0,9,18
lca,BAC009S0913W0439,3,2.0,2.0,9,18
base,BAC009S0914W0335,1,1.0909090909090908,1.1818181818181819,11,13
base,BAC009S0914W0335,2,1.0,1.0,11,8
base,BAC009S0914W0335,3,0.9090909090909091,0.9090909090909091,11,12
lca,BAC009S0914W0335,1,1.8181818181818181,1.9090909090909092,11,21
lca,BAC009S0914W0335,2,0.8181818181818182,0.8181818181818182,11,12
lca,BAC009S0914W0335,3,0.9090909090909091,0.9090909090909091,11,11
base,BAC009S0915W0450,1,1.0,1.0,20,18
base,BAC009S0915W0450,2,0.4,0.13636363636363635,20,23
base,BAC009S0915W0450,3,0.4,0.4090909090909091,20,21
lca,BAC009S0915W0450,1,1.15,1.0454545454545454,20,23
lca,BAC009S0915W0450,2,0.5,0.2727272727272727,20,22
lca,BAC009S0915W0450,3,0.7,0.5,20,22
base,BAC009S0916W0459,1,1.0,1.0,13,8
base,BAC009S0916W0459,2,1.1538461538461537,1.1538461538461537,13,18
base,BAC009S0916W0459,3,0.46153846153846156,0.46153846153846156,13,11
lca,BAC009S0916W0459,1,1.1538461538461537,1.1538461538461537,13,15
lca,BAC009S0916W0459,2,0.7692307692307693,0.7692307692307693,13,13
lca,BAC009S0916W0459,3,0.46153846153846156,0.46153846153846156,13,13
base,BAC009S0764W0253,1,1.3846153846153846,1.3846153846153846,13,18
base,BAC009S0764W0253,2,0.5384615384615384,0.5384615384615384,13,13
base,BAC009S0764W0253,3,0.5384615384615384,0.5384615384615384,13,14
lca,BAC009S0764W0253,1,1.0769230769230769,1.0769230769230769,13,14
lca,BAC009S0764W0253,2,0.3076923076923077,0.3076923076923077,13,13
lca,BAC009S0764W0253,3,0.07692307692307693,0.07692307692307693,13,13
base,BAC009S0765W0388,1,1.4615384615384615,1.4615384615384615,13,19
base,BAC009S0765W0388,2,0.5384615384615384,0.5384615384615384,13,13
base,BAC009S0765W0388,3,0.46153846153846156,0.46153846153846156,13,13
lca,BAC009S0765W0388,1,1.0,1.0,13,13
lca,BAC009S0765W0388,2,0.38461538461538464,0.5384615384615384,13,13
lca,BAC009S0765W0388,3,0.3076923076923077,0.46153846153846156,13,13
base,BAC009S0766W0417,1,1.0,1.0,17,0
base,BAC009S0766W0417,2,5.588235294117647,5.0,17,96
base,BAC009S0766W0417,3,0.4117647058823529,0.47368421052631576,17,16
lca,BAC009S0766W0417,1,1.0588235294117647,1.0,17,18
lca,BAC009S0766W0417,2,0.5294117647058824,0.5263157894736842,17,17
lca,BAC009S0766W0417,3,0.29411764705882354,0.2631578947368421,17,17
base,BAC009S0767W0289,1,1.0,0.9090909090909091,10,10
base,BAC009S0767W0289,2,0.4,0.7272727272727273,10,11
base,BAC009S0767W0289,3,0.2,0.6363636363636364,10,10
lca,BAC009S0767W0289,1,0.7,0.7272727272727273,10,10
lca,BAC009S0767W0289,2,0.4,0.8181818181818182,10,10
lca,BAC009S0767W0289,3,0.6,0.2727272727272727,10,10
base,BAC009S0768W0454,1,1.8,1.8,10,18
base,BAC009S0768W0454,2,1.1,1.1,10,14
base,BAC009S0768W0454,3,0.2,0.2,10,10
lca,BAC009S0768W0454,1,4.1,4.1,10,41
lca,BAC009S0768W0454,2,1.0,1.0,10,4
lca,BAC009S0768W0454,3,0.1,0.1,10,10
base,BAC009S0769W0377,1,2.857142857142857,2.6666666666666665,14,40
base,BAC009S0769W0377,2,1.7857142857142858,1.6666666666666667,14,27
base,BAC009S0769W0377,3,1.0714285714285714,1.0,14,16
lca,BAC009S0769W0377,1,1.0,1.0,14,9
lca,BAC009S0769W0377,2,0.6428571428571429,0.6,14,14
lca,BAC009S0769W0377,3,0.42857142857142855,0.13333333333333333,14,14
base,BAC009S0770W0282,1,0.6153846153846154,0.6153846153846154,13,13
base,BAC009S0770W0282,2,0.0,0.0,13,13
base,BAC009S0770W0282,3,0.0,0.0,13,13
lca,BAC009S0770W0282,1,1.8461538461538463,1.8461538461538463,13,24
lca,BAC009S0770W0282,2,0.38461538461538464,0.38461538461538464,13,14
lca,BAC009S0770W0282,3,0.0,0.0,13,13
base,BAC009S0901W0348,1,3.4,3.4,10,35
base,BAC009S0901W0348,2,1.5,1.5,10,15
base,BAC009S0901W0348,3,0.6,0.6,10,10
lca,BAC009S0901W0348,1,1.5,1.5,10,15
lca,BAC009S0901W0348,2,1.3,1.3,10,14
lca,BAC009S0901W0348,3,0.5,0.4,10,10
base,BAC009S0902W0292,1,1.3,1.3,10,13
base,BAC009S0902W0292,2,1.0,1.0,10,10
base,BAC009S0902W0292,3,0.4,0.4,10,10
lca,BAC009S0902W0292,1,1.0,1.0,10,3
lca,BAC009S0902W0292,2,0.9,0.9,10,10
lca,BAC009S0902W0292,3,0.3,0.3,10,10
base,BAC009S0903W0411,1,1.0,1.05,21,21
base,BAC009S0903W0411,2,0.6666666666666666,0.35,21,20
base,BAC009S0903W0411,3,0.7619047619047619,0.35,21,22
lca,BAC009S0903W0411,1,1.1428571428571428,1.2,21,24
lca,BAC009S0903W0411,2,2.142857142857143,2.25,21,45
lca,BAC009S0903W0411,3,0.5238095238095238,0.05,21,20
base,BAC009S0904W0244,1,1.0,1.0,17,0
base,BAC009S0904W0244,2,1.0588235294117647,1.0588235294117647,17,18
base,BAC009S0904W0244,3,0.8823529411764706,0.8823529411764706,17,18
lca,BAC009S0904W0244,1,1.0,1.0,17,3
lca,BAC009S0904W0244,2,1.2941176470588236,1.2941176470588236,17,22
lca,BAC009S0904W0244,3,0.7647058823529411,0.7647058823529411,17,17
base,BAC009S0905W0485,1,1.0,1.0,18,13
base,BAC009S0905W0485,2,0.6111111111111112,0.8947368421052632,18,18
base,BAC009S0905W0485,3,0.9444444444444444,0.5789473684210527,18,20
lca,BAC009S0905W0485,1,2.7777777777777777,2.6315789473684212,18,50
lca,BAC009S0905W0485,2,0.8333333333333334,1.0,18,21
lca,BAC009S0905W0485,3,0.8888888888888888,0.5263157894736842,18,19
base,BAC009S0906W0415,1,1.0,0.9230769230769231,12,8
base,BAC009S0906W0415,2,1.25,1.1538461538461537,12,15
base,BAC009S0906W0415,3,0.5833333333333334,0.5384615384615384,12,11
lca,BAC009S0906W0415,1,3.0833333333333335,2.8461538461538463,12,37
lca,BAC009S0906W0415,2,1.0,1.0,12,5
lca,BAC009S0906W0415,3,4.0,3.6153846153846154,12,51
base,BAC009S0907W0232,1,2.5789473684210527,2.5789473684210527,19,49
base,BAC009S0907W0232,2,0.42105263157894735,0.3157894736842105,19,22
base,BAC009S0907W0232,3,0.3157894736842105,0.21052631578947367,19,22
lca,BAC009S0907W0232,1,1.0,1.0,19,14
lca,BAC009S0907W0232,2,0.21052631578947367,0.10526315789473684,19,19
lca,BAC009S0907W0232,3,0.15789473684210525,0.05263157894736842,19,19
base,BAC009S0908W0344,1,0.8888888888888888,0.9,9,8
base,BAC009S0908W0344,2,0.8888888888888888,0.6,9,11
base,BAC009S0908W0344,3,0.8888888888888888,0.7,9,10
lca,BAC009S0908W0344,1,1.0,1.0,9,9
lca,BAC009S0908W0344,2,1.0,0.8,9,9
lca,BAC009S0908W0344,3,1.1111111111111112,0.9,9,10
base,BAC009S0912W0241,1,1.4444444444444444,1.4444444444444444,18,26
base,BAC009S0912W0241,2,0.05555555555555555,0.05555555555555555,18,18
base,BAC009S0912W0241,3,0.05555555555555555,0.05555555555555555,18,18
lca,BAC009S0912W0241,1,1.0,1.0,18,16
lca,BAC009S0912W0241,2,0.5,0.5,18,18
lca,BAC009S0912W0241,3,0.6111111111111112,0.6111111111111112,18,20
base,BAC009S0913W0416,1,1.0,1.0,7,3
base,BAC009S0913W0416,2,1.5714285714285714,1.5714285714285714,7,11
base,BAC009S0913W0416,3,1.1428571428571428,1.1428571428571428,7,8
lca,BAC009S0913W0416,1,1.1428571428571428,1.1428571428571428,7,8
lca,BAC009S0913W0416,2,2.7142857142857144,2.7142857142857144,7,19
lca,BAC009S0913W0416,3,0.8571428571428571,0.8571428571428571,7,8
base,BAC009S0914W0277,1,1.0,1.0,12,0
base,BAC009S0914W0277,2,1.0,1.0,12,9
base,BAC009S0914W0277,3,0.75,0.75,12,14
lca,BAC009S0914W0277,1,3.5833333333333335,3.5833333333333335,12,43
lca,BAC009S0914W0277,2,1.5,1.5,12,18
lca,BAC009S0914W0277,3,1.0833333333333333,1.0833333333333333,12,13
base,BAC009S0915W0246,1,1.7692307692307692,1.6428571428571428,13,23
base,BAC009S0915W0246,2,0.7692307692307693,0.7142857142857143,13,17
base,BAC009S0915W0246,3,0.46153846153846156,0.6428571428571429,13,14
lca,BAC009S0915W0246,1,4.384615384615385,4.071428571428571,13,57
lca,BAC009S0915W0246,2,0.6153846153846154,0.5,13,13
lca,BAC009S0915W0246,3,0.23076923076923078,0.5,13,13
base,BAC009S0916W0366,1,1.0,1.0,10,8
base,BAC009S0916W0366,2,0.5,0.5,10,10
base,BAC009S0916W0366,3,0.4,0.4,10,10
lca,BAC009S0916W0366,1,1.0,1.0,10,12
lca,BAC009S0916W0366,2,0.4,0.4,10,10
lca,BAC009S0916W0366,3,0.4,0.4,10,10
base,BAC009S0764W0387,1,1.45,1.380952380952381,20,30
base,BAC009S0764W0387,2,0.2,0.2857142857142857,20,20
base,BAC009S0764W0387,3,0.15,0.23809523809523808,20,20
lca,BAC009S0764W0387,1,1.0,1.0,20,12
lca,BAC009S0764W0387,2,0.4,0.47619047619047616,20,20
lca,BAC009S0764W0387,3,0.3,0.38095238095238093,20,21
base,BAC009S0765W0188,1,3.8461538461538463,3.5714285714285716,13,50
base,BAC009S0765W0188,2,1.0,1.0,13,12
base,BAC009S0765W0188,3,2.923076923076923,2.642857142857143,13,38
lca,BAC009S0765W0188,1,2.3846153846153846,2.2142857142857144,13,31
lca,BAC009S0765W0188,2,4.230769230769231,3.9285714285714284,13,55
lca,BAC009S0765W0188,3,0.8461538461538461,0.8571428571428571,13,14
base,BAC009S0766W0424,1,6.714285714285714,6.714285714285714,7,47
base,BAC009S0766W0424,2,0.5714285714285714,0.5714285714285714,7,7
base,BAC009S0766W0424,3,0.42857142857142855,0.42857142857142855,7,8
lca,BAC009S0766W0424,1,0.8571428571428571,0.8571428571428571,7,5
lca,BAC009S0766W0424,2,0.7142857142857143,0.7142857142857143,7,3
lca,BAC009S0766W0424,3,3.142857142857143,3.142857142857143,7,22
base,BAC009S0767W0189,1,2.3636363636363638,2.0833333333333335,11,26
base,BAC009S0767W0189,2,0.09090909090909091,0.3333333333333333,11,12
base,BAC009S0767W0189,3,0.45454545454545453,0.0,11,12
lca,BAC009S0767W0189,1,1.2727272727272727,1.0833333333333333,11,14
lca,BAC009S0767W0189,2,0.8181818181818182,0.4166666666666667,11,13
lca,BAC009S0767W0189,3,0.45454545454545453,0.0,11,12
base,BAC009S0768W0221,1,0.625,0.7647058823529411,16,18
base,BAC009S0768W0221,2,0.4375,0.47058823529411764,16,12
base,BAC009S0768W0221,3,0.25,0.17647058823529413,16,18
lca,BAC009S0768W0221,1,1.125,1.0588235294117647,16,18
lca,BAC009S0768W0221,2,0.0625,0.11764705882352941,16,15
lca,BAC009S0768W0221,3,0.0625,0.11764705882352941,16,15
base,BAC009S0769W0416,1,1.0,1.0,15,12
base,BAC009S0769W0416,2,0.9333333333333333,0.9333333333333333,15,17
base,BAC009S0769W0416,3,0.8666666666666667,0.8666666666666667,15,16
lca,BAC009S0769W0416,1,1.6666666666666667,1.6666666666666667,15,25
lca,BAC009S0769W0416,2,0.5333333333333333,0.5333333333333333,15,15
lca,BAC009S0769W0416,3,0.4666666666666667,0.4666666666666667,15,15
base,BAC009S0770W0386,1,0.8947368421052632,0.8947368421052632,19,22
base,BAC009S0770W0386,2,0.10526315789473684,0.10526315789473684,19,19
base,BAC009S0770W0386,3,0.10526315789473684,0.10526315789473684,19,19
lca,BAC009S0770W0386,1,0.6842105263157895,0.6842105263157895,19,19
lca,BAC009S0770W0386,2,0.10526315789473684,0.10526315789473684,19,19
lca,BAC009S0770W0386,3,0.0,0.0,19,19
base,BAC009S0901W0340,1,4.5625,3.45,16,73
base,BAC009S0901W0340,2,0.75,0.85,16,19
base,BAC009S0901W0340,3,0.3125,0.65,16,16
lca,BAC009S0901W0340,1,1.0,1.0,16,5
lca,BAC009S0901W0340,2,0.5,0.75,16,16
lca,BAC009S0901W0340,3,0.375,0.7,16,16
base,BAC009S0902W0443,1,3.1818181818181817,3.1818181818181817,11,35
base,BAC009S0902W0443,2,0.6363636363636364,0.6363636363636364,11,13
base,BAC009S0902W0443,3,0.45454545454545453,0.45454545454545453,11,11
lca,BAC009S0902W0443,1,0.9090909090909091,0.9090909090909091,11,12
lca,BAC009S0902W0443,2,0.2727272727272727,0.2727272727272727,11,11
lca,BAC009S0902W0443,3,0.2727272727272727,0.2727272727272727,11,11
base,BAC009S0903W0403,1,0.9230769230769231,0.8461538461538461,13,11
base,BAC009S0903W0403,2,0.46153846153846156,0.46153846153846156,13,13
base,BAC009S0903W0403,3,0.15384615384615385,0.15384615384615385,13,13
lca,BAC009S0903W0403,1,0.9230769230769231,0.9230769230769231,13,4
lca,BAC009S0903W0403,2,0.15384615384615385,0.23076923076923078,13,13
lca,BAC009S0903W0403,3,0.07692307692307693,0.07692307692307693,13,13
base,BAC009S0904W0424,1,1.0,1.0,9,9
base,BAC009S0904W0424,2,0.5555555555555556,0.5555555555555556,9,10
base,BAC009S0904W0424,3,0.5555555555555556,0.5555555555555556,9,10
lca,BAC009S0904W0424,1,0.7777777777777778,0.7777777777777778,9,7
lca,BAC009S0904W0424,2,1.0,1.0,9,9
lca,BAC009S0904W0424,3,0.0,0.0,9,9
base,BAC009S0905W0147,1,1.0,1.0,22,20
base,BAC009S0905W0147,2,1.0,1.0,22,5
base,BAC009S0905W0147,3,0.5,0.2,22,20
lca,BAC009S0905W0147,1,1.3636363636363635,1.5,22,30
lca,BAC009S0905W0147,2,0.7272727272727273,0.55,22,21
lca,BAC009S0905W0147,3,0.6363636363636364,0.45,22,20
base,BAC009S0906W0136,1,1.7142857142857142,1.7142857142857142,21,36
base,BAC009S0906W0136,2,0.3333333333333333,0.3333333333333333,21,21
base,BAC009S0906W0136,3,0.047619047619047616,0.047619047619047616,21,21
lca,BAC009S0906W0136,1,1.7619047619047619,1.7619047619047619,21,38
lca,BAC009S0906W0136,2,0.47619047619047616,0.47619047619047616,21,21
lca,BAC009S0906W0136,3,0.3333333333333333,0.3333333333333333,21,21
base,BAC009S0907W0329,1,1.0588235294117647,1.0588235294117647,17,18
base,BAC009S0907W0329,2,0.35294117647058826,0.35294117647058826,17,17
base,BAC009S0907W0329,3,0.23529411764705882,0.23529411764705882,17,17
lca,BAC009S0907W0329,1,0.6470588235294118,0.6470588235294118,17,17
lca,BAC009S0907W0329,2,0.0,0.0,17,17
lca,BAC009S0907W0329,3,0.0,0.0,17,17
base,BAC009S0908W0183,1,1.0,1.0,14,1
base,BAC009S0908W0183,2,0.6428571428571429,0.6666666666666666,14,14
base,BAC009S0908W0183,3,0.07142857142857142,0.13333333333333333,14,14
lca,BAC009S0908W0183,1,1.0,1.0,14,12
lca,BAC009S0908W0183,2,0.35714285714285715,0.4,14,14
lca,BAC009S0908W0183,3,0.2857142857142857,0.3333333333333333,14,14
base,BAC009S0912W0397,1,2.176470588235294,2.0588235294117645,17,37
base,BAC009S0912W0397,2,1.1176470588235294,1.1176470588235294,17,19
base,BAC009S0912W0397,3,0.7058823529411765,0.5294117647058824,17,20
lca,BAC009S0912W0397,1,1.0588235294117647,0.9411764705882353,17,19
lca,BAC009S0912W0397,2,0.5294117647058824,0.23529411764705882,17,19
lca,BAC009S0912W0397,3,0.4117647058823529,0.23529411764705882,17,18
base,BAC009S0913W0230,1,2.8333333333333335,2.8333333333333335,12,34
base,BAC009S0913W0230,2,1.8333333333333333,1.8333333333333333,12,23
base,BAC009S0913W0230,3,0.4166666666666667,0.4166666666666667,12,12
lca,BAC009S0913W0230,1,1.1666666666666667,1.1666666666666667,12,14
lca,BAC009S0913W0230,2,0.75,0.8333333333333334,12,14
lca,BAC009S0913W0230,3,0.3333333333333333,0.4166666666666667,12,12
base,BAC009S0914W0446,1,1.0,1.0,10,0
base,BAC009S0914W0446,2,1.0,1.0,10,10
base,BAC009S0914W0446,3,0.8,0.7777777777777778,10,9
lca,BAC009S0914W0446,1,1.0,1.0,10,0
lca,BAC009S0914W0446,2,1.0,1.0,10,6
lca,BAC009S0914W0446,3,1.1,1.2222222222222223,10,11
base,BAC009S0915W0126,1,1.0,1.1428571428571428,14,19
base,BAC009S0915W0126,2,0.42857142857142855,0.35714285714285715,14,14
base,BAC009S0915W0126,3,0.2857142857142857,0.21428571428571427,14,14
lca,BAC009S0915W0126,1,1.1428571428571428,1.0714285714285714,14,19
lca,BAC009S0915W0126,2,0.5,0.2857142857142857,14,15
lca,BAC009S0915W0126,3,0.2857142857142857,0.21428571428571427,14,14
base,BAC009S0916W0218,1,1.5263157894736843,1.5263157894736843,19,29
base,BAC009S0916W0218,2,0.42105263157894735,0.42105263157894735,19,20
base,BAC009S0916W0218,3,0.0,0.0,19,19
lca,BAC009S0916W0218,1,3.263157894736842,3.263157894736842,19,62
lca,BAC009S0916W0218,2,0.5263157894736842,0.5263157894736842,19,20
lca,BAC009S0916W0218,3,0.0,0.0,19,19
base,BAC009S0764W0448,1,1.5714285714285714,1.5714285714285714,14,22
base,BAC009S0764W0448,2,1.0714285714285714,1.0,14,17
base,BAC009S0764W0448,3,0.5714285714285714,0.5,14,14
lca,BAC009S0764W0448,1,1.9285714285714286,1.9285714285714286,14,27
lca,BAC009S0764W0448,2,1.0,1.0,14,14
lca,BAC009S0764W0448,3,0.6428571428571429,0.5714285714285714,14,14
base,BAC009S0765W0429,1,8.333333333333334,8.333333333333334,6,50
base,BAC009S0765W0429,2,0.8333333333333334,0.8333333333333334,6,7
base,BAC009S0765W0429,3,1.5,1.5,6,11
lca,BAC009S0765W0429,1,1.3333333333333333,1.3333333333333333,6,8
lca,BAC009S0765W0429,2,0.8333333333333334,0.8333333333333334,6,6
lca,BAC009S0765W0429,3,0.6666666666666666,0.6666666666666666,6,6
base,BAC009S0766W0145,1,1.0,1.0,14,5
base,BAC009S0766W0145,2,0.5714285714285714,0.6,14,16
base,BAC009S0766W0145,3,0.07142857142857142,0.0,14,15
lca,BAC009S0766W0145,1,1.0,1.0,14,10
lca,BAC009S0766W0145,2,0.0,0.06666666666666667,14,14
lca,BAC009S0766W0145,3,0.0,0.06666666666666667,14,14
base,BAC009S0767W0278,1,1.4736842105263157,1.4,19,30
base,BAC009S0767W0278,2,0.05263157894736842,0.1,19,19
base,BAC009S0767W0278,3,0.10526315789473684,0.15,19,20
lca,BAC009S0767W0278,1,2.210526315789474,2.1,19,42
lca,BAC009S0767W0278,2,0.15789473684210525,0.2,19,21
lca,BAC009S0767W0278,3,0.05263157894736842,0.1,19,19
base,BAC009S0768W0467,1,1.9523809523809523,1.8571428571428572,21,41
base,BAC009S0768W0467,2,0.8095238095238095,0.9047619047619048,21,23
base,BAC009S0768W0467,3,0.8571428571428571,0.9523809523809523,21,25
lca,BAC009S0768W0467,1,3.6666666666666665,3.6666666666666665,21,77
lca,BAC009S0768W0467,2,0.47619047619047616,0.5238095238095238,21,21
lca,BAC009S0768W0467,3,0.5714285714285714,0.5714285714285714,21,23
base,BAC009S0769W0438,1,1.0,1.0,21,8
base,BAC009S0769W0438,2,0.6666666666666666,0.6521739130434783,21,23
base,BAC009S0769W0438,3,0.47619047619047616,0.43478260869565216,21,23
lca,BAC009S0769W0438,1,1.0952380952380953,1.0,21,23
lca,BAC009S0769W0438,2,0.6190476190476191,0.4782608695652174,21,23
lca,BAC009S0769W0438,3,0.5238095238095238,0.30434782608695654,21,23
base,BAC009S0770W0195,1,1.0,1.0,12,10
base,BAC009S0770W0195,2,0.08333333333333333,0.08333333333333333,12,12
base,BAC009S0770W0195,3,0.25,0.25,12,12
lca,BAC009S0770W0195,1,1.8333333333333333,1.8333333333333333,12,22
lca,BAC009S0770W0195,2,0.5,0.5,12,10
lca,BAC009S0770W0195,3,0.3333333333333333,0.3333333333333333,12,12
base,BAC009S0901W0361,1,1.8888888888888888,1.8888888888888888,18,35
base,BAC009S0901W0361,2,1.0,1.0,18,7
base,BAC009S0901W0361,3,0.5,0.5555555555555556,18,16
lca,BAC009S0901W0361,1,1.2777777777777777,1.2777777777777777,18,24
lca,BAC009S0901W0361,2,1.0555555555555556,1.0555555555555556,18,26
lca,BAC009S0901W0361,3,0.3888888888888889,0.3333333333333333,18,16
base,BAC009S0902W0342,1,1.0,1.0,17,4
base,BAC009S0902W0342,2,0.11764705882352941,0.11764705882352941,17,16
base,BAC009S0902W0342,3,0.058823529411764705,0.058823529411764705,17,16
lca,BAC009S0902W0342,1,0.47058823529411764,0.47058823529411764,17,18
lca,BAC009S0902W0342,2,0.11764705882352941,0.11764705882352941,17,17
lca,BAC009S0902W0342,3,0.0,0.0,17,17
base,BAC009S0903W0418,1,3.9285714285714284,3.9285714285714284,14,55
base,BAC009S0903W0418,2,1.8571428571428572,1.8571428571428572,14,26
base,BAC009S0903W0418,3,0.5714285714285714,0.7857142857142857,14,14
lca,BAC009S0903W0418,1,2.142857142857143,2.142857142857143,14,30
lca,BAC009S0903W0418,2,1.0,1.0,14,13
lca,BAC009S0903W0418,3,0.9285714285714286,0.9285714285714286,14,8
base,BAC009S0904W0215,1,1.4666666666666666,1.4666666666666666,15,23
base,BAC009S0904W0215,2,0.6666666666666666,0.6666666666666666,15,14
base,BAC009S0904W0215,3,0.7333333333333333,0.7333333333333333,15,16
lca,BAC009S0904W0215,1,1.3333333333333333,1.3333333333333333,15,21
lca,BAC009S0904W0215,2,0.6666666666666666,0.6666666666666666,15,16
lca,BAC009S0904W0215,3,0.3333333333333333,0.3333333333333333,15,15
base,BAC009S0905W0169,1,0.95,0.8636363636363636,20,26
base,BAC009S0905W0169,2,0.3,0.36363636363636365,20,20
base,BAC009S0905W0169,3,0.3,0.36363636363636365,20,21
lca,BAC009S0905W0169,1,1.05,1.0,20,21
lca,BAC009S0905W0169,2,0.2,0.2727272727272727,20,21
lca,BAC009S0905W0169,3,0.25,0.3181818181818182,20,20
base,BAC009S0906W0171,1,1.0,1.0,12,11
base,BAC009S0906W0171,2,2.1666666666666665,2.1666666666666665,12,26
base,BAC009S0906W0171,3,0.4166666666666667,0.0,12,12
lca,BAC009S0906W0171,1,1.0,1.0,12,10
lca,BAC009S0906W0171,2,2.8333333333333335,2.8333333333333335,12,37
lca,BAC009S0906W0171,3,0.5833333333333334,0.16666666666666666,12,12
base,BAC009S0907W0207,1,0.9,0.8,10,10
base,BAC009S0907W0207,2,0.5,0.2,10,10
base,BAC009S0907W0207,3,0.5,0.2,10,10
lca,BAC009S0907W0207,1,1.0,1.0,10,6
lca,BAC009S0907W0207,2,0.5,0.0,10,10
lca,BAC009S0907W0207,3,0.5,0.0,10,10
base,BAC009S0908W0480,1,1.263157894736842,1.0434782608695652,19,24
base,BAC009S0908W0480,2,0.7894736842105263,0.6521739130434783,19,22
base,BAC009S0908W0480,3,0.5789473684210527,0.391304347826087,19,19
lca,BAC009S0908W0480,1,1.4736842105263157,1.2173913043478262,19,28
lca,BAC009S0908W0480,2,0.8947368421052632,0.6521739130434783,19,21
lca,BAC009S0908W0480,3,0.631578947368421,0.43478260869565216,19,19
base,BAC009S0912W0146,1,1.0,1.0,21,15
base,BAC009S0912W0146,2,0.8095238095238095,0.6956521739130435,21,24
base,BAC009S0912W0146,3,0.23809523809523808,0.6956521739130435,21,22
lca,BAC009S0912W0146,1,1.0,0.9565217391304348,21,19
lca,BAC009S0912W0146,2,0.9523809523809523,0.8260869565217391,21,24
lca,BAC009S0912W0146,3,0.9047619047619048,0.391304347826087,21,24
base,BAC009S0913W0178,1,1.0,1.0,10,1
base,BAC009S0913W0178,2,3.2,3.2,10,32
base,BAC009S0913W0178,3,1.1,1.1,10,11
lca,BAC009S0913W0178,1,1.3,1.3,10,13
lca,BAC009S0913W0178,2,2.8,2.8,10,28
lca,BAC009S0913W0178,3,1.0,1.0,10,10
base,BAC009S0914W0371,1,1.0,1.0,16,0
base,BAC009S0914W0371,2,1.1875,1.125,16,21
base,BAC009S0914W0371,3,1.0,1.0,16,12
lca,BAC009S0914W0371,1,2.5,2.5,16,41
lca,BAC009S0914W0371,2,1.0,1.0,16,9
lca,BAC009S0914W0371,3,1.4375,1.4375,16,23
base,BAC009S0915W0308,1,2.7,2.7,10,27
base,BAC009S0915W0308,2,0.7,0.3,10,10
base,BAC009S0915W0308,3,0.7,0.1,10,10
lca,BAC009S0915W0308,1,3.1,3.1,10,31
lca,BAC009S0915W0308,2,3.9,3.9,10,39
lca,BAC009S0915W0308,3,0.8,0.2,10,10
base,BAC009S0916W0299,1,1.25,1.25,12,15
base,BAC009S0916W0299,2,0.08333333333333333,0.08333333333333333,12,12
base,BAC009S0916W0299,3,0.08333333333333333,0.08333333333333333,12,12
lca,BAC009S0916W0299,1,0.08333333333333333,0.08333333333333333,12,12
lca,BAC009S0916W0299,2,0.0,0.0,12,12
lca,BAC009S0916W0299,3,0.0,0.0,12,12
base,BAC009S0764W0376,1,1.1111111111111112,1.1111111111111112,9,10
base,BAC009S0764W0376,2,0.4444444444444444,0.4444444444444444,9,10
base,BAC009S0764W0376,3,0.7777777777777778,0.7777777777777778,9,9
lca,BAC009S0764W0376,1,1.6666666666666667,1.6666666666666667,9,16
lca,BAC009S0764W0376,2,0.5555555555555556,0.5555555555555556,9,9
lca,BAC009S0764W0376,3,0.7777777777777778,0.7777777777777778,9,9
base,BAC009S0765W0380,1,1.0,1.0,20,0
base,BAC009S0765W0380,2,0.75,0.34782608695652173,20,24
base,BAC009S0765W0380,3,1.0,0.5652173913043478,20,26
lca,BAC009S0765W0380,1,1.15,1.0,20,25
lca,BAC009S0765W0380,2,0.95,0.6086956521739131,20,23
lca,BAC009S0765W0380,3,0.6,0.21739130434782608,20,23
base,BAC009S0766W0446,1,1.0,1.0,20,0
base,BAC009S0766W0446,2,1.05,0.9090909090909091,20,24
base,BAC009S0766W0446,3,0.6,0.5909090909090909,20,21
lca,BAC009S0766W0446,1,0.85,0.8181818181818182,20,22
lca,BAC009S0766W0446,2,0.45,0.5,20,20
lca,BAC009S0766W0446,3,0.55,0.5454545454545454,20,21
base,BAC009S0767W0372,1,1.0,1.0,9,9
base,BAC009S0767W0372,2,0.8888888888888888,1.0,9,10
base,BAC009S0767W0372,3,0.3333333333333333,0.2222222222222222,9,9
lca,BAC009S0767W0372,1,1.5555555555555556,1.5555555555555556,9,14
lca,BAC009S0767W0372,2,0.5555555555555556,0.4444444444444444,9,9
lca,BAC009S0767W0372,3,0.3333333333333333,0.1111111111111111,9,9
base,BAC009S0768W0365,1,1.0,1.0,21,0
base,BAC009S0768W0365,2,0.38095238095238093,0.19047619047619047,21,20
base,BAC009S0768W0365,3,0.47619047619047616,0.2857142857142857,21,22
lca,BAC009S0768W0365,1,1.619047619047619,1.619047619047619,21,35
lca,BAC009S0768W0365,2,0.47619047619047616,0.2857142857142857,21,22
lca,BAC009S0768W0365,3,0.3333333333333333,0.14285714285714285,21,21
base,BAC009S0769W0297,1,1.4615384615384615,1.4615384615384615,13,19
base,BAC009S0769W0297,2,1.5384615384615385,1.5384615384615385,13,20
base,BAC009S0769W0297,3,0.6923076923076923,0.6923076923076923,13,13
lca,BAC009S0769W0297,1,2.0,2.0,13,26
lca,BAC009S0769W0297,2,0.6923076923076923,0.6923076923076923,13,13
lca,BAC009S0769W0297,3,0.15384615384615385,0.15384615384615385,13,13
base,BAC009S0770W0455,1,1.2666666666666666,1.1875,15,19
base,BAC009S0770W0455,2,0.4,0.4375,15,15
base,BAC009S0770W0455,3,0.6,0.5,15,16
lca,BAC009S0770W0455,1,1.0,1.0,15,0
lca,BAC009S0770W0455,2,0.4,0.4375,15,15
lca,BAC009S0770W0455,3,0.3333333333333333,0.375,15,15
base,BAC009S0901W0237,1,1.0,1.0,13,11
base,BAC009S0901W0237,2,1.3846153846153846,1.5,13,18
base,BAC009S0901W0237,3,0.6923076923076923,0.6666666666666666,13,12
lca,BAC009S0901W0237,1,1.1538461538461537,1.25,13,15
lca,BAC009S0901W0237,2,1.4615384615384615,1.5833333333333333,13,19
lca,BAC009S0901W0237,3,0.6153846153846154,0.6666666666666666,13,14
base,BAC009S0902W0308,1,1.25,1.4210526315789473,20,29
base,BAC009S0902W0308,2,0.15,0.47368421052631576,20,19
base,BAC009S0902W0308,3,0.4,0.15789473684210525,20,19
lca,BAC009S0902W0308,1,1.0,1.0,20,11
lca,BAC009S0902W0308,2,0.75,0.5263157894736842,20,18
lca,BAC009S0902W0308,3,0.5,0.2631578947368421,20,18
base,BAC009S0903W0359,1,1.0,1.0,10,10
base,BAC009S0903W0359,2,0.7,0.7,10,10
base,BAC009S0903W0359,3,0.3,0.3,10,10
lca,BAC009S0903W0359,1,1.3,1.3,10,13
lca,BAC009S0903W0359,2,0.5,0.5,10,11
lca,BAC009S0903W0359,3,0.2,0.2,10,10
base,BAC009S0904W0208,1,1.0,1.0,20,9
base,BAC009S0904W0208,2,1.0,1.0,20,12
base,BAC009S0904W0208,3,0.5,0.5,20,21
lca,BAC009S0904W0208,1,1.0,1.0,20,6
lca,BAC009S0904W0208,2,3.8,3.8,20,76
lca,BAC009S0904W0208,3,0.35,0.35,20,21
base,BAC009S0905W0325,1,1.25,1.25,12,15
base,BAC009S0905W0325,2,0.3333333333333333,0.3333333333333333,12,13
base,BAC009S0905W0325,3,0.3333333333333333,0.3333333333333333,12,12
lca,BAC009S0905W0325,1,2.0833333333333335,2.0833333333333335,12,25
lca,BAC009S0905W0325,2,0.4166666666666667,0.4166666666666667,12,12
lca,BAC009S0905W0325,3,0.3333333333333333,0.3333333333333333,12,12
base,BAC009S0906W0144,1,1.1111111111111112,1.1111111111111112,18,20
base,BAC009S0906W0144,2,0.9444444444444444,0.8888888888888888,18,21
base,BAC009S0906W0144,3,0.6666666666666666,0.5555555555555556,18,20
lca,BAC009S0906W0144,1,1.1111111111111112,1.1111111111111112,18,20
lca,BAC009S0906W0144,2,0.6666666666666666,0.5555555555555556,18,19
lca,BAC009S0906W0144,3,0.6111111111111112,0.5,18,18
base,BAC009S0907W0223,1,1.0,1.0,12,0
base,BAC009S0907W0223,2,0.5833333333333334,0.5833333333333334,12,14
base,BAC009S0907W0223,3,0.5833333333333334,0.5833333333333334,12,13
lca,BAC009S0907W0223,1,0.5833333333333334,0.5833333333333334,12,10
lca,BAC009S0907W0223,2,0.4166666666666667,0.4166666666666667,12,12
lca,BAC009S0907W0223,3,0.5,0.5,12,14
base,BAC009S0908W0309,1,2.0,2.0,18,36
base,BAC009S0908W0309,2,0.9444444444444444,0.8333333333333334,18,25
base,BAC009S0908W0309,3,0.3888888888888889,0.2222222222222222,18,18
lca,BAC009S0908W0309,1,1.0,1.0,18,4
lca,BAC009S0908W0309,2,0.6666666666666666,0.6111111111111112,18,18
lca,BAC009S0908W0309,3,0.3888888888888889,0.2222222222222222,18,19
base,BAC009S0912W0163,1,1.0,1.0,9,9
base,BAC009S0912W0163,2,0.5555555555555556,0.5555555555555556,9,10
base,BAC009S0912W0163,3,0.5555555555555556,0.5555555555555556,9,10
lca,BAC009S0912W0163,1,1.2222222222222223,1.2222222222222223,9,13
lca,BAC009S0912W0163,2,0.4444444444444444,0.3333333333333333,9,10
lca,BAC009S0912W0163,3,0.3333333333333333,0.3333333333333333,9,10
base,BAC009S0913W0259,1,1.0,1.0,9,6
base,BAC009S0913W0259,2,1.6666666666666667,1.6666666666666667,9,15
base,BAC009S0913W0259,3,3.5555555555555554,3.5555555555555554,9,32
lca,BAC009S0913W0259,1,1.2222222222222223,1.2222222222222223,9,11
lca,BAC009S0913W0259,2,1.3333333333333333,1.3333333333333333,9,12
lca,BAC009S0913W0259,3,0.8888888888888888,0.8888888888888888,9,11
base,BAC009S0914W0347,1,1.8,1.5,10,18
base,BAC009S0914W0347,2,1.2,1.0,10,12
base,BAC009S0914W0347,3,2.2,1.8333333333333333,10,22
lca,BAC009S0914W0347,1,2.3,1.9166666666666667,10,23
lca,BAC009S0914W0347,2,1.7,1.4166666666666667,10,17
lca,BAC009S0914W0347,3,1.9,1.5833333333333333,10,19
base,BAC009S0915W0180,1,0.9583333333333334,0.96,24,10
base,BAC009S0915W0180,2,0.875,0.56,24,27
base,BAC009S0915W0180,3,0.75,0.52,24,22
lca,BAC009S0915W0180,1,1.4166666666666667,1.36,24,34
lca,BAC009S0915W0180,2,0.8333333333333334,0.36,24,25
lca,BAC009S0915W0180,3,0.5416666666666666,0.04,24,25
base,BAC009S0916W0221,1,1.0,1.0,12,12
base,BAC009S0916W0221,2,0.16666666666666666,0.16666666666666666,12,12
base,BAC009S0916W0221,3,0.4166666666666667,0.4166666666666667,12,11
lca,BAC009S0916W0221,1,1.5,1.5,12,19
lca,BAC009S0916W0221,2,0.6666666666666666,0.6666666666666666,12,12
lca,BAC009S0916W0221,3,0.16666666666666666,0.16666666666666666,12,12
base,BAC009S0764W0155,1,1.3,1.3,10,14
base,BAC009S0764W0155,2,0.7,0.7,10,10
base,BAC009S0764W0155,3,0.7,0.7,10,10
lca,BAC009S0764W0155,1,1.1,1.1,10,11
lca,BAC009S0764W0155,2,0.8,0.8,10,10
lca,BAC009S0764W0155,3,0.2,0.2,10,10
base,BAC009S0765W0167,1,1.0,1.0,20,9
base,BAC009S0765W0167,2,0.25,0.25,20,21
base,BAC009S0765W0167,3,0.1,0.1,20,20
lca,BAC009S0765W0167,1,2.0,2.0,20,40
lca,BAC009S0765W0167,2,0.3,0.3,20,20
lca,BAC009S0765W0167,3,0.05,0.05,20,20
base,BAC009S0766W0148,1,2.1,2.1,10,22
base,BAC009S0766W0148,2,0.9,0.9,10,13
base,BAC009S0766W0148,3,0.4,0.4,10,10
lca,BAC009S0766W0148,1,1.5,1.5,10,15
lca,BAC009S0766W0148,2,1.0,1.0,10,11
lca,BAC009S0766W0148,3,0.2,0.0,10,10
base,BAC009S0767W0160,1,2.25,1.9285714285714286,12,27
base,BAC009S0767W0160,2,0.3333333333333333,0.21428571428571427,12,13
base,BAC009S0767W0160,3,0.16666666666666666,0.07142857142857142,12,13
lca,BAC009S0767W0160,1,1.0,1.0,12,11
lca,BAC009S0767W0160,2,0.16666666666666666,0.07142857142857142,12,13
lca,BAC009S0767W0160,3,0.16666666666666666,0.07142857142857142,12,13
base,BAC009S0768W0286,1,1.5,1.65,22,33
base,BAC009S0768W0286,2,0.7272727272727273,0.8,22,21
base,BAC009S0768W0286,3,0.6363636363636364,0.75,22,25
lca,BAC009S0768W0286,1,1.1818181818181819,1.3,22,26
lca,BAC009S0768W0286,2,0.8181818181818182,0.85,22,25
lca,BAC009S0768W0286,3,0.7272727272727273,0.7,22,22
base,BAC009S0769W0139,1,1.7142857142857142,1.7142857142857142,7,12
base,BAC009S0769W0139,2,0.14285714285714285,0.14285714285714285,7,7
base,BAC009S0769W0139,3,0.0,0.0,7,7
lca,BAC009S0769W0139,1,1.2857142857142858,1.2857142857142858,7,9
lca,BAC009S0769W0139,2,0.5714285714285714,0.5714285714285714,7,8
lca,BAC009S0769W0139,3,1.0,1.0,7,9
base,BAC009S0770W0239,1,1.2222222222222223,1.2,9,12
base,BAC009S0770W0239,2,0.4444444444444444,0.3,9,9
base,BAC009S0770W0239,3,0.4444444444444444,0.5,9,9
lca,BAC009S0770W0239,1,1.1111111111111112,1.1,9,12
lca,BAC009S0770W0239,2,0.1111111111111111,0.4,9,9
lca,BAC009S0770W0239,3,0.2222222222222222,0.1,9,9
base,BAC009S0901W0425,1,0.8571428571428571,0.8571428571428571,7,7
base,BAC009S0901W0425,2,0.5714285714285714,0.42857142857142855,7,7
base,BAC009S0901W0425,3,0.5714285714285714,0.42857142857142855,7,7
lca,BAC009S0901W0425,1,0.7142857142857143,0.7142857142857143,7,7
lca,BAC009S0901W0425,2,0.2857142857142857,0.5714285714285714,7,7
lca,BAC009S0901W0425,3,0.2857142857142857,0.2857142857142857,7,7
base,BAC009S0902W0479,1,0.8947368421052632,0.8947368421052632,19,17
base,BAC009S0902W0479,2,0.21052631578947367,0.21052631578947367,19,19
base,BAC009S0902W0479,3,0.05263157894736842,0.05263157894736842,19,19
lca,BAC009S0902W0479,1,1.631578947368421,1.631578947368421,19,31
lca,BAC009S0902W0479,2,0.0,0.0,19,19
lca,BAC009S0902W0479,3,0.21052631578947367,0.21052631578947367,19,19
base,BAC009S0903W0162,1,1.2307692307692308,1.2307692307692308,13,16
base,BAC009S0903W0162,2,0.6923076923076923,0.6923076923076923,13,13
base,BAC009S0903W0162,3,2.6153846153846154,2.6153846153846154,13,34
lca,BAC009S0903W0162,1,1.0769230769230769,1.0769230769230769,13,14
lca,BAC009S0903W0162,2,0.5384615384615384,0.5384615384615384,13,13
lca,BAC009S0903W0162,3,0.38461538461538464,0.38461538461538464,13,12
base,BAC009S0904W0254,1,1.0625,1.0625,16,19
base,BAC009S0904W0254,2,1.125,1.125,16,18
base,BAC009S0904W0254,3,0.3125,0.3125,16,16
lca,BAC009S0904W0254,1,1.0,1.0,16,0
lca,BAC009S0904W0254,2,0.25,0.25,16,16
lca,BAC009S0904W0254,3,0.125,0.125,16,16
base,BAC009S0905W0331,1,1.7777777777777777,1.7777777777777777,9,16
base,BAC009S0905W0331,2,1.3333333333333333,1.3333333333333333,9,12
base,BAC009S0905W0331,3,0.5555555555555556,0.6666666666666666,9,9
lca,BAC009S0905W0331,1,1.0,1.0,9,4
lca,BAC009S0905W0331,2,1.0,1.0,9,6
lca,BAC009S0905W0331,3,1.0,1.0,9,8
base,BAC009S0906W0404,1,1.2777777777777777,1.15,18,23
base,BAC009S0906W0404,2,0.7777777777777778,0.8,18,19
base,BAC009S0906W0404,3,0.5555555555555556,0.6,18,20
lca,BAC009S0906W0404,1,2.0,1.8,18,36
lca,BAC009S0906W0404,2,1.1111111111111112,1.1,18,22
lca,BAC009S0906W0404,3,0.6666666666666666,0.7,18,19
base,BAC009S0907W0339,1,0.7894736842105263,0.7894736842105263,19,21
base,BAC009S0907W0339,2,0.42105263157894735,0.42105263157894735,19,19
base,BAC009S0907W0339,3,0.21052631578947367,0.10526315789473684,19,19
lca,BAC009S0907W0339,1,0.8947368421052632,0.8947368421052632,19,18
lca,BAC009S0907W0339,2,0.5789473684210527,0.631578947368421,19,19
lca,BAC009S0907W0339,3,0.47368421052631576,0.47368421052631576,19,19
base,BAC009S0908W0488,1,1.0,1.0,21,12
base,BAC009S0908W0488,2,0.47619047619047616,0.4782608695652174,21,22
base,BAC009S0908W0488,3,0.47619047619047616,0.5217391304347826,21,22
lca,BAC009S0908W0488,1,1.0,1.0,21,0
lca,BAC009S0908W0488,2,0.42857142857142855,0.4782608695652174,21,22
lca,BAC009S0908W0488,3,0.2857142857142857,0.34782608695652173,21,21
base,BAC009S0912W0313,1,0.5294117647058824,0.4117647058823529,17,17
base,BAC009S0912W0313,2,0.35294117647058826,0.23529411764705882,17,18
base,BAC009S0912W0313,3,0.23529411764705882,0.35294117647058826,17,18
lca,BAC009S0912W0313,1,0.8235294117647058,0.8235294117647058,17,16
lca,BAC009S0912W0313,2,0.29411764705882354,0.17647058823529413,17,17
lca,BAC009S0912W0313,3,0.4117647058823529,0.29411764705882354,17,17
base,BAC009S0913W0345,1,3.25,3.25,12,39
base,BAC009S0913W0345,2,0.9166666666666666,0.9166666666666666,12,14
base,BAC009S0913W0345,3,0.8333333333333334,0.8333333333333334,12,13
lca,BAC009S0913W0345,1,1.0,1.0,12,11
lca,BAC009S0913W0345,2,0.9166666666666666,0.9166666666666666,12,13
lca,BAC009S0913W0345,3,1.1666666666666667,1.1666666666666667,12,14
base,BAC009S0914W0367,1,1.2666666666666666,1.1176470588235294,15,19
base,BAC009S0914W0367,2,1.0,1.0,15,15
base,BAC009S0914W0367,3,0.6666666666666666,0.6470588235294118,15,16
lca,BAC009S0914W0367,1,1.0,1.0,15,10
lca,BAC009S0914W0367,2,0.8,0.47058823529411764,15,17
lca,BAC009S0914W0367,3,0.6666666666666666,0.6470588235294118,15,15
base,BAC009S0915W0432,1,2.3684210526315788,2.25,19,45
base,BAC009S0915W0432,2,0.47368421052631576,0.45,19,19
base,BAC009S0915W0432,3,0.2631578947368421,0.2,19,19
lca,BAC009S0915W0432,1,1.0,0.95,19,2
lca,BAC009S0915W0432,2,0.47368421052631576,0.55,19,18
lca,BAC009S0915W0432,3,0.2631578947368421,0.05,19,19
base,BAC009S0916W0250,1,0.8636363636363636,0.782608695652174,22,25
base,BAC009S0916W0250,2,0.13636363636363635,0.08695652173913043,22,23
base,BAC009S0916W0250,3,0.045454545454545456,0.08695652173913043,22,22
lca,BAC009S0916W0250,1,0.9545454545454546,0.9565217391304348,22,10
lca,BAC009S0916W0250,2,0.5454545454545454,0.5652173913043478,22,22
lca,BAC009S0916W0250,3,0.045454545454545456,0.08695652173913043,22,22
